game_id,season,week,home_team,away_team,game_time,home_score,away_score,point_differential,total_points,home_won,is_home,week_number,is_divisional,home_off_epa,home_def_epa,away_off_epa,away_def_epa,epa_differential,home_off_success_rate,away_off_success_rate,home_redzone_td_pct,away_redzone_td_pct,home_third_down_pct,away_third_down_pct,home_games_played,away_games_played,stadium,is_outdoor
2016_01_CAR_DEN,2016,1,DEN,CAR,2016-09-08T00:00:00,21,20,1,41,1,1,1,0,0.0,0.0,0.0,0.0,0.0,0.0,0.0,0.0,0.0,0.0,0.0,0,0,DEN Stadium,1
2016_01_TB_ATL,2016,1,ATL,TB,2016-09-11T00:00:00,24,31,-7,55,0,1,1,1,0.0,0.0,0.0,0.0,0.0,0.0,0.0,0.0,0.0,0.0,0.0,0,0,ATL Stadium,0
2016_01_BUF_BAL,2016,1,BAL,BUF,2016-09-11T00:00:00,13,7,6,20,1,1,1,0,0.0,0.0,0.0,0.0,0.0,0.0,0.0,0.0,0.0,0.0,0.0,0,0,BAL Stadium,1
2016_01_CHI_HOU,2016,1,HOU,CHI,2016-09-11T00:00:00,23,14,9,37,1,1,1,0,0.0,0.0,0.0,0.0,0.0,0.0,0.0,0.0,0.0,0.0,0.0,0,0,HOU Stadium,0
2016_01_GB_JAX,2016,1,JAX,GB,2016-09-11T00:00:00,23,27,-4,50,0,1,1,0,0.0,0.0,0.0,0.0,0.0,0.0,0.0,0.0,0.0,0.0,0.0,0,0,JAX Stadium,1
2016_01_SD_KC,2016,1,KC,SD,2016-09-11T00:00:00,33,27,6,60,1,1,1,1,0.0,0.0,0.0,0.0,0.0,0.0,0.0,0.0,0.0,0.0,0.0,0,0,KC Stadium,1
2016_01_OAK_NO,2016,1,NO,OAK,2016-09-11T00:00:00,34,35,-1,69,0,1,1,0,0.0,0.0,0.0,0.0,0.0,0.0,0.0,0.0,0.0,0.0,0.0,0,0,NO Stadium,0
2016_01_CIN_NYJ,2016,1,NYJ,CIN,2016-09-11T00:00:00,22,23,-1,45,0,1,1,0,0.0,0.0,0.0,0.0,0.0,0.0,0.0,0.0,0.0,0.0,0.0,0,0,NYJ Stadium,1
2016_01_CLE_PHI,2016,1,PHI,CLE,2016-09-11T00:00:00,29,10,19,39,1,1,1,0,0.0,0.0,0.0,0.0,0.0,0.0,0.0,0.0,0.0,0.0,0.0,0,0,PHI Stadium,1
2016_01_MIN_TEN,2016,1,TEN,MIN,2016-09-11T00:00:00,16,25,-9,41,0,1,1,0,0.0,0.0,0.0,0.0,0.0,0.0,0.0,0.0,0.0,0.0,0.0,0,0,TEN Stadium,1
2016_01_MIA_SEA,2016,1,SEA,MIA,2016-09-11T00:00:00,12,10,2,22,1,1,1,0,0.0,0.0,0.0,0.0,0.0,0.0,0.0,0.0,0.0,0.0,0.0,0,0,SEA Stadium,1
2016_01_NYG_DAL,2016,1,DAL,NYG,2016-09-11T00:00:00,19,20,-1,39,0,1,1,1,0.0,0.0,0.0,0.0,0.0,0.0,0.0,0.0,0.0,0.0,0.0,0,0,DAL Stadium,0
2016_01_DET_IND,2016,1,IND,DET,2016-09-11T00:00:00,35,39,-4,74,0,1,1,0,0.0,0.0,0.0,0.0,0.0,0.0,0.0,0.0,0.0,0.0,0.0,0,0,IND Stadium,1
2016_01_NE_ARI,2016,1,ARI,NE,2016-09-11T00:00:00,21,23,-2,44,0,1,1,0,0.0,0.0,0.0,0.0,0.0,0.0,0.0,0.0,0.0,0.0,0.0,0,0,ARI Stadium,0
2016_01_PIT_WAS,2016,1,WAS,PIT,2016-09-12T00:00:00,16,38,-22,54,0,1,1,0,0.0,0.0,0.0,0.0,0.0,0.0,0.0,0.0,0.0,0.0,0.0,0,0,WAS Stadium,1
2016_01_LA_SF,2016,1,SF,LA,2016-09-12T00:00:00,28,0,28,28,1,1,1,1,0.0,0.0,0.0,0.0,0.0,0.0,0.0,0.0,0.0,0.0,0.0,0,0,SF Stadium,1
2016_02_NYJ_BUF,2016,2,BUF,NYJ,2016-09-15T00:00:00,31,37,-6,68,0,1,2,1,-0.21346916258335114,-0.08736281841993332,0.019250022247433662,0.04704722762107849,-0.09830913878977299,0.3484848439693451,0.4252873659133911,1.2000000476837158,0.52173912525177,0.23076923191547394,0.4285714328289032,1,1,BUF Stadium,1
2016_02_TB_ARI,2016,2,ARI,TB,2016-09-18T00:00:00,40,7,33,47,1,1,2,0,0.015899471938610077,0.09436900913715363,0.10760865360498428,-0.019724396988749504,-0.20580258779227734,0.4743589758872986,0.4337349534034729,1.125,0.8571428656578064,0.5,0.5,1,1,ARI Stadium,0
2016_02_SF_CAR,2016,2,CAR,SF,2016-09-18T00:00:00,46,27,19,73,1,1,2,0,0.030906492844223976,0.02593190409243107,0.025398096069693565,-0.3757689595222473,-0.39619246684014797,0.43820226192474365,0.4166666567325592,1.0909091234207153,1.4117647409439087,0.4736842215061188,0.47058823704719543,1,1,CAR Stadium,1
2016_02_BAL_CLE,2016,2,CLE,BAL,2016-09-18T00:00:00,20,25,-5,45,0,1,2,1,-0.25863781571388245,-3.0902650905773044e-05,-0.08736281841993332,-0.21346916258335114,-0.3847132572263945,0.31343284249305725,0.3827160596847534,0.6666666865348816,0.0,0.27272728085517883,0.3529411852359772,1,1,CLE Stadium,1
2016_02_TEN_DET,2016,2,DET,TEN,2016-09-18T00:00:00,15,16,-1,31,0,1,2,0,0.30249205231666565,0.20835910737514496,-0.24014298617839813,-0.04427018761634827,0.29000574350357056,0.5714285969734192,0.5060241222381592,1.600000023841858,0.800000011920929,0.5555555820465088,0.5714285969734192,1,1,DET Stadium,0
2016_02_KC_HOU,2016,2,HOU,KC,2016-09-18T00:00:00,19,12,7,31,1,1,2,0,-0.03724160045385361,-0.2092100828886032,0.09825031459331512,0.07219815254211426,0.14591632038354874,0.41304346919059753,0.49450549483299255,0.3529411852359772,1.600000023841858,0.6000000238418579,0.29411765933036804,1,1,HOU Stadium,0
2016_02_MIA_NE,2016,2,NE,MIA,2016-09-18T00:00:00,31,24,7,55,1,1,2,1,0.09436900913715363,0.015899471938610077,-0.1936388611793518,-0.13674451410770416,0.1353638842701912,0.43023255467414856,0.3382352888584137,1.0,0.6000000238418579,0.550000011920929,0.20000000298023224,1,1,NE Stadium,1
2016_02_NO_NYG,2016,2,NYG,NO,2016-09-18T00:00:00,16,13,3,29,1,1,2,0,0.030172884464263916,0.021354621276259422,0.1292983889579773,0.1873079538345337,0.06682782806456089,0.4225352108478546,0.48351648449897766,1.5,0.9473683834075928,0.5,0.3333333432674408,1,1,NYG Stadium,1
2016_02_CIN_PIT,2016,2,PIT,CIN,2016-09-18T00:00:00,24,16,8,40,1,1,2,1,0.27718088030815125,-0.046835433691740036,0.04704722762107849,0.019250022247433662,0.29621910862624645,0.5853658318519592,0.45945945382118225,1.5,0.375,0.6428571343421936,0.25,1,1,PIT Stadium,1
2016_02_DAL_WAS,2016,2,WAS,DAL,2016-09-18T00:00:00,23,27,-4,50,0,1,2,1,-0.046835433691740036,0.27718088030815125,0.021354621276259422,0.030172884464263916,-0.3151980508118868,0.4935064911842346,0.39361703395843506,0.4000000059604645,0.4615384340286255,0.30000001192092896,0.6111111044883728,1,1,WAS Stadium,1
2016_02_SEA_LA,2016,2,LA,SEA,2016-09-18T00:00:00,9,3,6,12,1,1,2,1,-0.3757689595222473,0.025398096069693565,-0.13674451410770416,-0.1936388611793518,-0.4580614026635885,0.30263158679008484,0.4329896867275238,0.0,0.6000000238418579,0.1875,0.3529411852359772,1,1,LA Stadium,1
2016_02_IND_DEN,2016,2,DEN,IND,2016-09-18T00:00:00,34,20,14,54,1,1,2,0,0.02593190409243107,0.030906492844223976,0.20835910737514496,0.30249205231666565,0.08915835618972778,0.4571428596973419,0.47191011905670166,0.4000000059604645,1.5,0.5,0.625,1,1,DEN Stadium,1
2016_02_ATL_OAK,2016,2,OAK,ATL,2016-09-18T00:00:00,28,35,-7,63,0,1,2,0,0.0,0.0,-0.019724396988749504,0.10760865360498428,0.0,0.0,0.42168673872947693,0.0,0.2857142984867096,0.0,0.2142857164144516,0,1,OAK Stadium,1
2016_02_JAX_SD,2016,2,SD,JAX,2016-09-18T00:00:00,38,14,24,52,1,1,2,0,0.0,0.0,0.06766770035028458,0.09844612330198288,0.0,0.0,0.4367816150188446,0.0,0.5454545617103577,0.0,0.29411765933036804,0,1,SD Stadium,1
2016_02_GB_MIN,2016,2,MIN,GB,2016-09-18T00:00:00,17,14,3,31,1,1,2,1,-0.04427018761634827,-0.24014298617839813,0.09844612330198288,0.06766770035028458,0.16509437561035156,0.38749998807907104,0.43023255467414856,0.0,0.5714285969734192,0.375,0.3888888955116272,1,1,MIN Stadium,0
2016_02_PHI_CHI,2016,2,CHI,PHI,2016-09-19T00:00:00,14,29,-15,43,0,1,2,0,-0.2092100828886032,-0.03724160045385361,-3.0902650905773044e-05,-0.25863781571388245,-0.4305753954977263,0.3888888955116272,0.44897958636283875,2.0,0.6000000238418579,0.3076923191547394,0.3333333432674408,1,1,CHI Stadium,1
2016_03_HOU_NE,2016,3,NE,HOU,2016-09-22T00:00:00,27,0,27,27,1,1,3,0,0.08983886986970901,0.018588926643133163,-0.10141338407993317,-0.22970794141292572,-0.0570446141064167,0.4395604431629181,0.4055555462837219,1.4285714626312256,0.1818181872367859,0.5428571701049805,0.4324324429035187,2,2,NE Stadium,1
2016_03_ARI_BUF,2016,3,BUF,ARI,2016-09-25T00:00:00,33,18,15,51,1,1,3,0,-0.0437188521027565,0.06617068499326706,0.05854855477809906,-0.11311044543981552,-0.28154853731393814,0.39007091522216797,0.4382716119289398,1.0,0.9000000357627869,0.23999999463558197,0.48148149251937866,2,2,BUF Stadium,1
2016_03_MIN_CAR,2016,3,CAR,MIN,2016-09-25T00:00:00,10,22,-12,32,0,1,3,0,0.01988488994538784,-0.0941210463643074,-0.06735564768314362,-0.16968455910682678,0.011677024886012077,0.446153849363327,0.3734177350997925,1.0,0.30000001192092896,0.5,0.34375,2,2,CAR Stadium,1
2016_03_DEN_CIN,2016,3,CIN,DEN,2016-09-25T00:00:00,17,29,-12,46,0,1,3,0,-0.016911372542381287,0.014528783038258553,0.037655726075172424,-0.0357859842479229,-0.10488186590373516,0.4058823585510254,0.4968152940273285,0.20000000298023224,0.4000000059604645,0.27586206793785095,0.5,2,2,CIN Stadium,1
2016_03_DET_GB,2016,3,GB,DET,2016-09-25T00:00:00,34,27,7,61,1,1,3,1,0.00035832347930409014,-0.007354484871029854,0.12968392670154572,0.12950399518013,0.0075328768289182335,0.4058823585510254,0.47457626461982727,0.75,0.8571428656578064,0.4375,0.5,2,2,GB Stadium,1
2016_03_BAL_JAX,2016,3,JAX,BAL,2016-09-25T00:00:00,17,19,-2,36,0,1,3,0,-0.03703588619828224,0.13867343962192535,-0.02120128832757473,-0.12771019339561462,-0.2822182308882475,0.42941176891326904,0.4201183319091797,0.9473683834075928,1.0909091234207153,0.24137930572032928,0.47058823704719543,2,2,JAX Stadium,1
2016_03_CLE_MIA,2016,3,MIA,CLE,2016-09-25T00:00:00,30,24,6,54,1,1,3,0,-0.07750370353460312,-0.026058446615934372,-0.14902566373348236,0.018765272572636604,0.11634567938745022,0.45270270109176636,0.30136987566947937,1.0,0.8571428656578064,0.3199999928474426,0.3928571343421936,2,2,MIA Stadium,1
2016_03_WAS_NYG,2016,3,NYG,WAS,2016-09-25T00:00:00,27,29,-2,56,0,1,3,1,-0.05403771996498108,-0.06373186409473419,0.005883163772523403,0.20795981585979462,0.21177079621702433,0.42592594027519226,0.48447203636169434,0.6428571939468384,0.514285683631897,0.5,0.3636363744735718,2,2,NYG Stadium,1
2016_03_OAK_TEN,2016,3,TEN,OAK,2016-09-25T00:00:00,10,17,-7,27,0,1,3,0,-0.10320466756820679,-0.03466414287686348,0.0,0.0,0.0,0.48765432834625244,0.0,0.8181818127632141,0.0,0.5384615659713745,0.0,2,0,TEN Stadium,1
2016_03_SF_SEA,2016,3,SEA,SF,2016-09-25T00:00:00,37,18,19,55,1,1,3,1,-0.11446751654148102,-0.09935083985328674,-0.07734435796737671,-0.15072289109230042,-0.08849520981311798,0.4000000059604645,0.3825136721134186,0.31578946113586426,0.9677419662475586,0.34375,0.3636363744735718,2,2,SEA Stadium,1
2016_03_LA_TB,2016,3,TB,LA,2016-09-25T00:00:00,32,37,-5,69,0,1,3,0,-0.1104486808180809,0.03956636041402817,-0.19475078582763672,-0.027383903041481972,0.017351841554045677,0.3854748606681824,0.3333333432674408,1.0909091234207153,0.0,0.4444444477558136,0.24137930572032928,2,2,TB Stadium,1
2016_03_SD_IND,2016,3,IND,SD,2016-09-25T00:00:00,26,22,4,48,1,1,3,0,0.051469724625349045,0.1725500077009201,0.0,0.0,0.0,0.4309392273426056,0.0,1.2413792610168457,0.0,0.5625,0.0,2,0,IND Stadium,0
2016_03_NYJ_KC,2016,3,KC,NYJ,2016-09-25T00:00:00,24,3,21,27,1,1,3,0,-0.06852412223815918,-0.044827383011579514,0.11258243769407272,0.07655100524425507,-0.059728171676397324,0.4375,0.4722222089767456,1.0,0.782608687877655,0.25,0.5333333611488342,2,2,KC Stadium,1
2016_03_PIT_PHI,2016,3,PHI,PIT,2016-09-25T00:00:00,34,3,31,37,1,1,3,0,-0.020656106993556023,-0.3081877529621124,0.13456697762012482,-0.05758820101618767,0.09537646733224392,0.4462365508079529,0.5,0.6666666865348816,1.6363636255264282,0.2777777910232544,0.5151515007019043,2,2,PHI Stadium,1
2016_03_CHI_DAL,2016,3,DAL,CHI,2016-09-25T00:00:00,31,17,14,48,1,1,3,0,0.07825583219528198,0.04319865256547928,-0.28119096159935,-0.040362417697906494,0.2758857235312462,0.4357541799545288,0.40425533056259155,0.75,1.0,0.5483871102333069,0.3478260934352875,2,2,DAL Stadium,0
2016_03_ATL_NO,2016,3,NO,ATL,2016-09-26T00:00:00,32,45,-13,77,0,1,3,1,-0.008427702821791172,0.032077912241220474,0.12172937393188477,0.10293687134981155,-0.05929811764508486,0.4624277353286743,0.49696969985961914,1.25,0.5853658318519592,0.25925925374031067,0.36000001430511475,2,2,NO Stadium,0
2016_04_MIA_CIN,2016,4,CIN,MIA,2016-09-29T00:00:00,22,7,15,29,1,1,4,0,-0.024336032569408417,0.05666401982307434,-0.06696661561727524,-0.04127543419599533,-0.05530887097120285,0.395256906747818,0.44255319237709045,0.40909090638160706,1.071428656578064,0.3255814015865326,0.29729729890823364,3,3,CIN Stadium,1
2016_04_IND_JAX,2016,4,JAX,IND,2016-10-02T00:00:00,30,27,3,57,1,1,4,1,-0.08030164241790771,0.04547090455889702,0.02414344809949398,0.10426387935876846,-0.04565211571753025,0.4166666567325592,0.4416058361530304,1.034482717514038,1.116279125213623,0.28260868787765503,0.5106382966041565,3,3,JAX Stadium,1
2016_04_CAR_ATL,2016,4,ATL,CAR,2016-10-02T00:00:00,48,33,15,81,1,1,4,1,0.2067747563123703,0.10439780354499817,-0.06789257377386093,-0.09834281355142593,0.07192671298980713,0.5163934230804443,0.4181184768676758,0.782608687877655,1.0909091234207153,0.4054054021835327,0.4545454680919647,3,3,ATL Stadium,0
2016_04_OAK_BAL,2016,4,BAL,OAK,2016-10-02T00:00:00,27,28,-1,55,0,1,4,0,-0.06079954653978348,-0.14298629760742188,0.0,0.0,0.0,0.421875,0.0,1.125,0.0,0.4166666567325592,0.0,3,0,BAL Stadium,1
2016_04_DET_CHI,2016,4,CHI,DET,2016-10-02T00:00:00,17,14,3,31,1,1,4,1,-0.19847828149795532,0.006377084646373987,0.13043606281280518,0.16255854070186615,-0.17273288825526834,0.3991031348705292,0.4770992398262024,0.8571428060531616,0.7894736528396606,0.29411765933036804,0.5121951103210449,3,3,CHI Stadium,1
2016_04_TEN_HOU,2016,4,HOU,TEN,2016-10-02T00:00:00,27,20,7,47,1,1,4,1,-0.1851535141468048,-0.15707927942276,-0.10717669874429703,-0.02321109175682068,0.05589137226343155,0.4000000059604645,0.44897958636283875,0.1818181872367859,0.7272727489471436,0.42307692766189575,0.4000000059604645,3,3,HOU Stadium,0
2016_04_BUF_NE,2016,4,NE,BUF,2016-10-02T00:00:00,0,16,-16,16,0,1,4,1,0.0596199557185173,-0.11470871418714523,-0.06378161907196045,-0.045342978090047836,0.19276731088757515,0.4423076808452606,0.3876652121543884,0.8780487775802612,0.9600000381469727,0.4901960790157318,0.2631579041481018,3,3,NE Stadium,1
2016_04_SEA_NYJ,2016,4,NYJ,SEA,2016-10-02T00:00:00,17,27,-10,44,0,1,4,0,-0.04219258576631546,0.014471014030277729,-0.05496490001678467,-0.13404233753681183,-0.13574103731662035,0.45348837971687317,0.41886791586875916,0.5806452035903931,0.5454545617103577,0.52173912525177,0.4375,3,3,NYJ Stadium,1
2016_04_CLE_WAS,2016,4,WAS,CLE,2016-10-02T00:00:00,31,20,11,51,1,1,4,0,0.051560647785663605,0.15666916966438293,-0.11565160006284714,-0.002843469148501754,0.007699609035626054,0.4763779640197754,0.350597620010376,0.3529411852359772,0.6206896305084229,0.38461539149284363,0.3404255211353302,3,3,WAS Stadium,1
2016_04_DEN_TB,2016,4,TB,DEN,2016-10-02T00:00:00,7,27,-20,34,0,1,4,0,-0.08931978791952133,0.031881172209978104,0.07600642740726471,-0.036967214196920395,-0.23417460173368454,0.40830451250076294,0.4791666567325592,1.0500000715255737,0.48979589343070984,0.45652174949645996,0.5249999761581421,3,3,TB Stadium,1
2016_04_LA_ARI,2016,4,ARI,LA,2016-10-02T00:00:00,13,17,-4,30,0,1,4,1,-0.05505219101905823,-0.10783644765615463,-0.11984086781740189,-0.03787137195467949,0.1347537524998188,0.4113207459449768,0.3628692030906677,0.8421052694320679,0.5714285969734192,0.4444444477558136,0.3255814015865326,3,3,ARI Stadium,0
2016_04_NO_SD,2016,4,SD,NO,2016-10-02T00:00:00,34,35,-1,69,0,1,4,0,0.0,0.0,0.03334302455186844,0.1395433247089386,0.0,0.0,0.47601476311683655,0.0,1.4285714626312256,0.0,0.3499999940395355,0,3,SD Stadium,1
2016_04_DAL_SF,2016,4,SF,DAL,2016-10-02T00:00:00,17,24,-7,41,0,1,4,0,-0.11348287016153336,-0.08012399077415466,0.08728737384080887,0.008789275772869587,-0.11185697745531797,0.36538460850715637,0.4752851724624634,0.9130434989929199,1.1428571939468384,0.3333333432674408,0.523809552192688,3,3,SF Stadium,1
2016_04_KC_PIT,2016,4,PIT,KC,2016-10-02T00:00:00,43,14,29,57,1,1,4,0,0.029018143191933632,0.02956744097173214,-0.07982567697763443,-0.15159954130649567,-0.07232316210865974,0.4480000138282776,0.4229249060153961,1.2000000476837158,0.8108108043670654,0.4888888895511627,0.30612245202064514,3,3,PIT Stadium,1
2016_04_NYG_MIN,2016,4,MIN,NYG,2016-10-03T00:00:00,24,10,14,34,1,1,4,0,-0.07985744625329971,-0.19961406290531158,-0.01690828986465931,0.003466198453679681,0.14013110497035086,0.3624454140663147,0.434959352016449,0.375,0.6521739363670349,0.3181818127632141,0.5,3,3,MIN Stadium,0
2016_05_ARI_SF,2016,5,SF,ARI,2016-10-06T00:00:00,21,33,-12,54,0,1,5,1,-0.09161083400249481,-0.03547070920467377,-0.08257634937763214,-0.10877365618944168,-0.08233743160963058,0.38109755516052246,0.4157303273677826,0.8571428656578064,0.7941176891326904,0.380952388048172,0.4406779706478119,4,4,SF Stadium,1
2016_05_WAS_BAL,2016,5,BAL,WAS,2016-10-09T00:00:00,10,16,-6,26,0,1,5,0,-0.06603891402482986,-0.12264883518218994,0.07450873404741287,0.11990848183631897,0.10200966894626617,0.41322314739227295,0.4909090995788574,0.8823529481887817,0.5753424763679504,0.38235294818878174,0.40425533056259155,4,4,BAL Stadium,1
2016_05_NE_CLE,2016,5,CLE,NE,2016-10-09T00:00:00,13,33,-20,46,0,1,5,0,-0.08231787383556366,0.030702602118253708,-0.005935307126492262,-0.069105364382267,-0.1761905332095921,0.38461539149284363,0.40662649273872375,0.7692307829856873,0.800000011920929,0.4067796468734741,0.4000000059604645,4,4,CLE Stadium,1
2016_05_PHI_DET,2016,5,DET,PHI,2016-10-09T00:00:00,24,23,1,47,1,1,5,0,0.08079886436462402,0.10338608920574188,0.050971705466508865,-0.2778227627277374,-0.35138169303536415,0.47492626309394836,0.44029849767684937,0.6666666865348816,0.800000011920929,0.4655172526836395,0.30000001192092896,4,3,DET Stadium,0
2016_05_CHI_IND,2016,5,IND,CHI,2016-10-09T00:00:00,29,23,6,52,1,1,5,0,0.05042720213532448,0.11945977061986923,-0.1607036143541336,-0.014955660328269005,0.07671538554131985,0.4501347839832306,0.4188311696052551,1.1111111640930176,0.8936169743537903,0.5074626803398132,0.3125,4,4,IND Stadium,1
2016_05_TEN_MIA,2016,5,MIA,TEN,2016-10-09T00:00:00,17,30,-13,47,0,1,5,0,-0.10192180424928665,-0.024161772802472115,-0.10737016052007675,-0.03186016529798508,-0.0022500362247228622,0.41355931758880615,0.43202418088912964,1.034482717514038,0.800000011920929,0.26530611515045166,0.4137931168079376,4,4,MIA Stadium,1
2016_05_HOU_MIN,2016,5,MIN,HOU,2016-10-09T00:00:00,31,13,18,44,1,1,5,0,-0.05161210522055626,-0.19160017371177673,-0.1552346795797348,-0.1439092457294464,0.15131350234150887,0.3667711615562439,0.4207492768764496,0.6521739363670349,0.45000001788139343,0.37704917788505554,0.421875,4,4,MIN Stadium,0
2016_05_NYJ_PIT,2016,5,PIT,NYJ,2016-10-09T00:00:00,31,13,18,44,1,1,5,0,0.0862002819776535,-0.009684598073363304,-0.035397425293922424,0.05619841441512108,0.1874807197600603,0.44954127073287964,0.43023255467414856,1.2857142686843872,0.6086956262588501,0.4833333194255829,0.5245901346206665,4,4,PIT Stadium,1
2016_05_ATL_DEN,2016,5,DEN,ATL,2016-10-09T00:00:00,16,23,-7,39,0,1,5,0,0.061303555965423584,-0.09334696829319,0.2116125077009201,0.08951368182897568,0.03255169838666916,0.4682779312133789,0.5106382966041565,0.6268656253814697,0.7764705419540405,0.46296295523643494,0.46000000834465027,4,4,DEN Stadium,1
2016_05_CIN_DAL,2016,5,DAL,CIN,2016-10-09T00:00:00,28,14,14,42,1,1,5,0,0.08870851248502731,0.005049999337643385,-0.009464714676141739,0.0019429700914770365,0.0950661979150027,0.483146071434021,0.40406978130340576,1.118644118309021,0.41379308700561523,0.517241358757019,0.2881355881690979,4,4,DAL Stadium,0
2016_05_BUF_LA,2016,5,LA,BUF,2016-10-09T00:00:00,19,30,-11,49,0,1,5,0,-0.11798550188541412,-0.06777150183916092,-0.03021262027323246,-0.08605074137449265,-0.10605212114751339,0.35256409645080566,0.40506330132484436,0.5625,0.9090909361839294,0.35593220591545105,0.3207547068595886,4,4,LA Stadium,1
2016_05_SD_OAK,2016,5,OAK,SD,2016-10-09T00:00:00,34,31,3,65,1,1,5,1,0.0,0.0,0.0,0.0,0.0,0.0,0.0,0.0,0.0,0.0,0.0,0,0,OAK Stadium,1
2016_05_NYG_GB,2016,5,GB,NYG,2016-10-09T00:00:00,23,16,7,39,1,1,5,0,0.0704210102558136,0.040026817470788956,-0.05467068776488304,0.007675489876419306,0.09274037042632699,0.42677825689315796,0.4224924147129059,1.021276593208313,0.6923076510429382,0.44186046719551086,0.40816327929496765,3,4,GB Stadium,1
2016_05_TB_CAR,2016,5,CAR,TB,2016-10-10T00:00:00,14,17,-3,31,0,1,5,1,-0.040258366614580154,-0.010398377664387226,-0.12983740866184235,0.029392113909125328,0.12936953362077475,0.42105263471603394,0.3856382966041565,1.125,1.0666667222976685,0.4507042169570923,0.4117647111415863,4,4,CAR Stadium,1
2016_06_DEN_SD,2016,6,SD,DEN,2016-10-13T00:00:00,21,13,8,34,1,1,6,1,0.0,0.0,0.037268366664648056,-0.059871893376111984,0.0,0.0,0.4523809552192688,0.0,0.6233766674995422,0.0,0.4084506928920746,0,5,SD Stadium,1
2016_06_SF_BUF,2016,6,BUF,SF,2016-10-16T00:00:00,45,16,29,61,1,1,6,0,-0.020255735144019127,-0.0952606275677681,-0.09797152131795883,-0.018420809879899025,0.15455560386180878,0.4056122303009033,0.3938679099082947,0.9795917868614197,0.9295774698257446,0.32307693362236023,0.3717948794364929,5,5,BUF Stadium,1
2016_06_JAX_CHI,2016,6,CHI,JAX,2016-10-16T00:00:00,16,17,-1,33,0,1,6,0,-0.10852911323308945,0.012964899651706219,-0.01636088266968727,0.0671117752790451,-0.03802135493606329,0.4263959527015686,0.43731778860092163,0.761904776096344,1.0,0.2881355881690979,0.28070175647735596,5,4,CHI Stadium,1
2016_06_LA_DET,2016,6,DET,LA,2016-10-16T00:00:00,31,28,3,59,1,1,6,0,0.07003489136695862,0.09418217092752457,-0.12134776264429092,-0.052952274680137634,0.04424820840358734,0.4637681245803833,0.377215176820755,0.7741935849189758,0.4615384340286255,0.4492753744125366,0.3472222089767456,5,5,DET Stadium,0
2016_06_PIT_MIA,2016,6,MIA,PIT,2016-10-16T00:00:00,30,15,15,45,1,1,6,0,-0.11827090382575989,-0.008978812023997307,0.09636081755161285,-0.019618447870016098,-0.22527135722339153,0.40449437499046326,0.46282973885536194,0.8780487775802612,1.263157844543457,0.28333333134651184,0.48571428656578064,5,5,MIA Stadium,1
2016_06_CIN_NE,2016,6,NE,CIN,2016-10-16T00:00:00,35,17,18,52,1,1,6,0,0.031236158683896065,-0.08175677806138992,-0.006108123809099197,0.040034275501966476,0.15913533605635166,0.41025641560554504,0.42191141843795776,0.8571428656578064,0.5714285969734192,0.4337349534034729,0.3194444477558136,5,5,NE Stadium,1
2016_06_CAR_NO,2016,6,NO,CAR,2016-10-16T00:00:00,41,38,3,79,1,1,6,1,0.026475604623556137,0.09629389643669128,-0.043327681720256805,-0.004639457445591688,-0.03113006753847003,0.4628099203109741,0.4333333373069763,1.3636363744735718,1.100000023841858,0.43103447556495667,0.4177215099334717,4,5,NO Stadium,0
2016_06_BAL_NYG,2016,6,NYG,BAL,2016-10-16T00:00:00,27,23,4,50,1,1,6,0,-0.06261902302503586,0.0014821686781942844,-0.08988354355096817,-0.1154504269361496,-0.08966807508841157,0.4243176281452179,0.4048672616481781,0.7118644118309021,0.75,0.3870967626571655,0.3571428656578064,5,5,NYG Stadium,1
2016_06_CLE_TEN,2016,6,TEN,CLE,2016-10-16T00:00:00,28,26,2,54,1,1,6,0,-0.07230747491121292,-0.05735015496611595,-0.09233490377664566,0.058488879352808,0.1358664631843567,0.4394299387931824,0.3710843324661255,1.0,0.9333333373069763,0.41428571939468384,0.4027777910232544,5,5,TEN Stadium,1
2016_06_PHI_WAS,2016,6,WAS,PHI,2016-10-16T00:00:00,27,20,7,47,1,1,6,1,0.04208264872431755,0.055910624563694,0.0519028939306736,-0.1990847885608673,-0.26481565833091736,0.4902912676334381,0.44476744532585144,0.5185185074806213,0.8333333134651184,0.36666667461395264,0.3174603283405304,5,4,WAS Stadium,1
2016_06_KC_OAK,2016,6,OAK,KC,2016-10-16T00:00:00,10,26,-16,36,0,1,6,1,0.0,0.0,-0.0896700769662857,-0.054557520896196365,0.0,0.0,0.4149855971336365,0.0,0.7777777910232544,0.0,0.3333333432674408,0,4,OAK Stadium,1
2016_06_DAL_GB,2016,6,GB,DAL,2016-10-16T00:00:00,16,30,-14,46,0,1,6,0,0.04402837157249451,0.008512014523148537,0.11000975966453552,0.005578781943768263,-0.06891462067142129,0.41492536664009094,0.49056604504585266,0.9152542948722839,1.1506849527359009,0.4307692348957062,0.5223880410194397,4,5,GB Stadium,1
2016_06_ATL_SEA,2016,6,SEA,ATL,2016-10-16T00:00:00,26,24,2,50,1,1,6,0,-0.002362641738727689,-0.1008065715432167,0.18663571774959564,0.06211046129465103,-0.026081326650455594,0.4239766001701355,0.5,0.6315789222717285,0.7200000286102295,0.4137931168079376,0.40625,4,5,SEA Stadium,1
2016_06_IND_HOU,2016,6,HOU,IND,2016-10-16T00:00:00,26,23,3,49,1,1,6,1,-0.1734704226255417,-0.11375793814659119,0.06365630030632019,0.11111709475517273,-0.012251690030097961,0.4131455421447754,0.4502164423465729,0.48979589343070984,1.0,0.3636363744735718,0.46341463923454285,5,5,HOU Stadium,0
2016_06_NYJ_ARI,2016,6,ARI,NYJ,2016-10-17T00:00:00,28,3,25,31,1,1,6,0,-0.055784136056900024,-0.11116386204957962,-0.04089806228876114,0.0738501027226448,0.17012789100408554,0.42281877994537354,0.43062201142311096,0.7764705419540405,0.6486486792564392,0.4025973975658417,0.4722222089767456,5,5,ARI Stadium,0
2016_07_CHI_GB,2016,7,GB,CHI,2016-10-20T00:00:00,26,10,16,36,1,1,7,1,0.014725503511726856,0.03141895309090614,-0.08882886171340942,0.01308344304561615,0.08521885517984629,0.41904762387275696,0.42073169350624084,0.8571428060531616,0.701298713684082,0.4444444477558136,0.3076923191547394,5,6,GB Stadium,1
2016_07_NYG_LA,2016,7,LA,NYG,2016-10-23T00:00:00,10,17,-7,27,0,1,7,0,-0.06570896506309509,-0.012841890566051006,-0.039857394993305206,0.010447711683809757,-0.002561967819929123,0.4021276533603668,0.42474228143692017,0.6760563850402832,0.5915493369102478,0.3734939694404602,0.3684210479259491,6,6,LA Stadium,1
2016_07_CLE_CIN,2016,7,CIN,CLE,2016-10-23T00:00:00,31,17,14,48,1,1,7,1,0.0006045285845175385,0.07379057258367538,-0.06313804537057877,0.06293055415153503,0.052882555522955954,0.41747573018074036,0.3730158805847168,0.607594907283783,1.034482717514038,0.34117648005485535,0.3595505654811859,6,6,CIN Stadium,1
2016_07_WAS_DET,2016,7,DET,WAS,2016-10-23T00:00:00,20,17,3,37,1,1,7,0,0.09407135844230652,0.11529312282800674,0.04632173106074333,0.04940357804298401,-0.01813991740345955,0.46544715762138367,0.488095223903656,0.8684210181236267,0.594059407711029,0.4588235318660736,0.41333332657814026,6,6,DET Stadium,0
2016_07_OAK_JAX,2016,7,JAX,OAK,2016-10-23T00:00:00,16,33,-17,49,0,1,7,0,-0.010955308564007282,0.05051068961620331,0.0,0.0,0.0,0.44258373975753784,0.0,0.8571428656578064,0.0,0.2857142984867096,0.0,5,0,JAX Stadium,1
2016_07_NO_KC,2016,7,KC,NO,2016-10-23T00:00:00,27,21,6,48,1,1,7,0,-0.0525459423661232,-0.07958512008190155,0.04541100934147835,0.10170048475265503,0.08332865312695503,0.42688679695129395,0.458695650100708,0.8108108043670654,1.301204800605774,0.3614457845687866,0.44736841320991516,5,5,KC Stadium,1
2016_07_BUF_MIA,2016,7,MIA,BUF,2016-10-23T00:00:00,28,25,3,53,1,1,7,1,-0.07563585042953491,-0.022016767412424088,0.017131570726633072,-0.10628265142440796,-0.17703330516815186,0.42081448435783386,0.4253578782081604,0.695652186870575,1.1076923608779907,0.3243243098258972,0.375,6,6,MIA Stadium,1
2016_07_BAL_NYJ,2016,7,NYJ,BAL,2016-10-23T00:00:00,24,16,8,40,1,1,7,0,-0.06551559269428253,0.08461635559797287,-0.06351359188556671,-0.0828835591673851,-0.1695019155740738,0.4146341383457184,0.4050179123878479,0.6233766674995422,0.6857142448425293,0.43023255467414856,0.3457943797111511,6,6,NYJ Stadium,1
2016_07_MIN_PHI,2016,7,PHI,MIN,2016-10-23T00:00:00,21,10,11,31,1,1,7,0,0.044802289456129074,-0.13456515967845917,-0.0419742614030838,-0.20322854816913605,0.018113162368535995,0.4340527653694153,0.37956205010414124,0.7951807379722595,0.6774193644523621,0.3164556920528412,0.3896103799343109,5,5,PHI Stadium,1
2016_07_IND_TEN,2016,7,TEN,IND,2016-10-23T00:00:00,26,34,-8,60,0,1,7,1,-0.046977896243333817,-0.03342939168214798,0.05606232210993767,0.09436970949172974,0.02475888282060623,0.44200000166893005,0.4532374143600464,1.0540540218353271,0.8571428656578064,0.4285714328289032,0.44897958636283875,6,6,TEN Stadium,1
2016_07_SD_ATL,2016,7,ATL,SD,2016-10-23T00:00:00,30,33,-3,63,0,1,7,0,0.15892089903354645,0.055326931178569794,0.0,0.0,0.0,0.4868154227733612,0.0,0.7155963778495789,0.0,0.3866666555404663,0.0,6,0,ATL Stadium,0
2016_07_TB_SF,2016,7,SF,TB,2016-10-23T00:00:00,17,34,-17,51,0,1,7,0,-0.10871883481740952,0.014616429805755615,-0.1017894372344017,0.01420589629560709,-0.007339931093156338,0.3897637724876404,0.3927038609981537,0.8461538553237915,0.7868852019309998,0.3478260934352875,0.39534884691238403,6,5,SF Stadium,1
2016_07_NE_PIT,2016,7,PIT,NE,2016-10-23T00:00:00,16,27,-11,43,0,1,7,0,0.06670394539833069,0.0007363546174019575,0.06392146646976471,-0.06162991002202034,-0.05958378571085632,0.4506172835826874,0.4204322099685669,1.2000000476837158,0.9629629850387573,0.4691357910633087,0.4375,6,6,PIT Stadium,1
2016_07_SEA_ARI,2016,7,ARI,SEA,2016-10-23T00:00:00,6,6,0,12,0,1,7,1,-0.02437410317361355,-0.12463783472776413,0.0016878244932740927,-0.07473421096801758,0.02384169609285891,0.4357541799545288,0.43896713852882385,0.8316831588745117,0.7714285254478455,0.4333333373069763,0.4027777910232544,6,5,ARI Stadium,0
2016_07_HOU_DEN,2016,7,DEN,HOU,2016-10-24T00:00:00,27,9,18,36,1,1,7,0,0.0015437481924891472,-0.06490233540534973,-0.14188912510871887,-0.0891924798488617,0.11914272885769606,0.43921568989753723,0.4171539843082428,0.6206896305084229,0.5454545617103577,0.39772728085517883,0.375,6,6,DEN Stadium,1
2016_08_JAX_TEN,2016,8,TEN,JAX,2016-10-27T00:00:00,36,22,14,58,1,1,8,1,-0.033437713980674744,0.000323829852277413,-0.020446980372071266,0.07107146084308624,0.05775689738220535,0.4502529501914978,0.43366336822509766,1.1294116973876953,0.7714285254478455,0.4545454680919647,0.2857142984867096,7,6,TEN Stadium,1
2016_08_WAS_CIN,2016,8,CIN,WAS,2016-10-30T00:00:00,27,27,0,54,0,1,8,0,0.030413927510380745,0.07247017323970795,0.041746437549591064,0.05069222301244736,-0.03311046026647091,0.426146000623703,0.48813560605049133,0.6352940797805786,0.6666666865348816,0.35789474844932556,0.4444444477558136,7,7,CIN Stadium,1
2016_08_NE_BUF,2016,8,BUF,NE,2016-10-30T00:00:00,25,41,-16,66,0,1,8,1,0.022059796378016472,-0.07978886365890503,0.06868895888328552,-0.06369361281394958,-0.030533911660313606,0.4215167462825775,0.42439863085746765,1.063291072845459,1.0666667222976685,0.378947377204895,0.45370370149612427,7,7,BUF Stadium,1
2016_08_ARI_CAR,2016,8,CAR,ARI,2016-10-30T00:00:00,30,20,10,50,1,1,8,0,-0.013120493851602077,0.018817443400621414,-0.05593162775039673,-0.1435784548521042,-0.11958476435393095,0.4420289993286133,0.42638036608695984,1.185185194015503,0.7850466966629028,0.4000000059604645,0.43478259444236755,6,7,CAR Stadium,1
2016_08_NYJ_CLE,2016,8,CLE,NYJ,2016-10-30T00:00:00,28,31,-3,59,0,1,8,0,-0.045025166124105453,0.08454258739948273,-0.07556476444005966,0.041339028626680374,-0.012663960456848145,0.3798977732658386,0.41278064250946045,0.95652174949646,0.6521739363670349,0.36538460850715637,0.41747573018074036,7,7,CLE Stadium,1
2016_08_DET_HOU,2016,8,HOU,DET,2016-10-30T00:00:00,20,13,7,33,1,1,8,0,-0.1516258269548416,-0.07647701352834702,0.09009517729282379,0.09985312074422836,-0.06539086997509003,0.41402336955070496,0.46236559748649597,0.5070422887802124,0.8666666746139526,0.37735849618911743,0.44680851697921753,7,7,HOU Stadium,0
2016_08_KC_IND,2016,8,IND,KC,2016-10-30T00:00:00,14,30,-16,44,0,1,8,0,0.0738656222820282,0.08589951694011688,-0.02397998422384262,-0.05290614441037178,-0.040960054844617844,0.4658385217189789,0.43407708406448364,0.807692289352417,0.7792208194732666,0.44545453786849976,0.3510638177394867,7,6,IND Stadium,0
2016_08_SEA_NO,2016,8,NO,SEA,2016-10-30T00:00:00,25,20,5,45,1,1,8,0,0.048280782997608185,0.10832864046096802,-0.04027765616774559,-0.10395180433988571,-0.12372200563549995,0.46750903129577637,0.4277227818965912,1.2989691495895386,0.7297297716140747,0.46236559748649597,0.36781609058380127,6,6,NO Stadium,0
2016_08_OAK_TB,2016,8,TB,OAK,2016-10-30T00:00:00,24,30,-6,54,0,1,8,0,-0.06098060682415962,-0.005726674571633339,0.0,0.0,0.0,0.409335732460022,0.0,0.8250000476837158,0.0,0.4000000059604645,0.0,6,0,TB Stadium,1
2016_08_SD_DEN,2016,8,DEN,SD,2016-10-30T00:00:00,27,19,8,46,1,1,8,1,0.0017587464535608888,-0.08562304824590683,0.0,0.0,0.0,0.43654823303222656,0.0,0.6728971600532532,0.0,0.3762376308441162,0.0,7,0,DEN Stadium,1
2016_08_GB_ATL,2016,8,ATL,GB,2016-10-30T00:00:00,33,32,1,65,1,1,8,0,0.12934421002864838,0.053107816725969315,0.025598878040909767,0.00810050405561924,0.058738019317388535,0.47758620977401733,0.4255725145339966,0.6774193644523621,0.7428571581840515,0.40229883790016174,0.46464645862579346,7,6,ATL Stadium,0
2016_08_PHI_DAL,2016,8,DAL,PHI,2016-10-30T00:00:00,29,23,6,52,1,1,8,1,0.11242163926362991,-0.013450664468109608,0.01818588562309742,-0.15356303751468658,-0.04587661940604448,0.49701789021492004,0.4346938729286194,1.120879054069519,0.7422680854797363,0.48750001192092896,0.32608696818351746,6,6,DAL Stadium,0
2016_08_MIN_CHI,2016,8,CHI,MIN,2016-10-31T00:00:00,20,10,10,30,1,1,8,1,-0.09438888728618622,0.022688046097755432,-0.07631594687700272,-0.19297710061073303,-0.23373808711767197,0.4111310541629791,0.3792415261268616,0.692307710647583,0.6486486792564392,0.2921348214149475,0.40625,7,6,CHI Stadium,1
2016_09_ATL_TB,2016,9,TB,ATL,2016-11-03T00:00:00,28,43,-15,71,0,1,9,1,-0.049938712269067764,0.013948516920208931,0.13611018657684326,0.06746398657560349,-0.13253342919051647,0.40930232405662537,0.48396947979927063,0.9230769276618958,0.7338129878044128,0.39830508828163147,0.41237112879753113,7,8,TB Stadium,1
2016_09_PIT_BAL,2016,9,BAL,PIT,2016-11-06T00:00:00,21,14,7,35,1,1,9,1,-0.08391445875167847,-0.09058921784162521,0.0439949668943882,0.013429123908281326,-0.023891083896160126,0.39589905738830566,0.4455958604812622,0.6760563850402832,1.0985915660858154,0.3305785059928894,0.43877550959587097,7,7,BAL Stadium,1
2016_09_DAL_CLE,2016,9,CLE,DAL,2016-11-06T00:00:00,10,35,-25,45,0,1,9,0,-0.03181193023920059,0.09210430830717087,0.09942338615655899,-0.013181764632463455,-0.2365213893353939,0.3822222352027893,0.4808013439178467,0.9438202381134033,1.0654205083847046,0.38842976093292236,0.4526315927505493,8,7,CLE Stadium,1
2016_09_JAX_KC,2016,9,KC,JAX,2016-11-06T00:00:00,19,14,5,33,1,1,9,0,-0.00788970198482275,-0.07100863009691238,-0.008983706124126911,0.09392139315605164,0.16602402739226818,0.4317406117916107,0.436026930809021,0.7422680854797363,0.8571428656578064,0.37168142199516296,0.30927833914756775,7,7,KC Stadium,1
2016_09_NYJ_MIA,2016,9,MIA,NYJ,2016-11-06T00:00:00,27,23,4,50,1,1,9,1,-0.050750602036714554,-0.012675109319388866,-0.04562028869986534,0.04337750002741814,0.05092229600995779,0.41947564482688904,0.412202388048172,0.6976744532585144,0.6728971600532532,0.3372093141078949,0.41803279519081116,7,8,MIA Stadium,1
2016_09_DET_MIN,2016,9,MIN,DET,2016-11-06T00:00:00,16,22,-6,38,0,1,9,1,-0.07448041439056396,-0.155629500746727,0.06791522353887558,0.08822958916425705,0.1014634519815445,0.3778162896633148,0.4566929042339325,0.5853658318519592,0.875,0.38532111048698425,0.43396225571632385,7,8,MIN Stadium,0
2016_09_PHI_NYG,2016,9,NYG,PHI,2016-11-06T00:00:00,28,23,5,51,1,1,9,1,-0.04128633439540863,-0.009788021445274353,0.013220073655247688,-0.12203804403543472,-0.1667564306408167,0.42728903889656067,0.43952301144599915,0.6000000238418579,0.7179487347602844,0.35555556416511536,0.33944955468177795,7,7,NYG Stadium,1
2016_09_CAR_LA,2016,9,LA,CAR,2016-11-06T00:00:00,10,13,-3,23,0,1,9,0,-0.07593051344156265,-0.017365045845508575,-0.008338461630046368,-0.0007402107585221529,-0.05096721672452986,0.40070298314094543,0.44637224078178406,0.6428571343421936,1.0485436916351318,0.3980582654476166,0.3962264060974121,7,7,LA Stadium,1
2016_09_NO_SF,2016,9,SF,NO,2016-11-06T00:00:00,23,41,-18,64,0,1,9,0,-0.10763280838727951,0.033611081540584564,0.040829624980688095,0.08981558680534363,-0.09225792810320854,0.3905723989009857,0.4659442603588104,0.9069767594337463,1.1039999723434448,0.3486238420009613,0.4909090995788574,7,7,SF Stadium,1
2016_09_IND_GB,2016,9,GB,IND,2016-11-06T00:00:00,26,31,-5,57,0,1,9,0,0.046296942979097366,0.033008377999067307,0.045035138726234436,0.08476623147726059,0.05301965773105621,0.42786070704460144,0.4573002755641937,0.8159999847412109,0.8571428656578064,0.48181816935539246,0.42741936445236206,7,8,GB Stadium,1
2016_09_TEN_SD,2016,9,SD,TEN,2016-11-06T00:00:00,43,35,8,78,1,1,9,0,0.0,0.0,0.0013383192708715796,0.007817153818905354,0.0,0.0,0.4470588266849518,0.0,1.045871615409851,0.0,0.469565212726593,0,8,SD Stadium,1
2016_09_DEN_OAK,2016,9,OAK,DEN,2016-11-06T00:00:00,30,20,10,50,1,1,9,1,0.0,0.0,-0.02456088364124298,-0.10856159031391144,0.0,0.0,0.42942050099372864,0.0,0.65625,0.0,0.3644067943096161,0,8,OAK Stadium,1
2016_09_BUF_SEA,2016,9,SEA,BUF,2016-11-07T00:00:00,31,25,6,56,1,1,9,0,-0.040696319192647934,-0.08858063817024231,0.024212026968598366,-0.03181537240743637,-0.008143080398440361,0.4298093616962433,0.41654136776924133,0.6896551847457886,1.021276593208313,0.3737373650074005,0.38181817531585693,7,8,SEA Stadium,1
2016_10_CLE_BAL,2016,10,BAL,CLE,2016-11-10T00:00:00,28,7,21,35,1,1,10,1,-0.08923076093196869,-0.10560046881437302,-0.03948570787906647,0.11284057050943375,0.16869598627090454,0.3908839821815491,0.380952388048172,0.6399999856948853,0.9375,0.30985915660858154,0.3692307770252228,8,9,BAL Stadium,1
2016_10_KC_CAR,2016,10,CAR,KC,2016-11-13T00:00:00,17,20,-3,37,0,1,10,0,-0.014698768965899944,-0.016807815060019493,-0.019057467579841614,-0.08415020257234573,-0.06298368889838457,0.4385474920272827,0.4238310754299164,1.0,0.6605504751205444,0.40163934230804443,0.3359375,8,8,CAR Stadium,1
2016_10_HOU_JAX,2016,10,JAX,HOU,2016-11-13T00:00:00,21,24,-3,45,0,1,10,1,-0.03013487160205841,0.07257169485092163,-0.1329352855682373,-0.07836905866861343,-0.04814033955335617,0.4350365102291107,0.41826215386390686,0.875,0.5333333611488342,0.3243243098258972,0.3801652789115906,8,8,JAX Stadium,1
2016_10_DEN_NO,2016,10,NO,DEN,2016-11-13T00:00:00,23,25,-2,48,0,1,10,0,0.06125333532691002,0.07515865564346313,-0.027798796072602272,-0.08610289543867111,-0.07220941968262196,0.4720744788646698,0.41900935769081116,1.0612244606018066,0.6461538672447205,0.5078125,0.3636363744735718,8,9,NO Stadium,0
2016_10_LA_NYJ,2016,10,NYJ,LA,2016-11-13T00:00:00,6,9,-3,15,0,1,10,0,-0.03826737403869629,0.04283469542860985,-0.08302077651023865,-0.022908354178071022,-0.02098964713513851,0.41600000858306885,0.40092167258262634,0.604651153087616,0.6382978558540344,0.42222222685813904,0.38461539149284363,9,8,NYJ Stadium,1
2016_10_ATL_PHI,2016,10,PHI,ATL,2016-11-13T00:00:00,24,15,9,39,1,1,10,0,-0.006622027605772018,-0.12381904572248459,0.1548294723033905,0.0643988698720932,0.026766415685415268,0.4336283206939697,0.49191373586654663,0.6857142448425293,0.7636363506317139,0.32258063554763794,0.43518519401550293,8,9,PHI Stadium,1
2016_10_CHI_TB,2016,10,TB,CHI,2016-11-13T00:00:00,36,10,26,46,1,1,10,0,-0.03795759007334709,0.04897391051054001,-0.07259515672922134,0.013277273625135422,-0.0010590702295303345,0.4137466251850128,0.41390204429626465,0.9714285731315613,0.7021276354789734,0.42105263471603394,0.3173076808452606,8,8,TB Stadium,1
2016_10_GB_TEN,2016,10,TEN,GB,2016-11-13T00:00:00,47,25,22,72,1,1,10,0,0.004867698531597853,0.02170943282544613,0.048791710287332535,0.04840077459812164,-0.017232669983059168,0.45490196347236633,0.43522560596466064,1.1428571939468384,0.8085106611251831,0.4682539701461792,0.46341463923454285,9,8,TEN Stadium,1
2016_10_MIN_WAS,2016,10,WAS,MIN,2016-11-13T00:00:00,26,20,6,46,1,1,10,0,0.050866540521383286,0.059148889034986496,-0.07547982782125473,-0.13462425768375397,-0.06742677837610245,0.47931525111198425,0.3855421543121338,0.6239999532699585,0.5607476234436035,0.44954127073287964,0.3888888955116272,8,8,WAS Stadium,1
2016_10_MIA_SD,2016,10,SD,MIA,2016-11-13T00:00:00,24,31,-7,55,0,1,10,0,0.0,0.0,-0.03873053193092346,-0.008491937071084976,0.0,0.0,0.42139384150505066,0.0,0.6990291476249695,0.0,0.3571428656578064,0,8,SD Stadium,1
2016_10_SF_ARI,2016,10,ARI,SF,2016-11-13T00:00:00,23,20,3,43,1,1,10,1,-0.062499504536390305,-0.12320847064256668,-0.09982696175575256,0.055253755301237106,0.21578968316316605,0.42375168204307556,0.39701491594314575,0.8793103098869324,0.8210526704788208,0.4251968562602997,0.33898305892944336,8,8,ARI Stadium,0
2016_10_DAL_PIT,2016,10,PIT,DAL,2016-11-13T00:00:00,30,35,-5,65,0,1,10,0,0.010978474281728268,-0.005335643421858549,0.1220560371875763,-0.023874865844845772,-0.12961678532883525,0.43219074606895447,0.49197080731391907,1.076923131942749,1.078125,0.40869563817977905,0.4678899049758911,8,8,PIT Stadium,1
2016_10_SEA_NE,2016,10,NE,SEA,2016-11-13T00:00:00,24,31,-7,55,0,1,10,0,0.09961099922657013,-0.04935677349567413,-0.023779353126883507,-0.0681561678647995,0.10459095798432827,0.43178409337997437,0.4399375915527344,1.0270270109176636,0.875,0.4880000054836273,0.37383177876472473,8,8,NE Stadium,1
2016_10_CIN_NYG,2016,10,NYG,CIN,2016-11-14T00:00:00,21,20,1,41,1,1,10,0,-0.0536661371588707,-0.024913465604186058,0.041658371686935425,0.07694894820451736,0.006537904962897301,0.42121684551239014,0.439481258392334,0.6206896305084229,0.7647058963775635,0.34285715222358704,0.38738739490509033,8,8,NYG Stadium,1
2016_11_NO_CAR,2016,11,CAR,NO,2016-11-17T00:00:00,23,20,3,43,1,1,11,1,-0.02103540487587452,-0.017301592975854874,0.03943811357021332,0.05769805982708931,0.014526134356856346,0.43586549162864685,0.46764346957206726,1.0084033012390137,1.076923131942749,0.4100719392299652,0.5,9,9,CAR Stadium,1
2016_11_BUF_CIN,2016,11,CIN,BUF,2016-11-20T00:00:00,12,16,-4,28,0,1,11,0,0.030501294881105423,0.056525155901908875,0.02735445462167263,-0.01824154704809189,-0.07161986269056797,0.4278283417224884,0.42282748222351074,0.7894737124443054,0.9661017060279846,0.3650793731212616,0.4153846204280853,9,9,CIN Stadium,1
2016_11_PIT_CLE,2016,11,CLE,PIT,2016-11-20T00:00:00,9,24,-15,33,0,1,11,1,-0.061195600777864456,0.1035386323928833,0.02172309346497059,0.018811983987689018,-0.16764534264802933,0.3762499988079071,0.4358638823032379,0.9278351068496704,1.1134021282196045,0.3571428656578064,0.4126984179019928,10,9,CLE Stadium,1
2016_11_BAL_DAL,2016,11,DAL,BAL,2016-11-20T00:00:00,27,17,10,44,1,1,11,0,0.13217493891716003,-0.008081401698291302,-0.07636570185422897,-0.12385529279708862,0.09276674967259169,0.49413299560546875,0.4019607901573181,1.0666667222976685,0.6593406200408936,0.47154471278190613,0.32692307233810425,9,9,DAL Stadium,0
2016_11_JAX_DET,2016,11,DET,JAX,2016-11-20T00:00:00,26,19,7,45,1,1,11,0,0.06172427907586098,0.06781723350286484,-0.03779076039791107,0.05837032198905945,0.09006812795996666,0.4525139629840851,0.43170103430747986,0.9000000357627869,0.9320388436317444,0.4471544623374939,0.359375,9,9,DET Stadium,0
2016_11_TEN_IND,2016,11,IND,TEN,2016-11-20T00:00:00,24,17,7,41,1,1,11,1,0.055675819516181946,0.08282319456338882,0.034139879047870636,0.022902093827724457,-0.03838516026735306,0.4600245952606201,0.45518869161605835,0.890625,1.125,0.43478259444236755,0.4680851101875305,9,10,IND Stadium,0
2016_11_TB_KC,2016,11,KC,TB,2016-11-20T00:00:00,17,19,-2,36,0,1,11,0,-0.019306236878037453,-0.08289500325918198,-0.02893141843378544,0.014426888898015022,0.10694707371294498,0.42225199937820435,0.4143712520599365,0.6050419807434082,0.8976378440856934,0.3214285671710968,0.4370861053466797,9,9,KC Stadium,1
2016_11_ARI_MIN,2016,11,MIN,ARI,2016-11-20T00:00:00,30,24,6,54,1,1,11,0,-0.0660758689045906,-0.10811344534158707,-0.0577540323138237,-0.11307209730148315,-0.013280488550662994,0.39304813742637634,0.4284009635448456,0.6610169410705566,0.8571428656578064,0.39855071902275085,0.43448275327682495,9,9,MIN Stadium,0
2016_11_CHI_NYG,2016,11,NYG,CHI,2016-11-20T00:00:00,22,16,6,38,1,1,11,0,-0.058707211166620255,-0.029255961999297142,-0.09785055369138718,0.016831129789352417,0.08523043431341648,0.42134061455726624,0.40509915351867676,0.7422680854797363,0.6600000262260437,0.3583333194255829,0.3017241358757019,9,9,NYG Stadium,1
2016_11_MIA_LA,2016,11,LA,MIA,2016-11-20T00:00:00,10,14,-4,24,0,1,11,0,-0.0783277079463005,-0.033782485872507095,-0.01731826737523079,-0.004996751435101032,-0.032223706133663654,0.39563438296318054,0.4275256097316742,0.5607476234436035,0.7368420958518982,0.3805970251560211,0.35779815912246704,9,9,LA Stadium,1
2016_11_PHI_SEA,2016,11,SEA,PHI,2016-11-20T00:00:00,26,15,11,41,1,1,11,0,0.008817795664072037,-0.04998355358839035,-0.005067668855190277,-0.12157457321882248,-0.057705555111169815,0.44979366660118103,0.4384615421295166,0.8225806951522827,0.6878980994224548,0.3852458894252777,0.31690141558647156,9,9,SEA Stadium,1
2016_11_NE_SF,2016,11,SF,NE,2016-11-20T00:00:00,17,30,-13,47,0,1,11,0,-0.09210260212421417,0.046411287039518356,0.09991402924060822,-0.015810426324605942,-0.2542383447289467,0.39385849237442017,0.4380825459957123,0.8910890817642212,1.0076335668563843,0.34558823704719543,0.49635037779808044,9,9,SF Stadium,1
2016_11_GB_WAS,2016,11,WAS,GB,2016-11-20T00:00:00,42,24,18,66,1,1,11,0,0.05731524899601936,0.05348709970712662,0.04669007286429405,0.07814770936965942,0.03528578579425812,0.47814908623695374,0.4312977194786072,0.5833333134651184,0.8148148059844971,0.4545454680919647,0.4420289993286133,9,9,WAS Stadium,1
2016_11_HOU_OAK,2016,11,OAK,HOU,2016-11-21T00:00:00,27,20,7,47,1,1,11,0,0.0,0.0,-0.1266181766986847,-0.08042151480913162,0.0,0.0,0.4121532440185547,0.0,0.625,0.0,0.38686132431030273,0,9,OAK Stadium,1
2016_12_MIN_DET,2016,12,DET,MIN,2016-11-24T00:00:00,16,13,3,29,1,1,12,1,0.04315033555030823,0.04422663524746895,-0.06948481500148773,-0.11077412962913513,-0.04236561432480812,0.44766709208488464,0.3948967158794403,0.8807339668273926,0.687022864818573,0.43795621395111084,0.3935483992099762,10,10,DET Stadium,0
2016_12_WAS_DAL,2016,12,DAL,WAS,2016-11-24T00:00:00,31,26,5,57,1,1,12,1,0.13444171845912933,-0.0012755123898386955,0.07739917188882828,0.0529128834605217,0.11123094242066145,0.4953271150588989,0.4761350452899933,1.058823585510254,0.6792452931404114,0.4779411852359772,0.4676258862018585,10,10,DAL Stadium,0
2016_12_PIT_IND,2016,12,IND,PIT,2016-11-24T00:00:00,7,28,-21,35,0,1,12,0,0.05539149418473244,0.07101210951805115,0.029674358665943146,0.005070036742836237,-0.04022493725642562,0.45393258333206177,0.4402366876602173,0.9295774698257446,0.9344261884689331,0.4333333373069763,0.41304346919059753,10,10,IND Stadium,0
2016_12_ARI_ATL,2016,12,ATL,ARI,2016-11-27T00:00:00,38,19,19,57,1,1,12,0,0.13373319804668427,0.057821184396743774,-0.06508179754018784,-0.11220355331897736,0.02879025787115097,0.47836834192276,0.42903226613998413,0.7455621361732483,0.8799999952316284,0.40495866537094116,0.4312500059604645,10,10,ATL Stadium,0
2016_12_CIN_BAL,2016,12,BAL,CIN,2016-11-27T00:00:00,19,14,5,33,1,1,12,1,-0.0647922232747078,-0.09313845634460449,0.01572972722351551,0.0497441440820694,0.062360649928450584,0.40698984265327454,0.42840513586997986,0.75,0.8095238208770752,0.329341322183609,0.38461539149284363,10,10,BAL Stadium,1
2016_12_JAX_BUF,2016,12,BUF,JAX,2016-11-27T00:00:00,28,21,7,49,1,1,12,0,0.023466097190976143,-0.02804311364889145,-0.04958553984761238,0.04171798750758171,0.14281273819506168,0.42840376496315,0.4250870943069458,0.902255654335022,0.9473684430122375,0.3986014127731323,0.3496503531932831,10,10,BUF Stadium,1
2016_12_TEN_CHI,2016,12,CHI,TEN,2016-11-27T00:00:00,21,27,-6,48,0,1,12,0,-0.08554688841104507,0.022005517035722733,0.027797481045126915,0.025317536666989326,-0.1100323498249054,0.40839695930480957,0.4535752534866333,0.7358490824699402,1.105263113975525,0.302325576543808,0.4556961953639984,10,11,CHI Stadium,1
2016_12_NYG_CLE,2016,12,CLE,NYG,2016-11-27T00:00:00,13,27,-14,40,0,1,12,0,-0.06678251177072525,0.10363510996103287,-0.045602090656757355,-0.024638837203383446,-0.1494543682783842,0.36734694242477417,0.4182041883468628,0.9056603908538818,0.8571428656578064,0.3544303774833679,0.35820895433425903,11,10,CLE Stadium,1
2016_12_SD_HOU,2016,12,HOU,SD,2016-11-27T00:00:00,13,21,-8,34,0,1,12,0,-0.11016613990068436,-0.061418574303388596,0.0,0.0,0.0,0.41224971413612366,0.0,0.6050419807434082,0.0,0.40645161271095276,0.0,10,0,HOU Stadium,0
2016_12_SF_MIA,2016,12,MIA,SF,2016-11-27T00:00:00,31,24,7,55,1,1,12,0,-0.02802087366580963,-0.020475704222917557,-0.09052074700593948,0.05461934581398964,0.13759492337703705,0.42763158679008484,0.3910950720310211,0.800000011920929,0.9272726774215698,0.3333333432674408,0.3466666638851166,10,10,MIA Stadium,1
2016_12_LA_NO,2016,12,NO,LA,2016-11-27T00:00:00,49,21,28,70,1,1,12,0,0.031172433868050575,0.04888279363512993,-0.08782169967889786,-0.04194685444235802,0.028164485469460487,0.4665203094482422,0.38943490386009216,1.0,0.5555555820465088,0.4802631437778473,0.36000001430511475,10,10,NO Stadium,0
2016_12_SEA_TB,2016,12,TB,SEA,2016-11-27T00:00:00,14,5,9,19,1,1,12,0,-0.015506744384765625,0.018376266583800316,0.011380670592188835,-0.05515051633119583,-0.10041419789195061,0.4217907190322876,0.44157442450523376,0.8333333134651184,0.7883211374282837,0.45562130212783813,0.3741007149219513,10,10,TB Stadium,1
2016_12_NE_NYJ,2016,12,NYJ,NE,2016-11-27T00:00:00,17,22,-5,39,0,1,12,1,-0.04691211134195328,0.03436163440346718,0.10305427014827728,-0.021596649661660194,-0.20592466555535793,0.40556901693344116,0.4402366876602173,0.6315789818763733,0.9740260243415833,0.4161073863506317,0.5,10,10,NYJ Stadium,1
2016_12_CAR_OAK,2016,12,OAK,CAR,2016-11-27T00:00:00,35,32,3,67,1,1,12,0,0.0,0.0,-0.02225746400654316,-0.020032068714499474,0.0,0.0,0.43099546432495117,0.0,0.9333333373069763,0.0,0.41025641560554504,0,10,OAK Stadium,1
2016_12_KC_DEN,2016,12,DEN,KC,2016-11-27T00:00:00,27,30,-3,57,0,1,12,1,-0.031665679067373276,-0.09525959193706512,-0.012407857924699783,-0.06246151402592659,0.013540256768465042,0.4177514910697937,0.42874693870544434,0.6357616186141968,0.6086956262588501,0.3907284736633301,0.3310810923576355,10,10,DEN Stadium,1
2016_12_GB_PHI,2016,12,PHI,GB,2016-11-28T00:00:00,13,27,-14,40,0,1,12,0,-0.01524966862052679,-0.104952871799469,0.04682058468461037,0.09775058925151825,0.1406332077458501,0.4310148358345032,0.42791762948036194,0.7185628414154053,0.7868852615356445,0.31481480598449707,0.43589743971824646,10,10,PHI Stadium,1
2016_13_DAL_MIN,2016,13,MIN,DAL,2016-12-01T00:00:00,15,17,-2,32,0,1,13,0,-0.06809065490961075,-0.10582391917705536,0.14537429809570312,0.01607266627252102,-0.0915683675557375,0.3977653682231903,0.4972972869873047,0.6666666865348816,1.1411043405532837,0.386904776096344,0.4791666567325592,11,11,MIN Stadium,0
2016_13_KC_ATL,2016,13,ATL,KC,2016-12-04T00:00:00,28,29,-1,57,0,1,13,0,0.14011786878108978,0.04980197176337242,0.0003377998946234584,-0.04701430723071098,0.04296378989238292,0.49103137850761414,0.4318181872367859,0.782608687877655,0.6455696225166321,0.4166666567325592,0.3313252925872803,11,11,ATL Stadium,0
2016_13_MIA_BAL,2016,13,BAL,MIA,2016-12-04T00:00:00,38,6,32,44,1,1,13,0,-0.06444337218999863,-0.09390996396541595,-0.013187495060265064,-0.012930596247315407,0.029723490588366985,0.4094650149345398,0.4282296597957611,0.7428571581840515,0.8382353186607361,0.32786884903907776,0.3484848439693451,11,11,BAL Stadium,1
2016_13_SF_CHI,2016,13,CHI,SF,2016-12-04T00:00:00,26,6,20,32,1,1,13,0,-0.07751240581274033,0.029572609812021255,-0.07536587864160538,0.06066683307290077,0.028947696089744568,0.4104308485984802,0.39740821719169617,0.761904776096344,0.9448819160461426,0.3287671208381653,0.35542169213294983,11,11,CHI Stadium,1
2016_13_PHI_CIN,2016,13,CIN,PHI,2016-12-04T00:00:00,32,14,18,46,1,1,13,0,0.0045736441388726234,0.0395527109503746,-0.011130212806165218,-0.0692097395658493,-0.09305859357118607,0.4242105185985565,0.43473684787750244,0.7552447319030762,0.7325581312179565,0.3788819909095764,0.3257142901420593,11,11,CIN Stadium,1
2016_13_HOU_GB,2016,13,GB,HOU,2016-12-04T00:00:00,21,13,8,34,1,1,13,0,0.06607122719287872,0.0927499532699585,-0.11229096353054047,-0.057182133197784424,0.02843010425567627,0.4328824281692505,0.41371917724609375,0.8181818127632141,0.604651153087616,0.4651162922382355,0.3988095223903656,11,11,GB Stadium,1
2016_13_DEN_JAX,2016,13,JAX,DEN,2016-12-04T00:00:00,10,20,-10,30,0,1,13,0,-0.0445454865694046,0.04522159323096275,-0.01950840651988983,-0.07400762289762497,-0.1442662961781025,0.4237644672393799,0.4126315712928772,1.0243902206420898,0.6071428656578064,0.37106919288635254,0.3976608216762543,11,11,JAX Stadium,1
2016_13_LA_NE,2016,13,NE,LA,2016-12-04T00:00:00,26,10,16,36,1,1,13,0,0.09828150272369385,-0.024552756920456886,-0.09379656612873077,-0.017754187807440758,0.19887663796544075,0.4400428235530853,0.3930180072784424,0.9418604969978333,0.6315789222717285,0.4821428656578064,0.349693238735199,11,11,NE Stadium,1
2016_13_DET_NO,2016,13,NO,DET,2016-12-04T00:00:00,13,28,-15,41,0,1,13,0,0.04703442379832268,0.032119959592819214,0.034954603761434555,0.03636767342686653,0.01632753387093544,0.46706587076187134,0.4447004497051239,1.0,0.8571428060531616,0.4790419042110443,0.4370861053466797,11,11,NO Stadium,0
2016_13_BUF_OAK,2016,13,OAK,BUF,2016-12-04T00:00:00,38,24,14,62,1,1,13,0,0.0,0.0,0.028420021757483482,-0.024996928870677948,0.0,0.0,0.4273318946361542,0.0,0.9517241716384888,0.0,0.4012738764286041,0,11,OAK Stadium,1
2016_13_WAS_ARI,2016,13,ARI,WAS,2016-12-04T00:00:00,31,23,8,54,1,1,13,0,-0.06303946673870087,-0.08354506641626358,0.08606068789958954,0.070169597864151,0.004614509642124176,0.42490118741989136,0.472631573677063,0.8780487775802612,0.6741573214530945,0.42690059542655945,0.4740259647369385,11,11,ARI Stadium,0
2016_13_NYG_PIT,2016,13,PIT,NYG,2016-12-04T00:00:00,24,14,10,38,1,1,13,0,0.04412402585148811,-0.007755696307867765,-0.04326693341135979,-0.04121769964694977,0.0539289559237659,0.4429824650287628,0.4189189076423645,0.9375,0.9026548266410828,0.42384105920791626,0.35374149680137634,11,11,PIT Stadium,1
2016_13_TB_SD,2016,13,SD,TB,2016-12-04T00:00:00,21,28,-7,49,0,1,13,0,0.0,0.0,-0.023903684690594673,-0.003743215464055538,0.0,0.0,0.42047715187072754,0.0,0.8129032254219055,0.0,0.44505494832992554,0,11,SD Stadium,1
2016_13_CAR_SEA,2016,13,SEA,CAR,2016-12-04T00:00:00,40,7,33,47,1,1,13,0,-0.010837437584996223,-0.06066449359059334,-0.021004563197493553,-0.019067946821451187,0.05176367238163948,0.43532058596611023,0.425465852022171,0.782608687877655,0.9411764740943909,0.3576158881187439,0.4071856141090393,11,11,SEA Stadium,1
2016_13_IND_NYJ,2016,13,NYJ,IND,2016-12-05T00:00:00,10,41,-31,51,0,1,13,0,-0.04790463298559189,0.03619946539402008,0.03937247768044472,0.08212040364742279,-0.041356172412633896,0.4071190357208252,0.4435233175754547,0.6474820375442505,0.8846153616905212,0.42236024141311646,0.4424242377281189,11,11,NYJ Stadium,1
2016_14_OAK_KC,2016,14,KC,OAK,2016-12-08T00:00:00,21,13,8,34,1,1,14,1,0.008669815957546234,-0.03744286298751831,0.0,0.0,0.0,0.4327603578567505,0.0,0.682634711265564,0.0,0.3240223526954651,0.0,12,0,KC Stadium,1
2016_14_PIT_BUF,2016,14,BUF,PIT,2016-12-11T00:00:00,20,27,-7,47,0,1,14,0,0.027469946071505547,-0.009195355698466301,0.03760893642902374,-0.01990639418363571,-0.020850028842687607,0.4325123131275177,0.43987974524497986,0.9570552110671997,0.9333333373069763,0.40909090638160706,0.42514970898628235,12,12,BUF Stadium,1
2016_14_SD_CAR,2016,14,CAR,SD,2016-12-11T00:00:00,28,16,12,44,1,1,14,0,-0.03717312961816788,0.0005954770604148507,0.0,0.0,0.0,0.41594621539115906,0.0,0.9113923907279968,0.0,0.4055555462837219,0.0,12,0,CAR Stadium,1
2016_14_CIN_CLE,2016,14,CLE,CIN,2016-12-11T00:00:00,10,23,-13,33,0,1,14,1,-0.07963141053915024,0.09474704414606094,0.01540985144674778,0.027415122836828232,-0.16237318329513073,0.3711656332015991,0.4285714328289032,0.813559353351593,0.7636363506317139,0.3448275923728943,0.3920454680919647,12,12,CLE Stadium,1
2016_14_CHI_DET,2016,14,DET,CHI,2016-12-11T00:00:00,20,17,3,37,1,1,14,1,0.04491746053099632,0.020480360835790634,-0.07406079024076462,0.005423607770353556,0.10392149770632386,0.4512067139148712,0.40852391719818115,0.7769784331321716,0.8260869383811951,0.4363636374473572,0.3375000059604645,12,12,DET Stadium,0
2016_14_HOU_IND,2016,14,IND,HOU,2016-12-11T00:00:00,17,22,-5,39,0,1,14,1,0.05271773785352707,0.05490090698003769,-0.1112331673502922,-0.05301814153790474,0.056031856685876846,0.4467680752277374,0.41304346919059753,0.8863636255264282,0.6222222447395325,0.4525139629840851,0.3989070951938629,12,12,IND Stadium,0
2016_14_MIN_JAX,2016,14,JAX,MIN,2016-12-11T00:00:00,16,25,-9,41,0,1,14,0,-0.06542924046516418,0.02755802869796753,-0.07304699718952179,-0.10627351701259613,-0.12621378898620605,0.4117647111415863,0.4040403962135315,1.0161290168762207,0.6538461446762085,0.36464089155197144,0.3837837874889374,12,12,JAX Stadium,1
2016_14_ARI_MIA,2016,14,MIA,ARI,2016-12-11T00:00:00,26,23,3,49,1,1,14,0,-0.03673350065946579,-0.0009738369262777269,-0.05003604665398598,-0.07280860841274261,-0.0585322254919447,0.4207650125026703,0.4258589446544647,0.863309383392334,0.8666666746139526,0.34246575832366943,0.44680851697921753,12,12,MIA Stadium,1
2016_14_WAS_PHI,2016,14,PHI,WAS,2016-12-11T00:00:00,22,27,-5,49,0,1,14,1,-0.01816060021519661,-0.051632776856422424,0.08367312699556351,0.07201863080263138,0.021817680448293686,0.43088656663894653,0.47127556800842285,0.75,0.6631578803062439,0.33678755164146423,0.46987950801849365,12,12,PHI Stadium,1
2016_14_DEN_TEN,2016,14,TEN,DEN,2016-12-11T00:00:00,13,10,3,23,1,1,14,0,0.03438880294561386,0.021884551271796227,-0.032187774777412415,-0.09148172289133072,-0.04678969644010067,0.45688802003860474,0.40740740299224854,1.077844262123108,0.6242774724960327,0.4588235318660736,0.37634408473968506,12,12,TEN Stadium,1
2016_14_NYJ_SF,2016,14,SF,NYJ,2016-12-11T00:00:00,17,23,-6,40,0,1,14,0,-0.09184536337852478,0.0535845085978508,-0.06692435592412949,0.050688594579696655,-0.02781692147254944,0.3896103799343109,0.40082645416259766,0.8823529481887817,0.625,0.3499999940395355,0.4127906858921051,12,12,SF Stadium,1
2016_14_SEA_GB,2016,14,GB,SEA,2016-12-11T00:00:00,38,10,28,48,1,1,14,0,0.06162054464221001,0.07675868272781372,0.009108387865126133,-0.07400133460760117,-0.09824786055833101,0.434529572725296,0.44410255551338196,0.8285714387893677,0.7361963391304016,0.45652174949645996,0.3696969747543335,12,12,GB Stadium,1
2016_14_ATL_LA,2016,14,LA,ATL,2016-12-11T00:00:00,14,42,-28,56,0,1,14,0,-0.10289265960454941,-0.014373217709362507,0.13317224383354187,0.05452490225434303,-0.16716678347438574,0.3847758173942566,0.4959266781806946,0.6554621458053589,0.75,0.33142855763435364,0.4305555522441864,12,12,LA Stadium,1
2016_14_NO_TB,2016,14,TB,NO,2016-12-11T00:00:00,16,11,5,27,1,1,14,1,-0.016815220937132835,-0.009636159054934978,0.03209501877427101,0.04180707037448883,0.0025329897180199623,0.42119815945625305,0.46168053150177,0.7885714173316956,0.9767442345619202,0.44387754797935486,0.47252747416496277,12,12,TB Stadium,1
2016_14_DAL_NYG,2016,14,NYG,DAL,2016-12-11T00:00:00,10,7,3,17,1,1,14,1,-0.05294216424226761,-0.04044809937477112,0.1277363896369934,0.0029338800814002752,-0.13729657442308962,0.420560747385025,0.48942598700523376,0.9047619104385376,1.1856287717819214,0.3499999940395355,0.4545454680919647,12,12,NYG Stadium,1
2016_14_BAL_NE,2016,14,NE,BAL,2016-12-12T00:00:00,30,23,7,53,1,1,14,0,0.09063702821731567,-0.03821954131126404,-0.04827627167105675,-0.10946639627218246,0.067666444927454,0.43798449635505676,0.41816461086273193,0.9281768202781677,0.8360655307769775,0.45945945382118225,0.3350515365600586,12,12,NE Stadium,1
2016_15_LA_SEA,2016,15,SEA,LA,2016-12-15T00:00:00,24,3,21,27,1,1,15,1,-0.012538895942270756,-0.062012460082769394,-0.12202924489974976,-0.007615783717483282,0.1638870253227651,0.44769084453582764,0.3876190483570099,0.7017543911933899,0.6818181872367859,0.3785310685634613,0.33862432837486267,13,13,SEA Stadium,1
2016_15_MIA_NYJ,2016,15,NYJ,MIA,2016-12-17T00:00:00,13,34,-21,47,0,1,15,1,-0.0589616484940052,0.038338229060173035,-0.046913620084524155,-0.012283519841730595,-0.06266977731138468,0.40262171626091003,0.41767069697380066,0.649681568145752,0.8571428656578064,0.41578948497772217,0.3354037404060364,13,13,NYJ Stadium,1
2016_15_PHI_BAL,2016,15,BAL,PHI,2016-12-18T00:00:00,27,26,1,53,1,1,15,0,-0.04191327467560768,-0.09471213817596436,-0.016244634985923767,-0.04204618185758591,0.026997316628694534,0.417391300201416,0.4321959614753723,0.8321167826652527,0.7164179086685181,0.3380952477455139,0.3507108986377716,13,13,BAL Stadium,1
2016_15_CLE_BUF,2016,15,BUF,CLE,2016-12-18T00:00:00,33,13,20,46,1,1,15,0,0.021857451647520065,-0.003361085429787636,-0.08567306399345398,0.09223489463329315,0.20312649570405483,0.4252767562866211,0.36832061409950256,0.9710982441902161,0.8031496405601501,0.40860214829444885,0.3492063581943512,13,13,BUF Stadium,1
2016_15_GB_CHI,2016,15,CHI,GB,2016-12-18T00:00:00,27,30,-3,57,0,1,15,1,-0.0676019936800003,0.0066667767241597176,0.06449935585260391,0.04886556416749954,-0.08990256208926439,0.4098837077617645,0.43670886754989624,0.7755101919174194,0.8761061429977417,0.34502923488616943,0.44897958636283875,13,13,CHI Stadium,1
2016_15_PIT_CIN,2016,15,CIN,PIT,2016-12-18T00:00:00,20,24,-4,44,0,1,15,1,0.019089343026280403,0.014743330888450146,0.03960854932665825,-0.022574614733457565,-0.05783715192228556,0.43637993931770325,0.44454628229141235,0.7868852615356445,0.9290322065353394,0.4031413495540619,0.42307692766189575,13,13,CIN Stadium,1
2016_15_JAX_HOU,2016,15,HOU,JAX,2016-12-18T00:00:00,21,20,1,41,1,1,15,1,-0.10166016966104507,-0.057427778840065,-0.0636708065867424,0.03608964383602142,0.05552805960178375,0.41818180680274963,0.404720276594162,0.5769230723381042,1.0,0.402010053396225,0.3663366436958313,13,13,HOU Stadium,0
2016_15_TEN_KC,2016,15,KC,TEN,2016-12-18T00:00:00,17,19,-2,36,0,1,15,0,-0.0021965703926980495,-0.05043761059641838,0.023692553862929344,0.010000872425734997,0.034549358766525984,0.42615240812301636,0.45187902450561523,0.6936416029930115,1.0333333015441895,0.3298429250717163,0.4444444477558136,13,13,KC Stadium,1
2016_15_IND_MIN,2016,15,MIN,IND,2016-12-18T00:00:00,6,34,-28,40,0,1,15,0,-0.05644823983311653,-0.10087215900421143,0.04098115488886833,0.051162783056497574,0.054605547338724136,0.4040968418121338,0.4426807761192322,0.6229507923126221,0.8709677457809448,0.37755101919174194,0.45026177167892456,13,13,MIN Stadium,0
2016_15_DET_NYG,2016,15,NYG,DET,2016-12-18T00:00:00,17,6,11,23,1,1,15,0,-0.07399198412895203,-0.06209270656108856,0.043028637766838074,0.020526409149169922,-0.034401506185531616,0.4143540561199188,0.44937318563461304,0.8837209343910217,0.774193525314331,0.3333333432674408,0.4438202381134033,13,13,NYG Stadium,1
2016_15_NO_ARI,2016,15,ARI,NO,2016-12-18T00:00:00,41,48,-7,89,0,1,15,0,-0.05739802122116089,-0.0795600637793541,0.023044196888804436,0.03670426830649376,0.03582211397588253,0.42701342701911926,0.45736435055732727,0.8795811533927917,0.9170305132865906,0.44059404730796814,0.4591836631298065,13,13,ARI Stadium,0
2016_15_SF_ATL,2016,15,ATL,SF,2016-12-18T00:00:00,41,13,28,54,1,1,15,0,0.12963753938674927,0.024725396186113358,-0.09374326467514038,0.050609078258275986,0.24926448613405228,0.4914933741092682,0.38646894693374634,0.7860261797904968,0.9428571462631226,0.42675158381462097,0.33678755164146423,13,13,ATL Stadium,0
2016_15_NE_DEN,2016,15,DEN,NE,2016-12-18T00:00:00,3,16,-13,19,0,1,15,0,-0.04031320661306381,-0.09263602644205093,0.08924650400876999,-0.0323697030544281,-0.06929338723421097,0.4072398245334625,0.44096601009368896,0.59375,0.9253731369972229,0.36868685483932495,0.46268656849861145,13,13,DEN Stadium,1
2016_15_OAK_SD,2016,15,SD,OAK,2016-12-18T00:00:00,16,19,-3,35,0,1,15,1,0.0,0.0,0.0,0.0,0.0,0.0,0.0,0.0,0.0,0.0,0.0,0,0,SD Stadium,1
2016_15_TB_DAL,2016,15,DAL,TB,2016-12-18T00:00:00,26,20,6,46,1,1,15,0,0.09135004132986069,-0.0220462866127491,-0.01744907908141613,-0.016446463763713837,0.11439894326031208,0.47069767117500305,0.4241645336151123,1.1785714626312256,0.7783783674240112,0.4201183319091797,0.4449760913848877,13,13,DAL Stadium,0
2016_15_CAR_WAS,2016,15,WAS,CAR,2016-12-19T00:00:00,15,26,-11,41,0,1,15,0,0.08501936495304108,0.06630326807498932,-0.03791408985853195,-0.013527036644518375,0.043103150092065334,0.47015610337257385,0.4155614376068115,0.6567164063453674,0.8618784546852112,0.4624277353286743,0.402010053396225,13,13,WAS Stadium,1
2016_16_NYG_PHI,2016,16,PHI,NYG,2016-12-22T00:00:00,24,19,5,43,1,1,16,1,-0.013578889891505241,-0.039891790598630905,-0.06784092634916306,-0.06566449999809265,0.028489327058196068,0.43488746881484985,0.4176313579082489,0.6933333277702332,0.9264706373214722,0.35807859897613525,0.34210526943206787,14,14,PHI Stadium,1
2016_16_MIA_BUF,2016,16,BUF,MIA,2016-12-24T00:00:00,31,34,-3,65,0,1,16,1,0.03210654854774475,-0.008267132565379143,-0.042419981211423874,-0.031750064343214035,0.05104359798133373,0.43310463428497314,0.41525423526763916,0.9795917868614197,0.8674699068069458,0.41025641560554504,0.33522728085517883,14,14,BUF Stadium,1
2016_16_ATL_CAR,2016,16,CAR,ATL,2016-12-24T00:00:00,16,33,-17,49,0,1,16,1,-0.037418242543935776,-0.029031841084361076,0.14075836539268494,0.01617807149887085,-0.1329666953533888,0.41618970036506653,0.49605607986450195,0.8140703439712524,0.8159999847412109,0.3925233781337738,0.4371257424354553,14,14,CAR Stadium,1
2016_16_WAS_CHI,2016,16,CHI,WAS,2016-12-24T00:00:00,21,41,-20,62,0,1,16,0,-0.05749059468507767,0.01569611392915249,0.0623239241540432,0.0587683729827404,-0.07674225978553295,0.4188340902328491,0.4624573290348053,0.800000011920929,0.650943398475647,0.3463687002658844,0.44086021184921265,14,14,CHI Stadium,1
2016_16_SD_CLE,2016,16,CLE,SD,2016-12-24T00:00:00,20,17,3,37,1,1,16,0,-0.0853964164853096,0.09740602225065231,0.0,0.0,0.0,0.3695458471775055,0.0,0.7883211374282837,0.0,0.3449999988079071,0.0,14,0,CLE Stadium,1
2016_16_MIN_GB,2016,16,GB,MIN,2016-12-24T00:00:00,38,25,13,63,1,1,16,1,0.06961964070796967,0.05030718073248863,-0.06907574832439423,-0.07901133596897125,0.009376872330904007,0.44003379344940186,0.40786024928092957,0.8536585569381714,0.60317462682724,0.4444444477558136,0.3719806671142578,14,14,GB Stadium,1
2016_16_TEN_JAX,2016,16,JAX,TEN,2016-12-24T00:00:00,38,17,21,55,1,1,16,1,-0.06784985214471817,0.022546354681253433,0.02055930159986019,0.003834689036011696,-0.1071208193898201,0.4000000059604645,0.4534585773944855,0.978723406791687,1.047619104385376,0.35779815912246704,0.4433497488498688,14,14,JAX Stadium,1
2016_16_NYJ_NE,2016,16,NE,NYJ,2016-12-24T00:00:00,41,3,38,44,1,1,16,1,0.08362964540719986,-0.044947221875190735,-0.07604724168777466,0.037583474069833755,0.242207583039999,0.4407622218132019,0.40223944187164307,0.9142857193946838,0.5930232405662537,0.4541284441947937,0.4097560942173004,14,14,NE Stadium,1
2016_16_IND_OAK,2016,16,OAK,IND,2016-12-24T00:00:00,33,25,8,58,1,1,16,0,0.0,0.0,0.051177654415369034,0.03219378739595413,0.0,0.0,0.4459901750087738,0.0,0.8487804532051086,0.0,0.4585365951061249,0,14,OAK Stadium,1
2016_16_SF_LA,2016,16,LA,SF,2016-12-24T00:00:00,21,22,-1,43,0,1,16,1,-0.13030628859996796,-0.002594271209090948,-0.09525061398744583,0.06570573896169662,0.03324433555826545,0.3887900412082672,0.3833477795124054,0.6382978558540344,0.9863013625144958,0.3365853726863861,0.3446601927280426,14,14,LA Stadium,1
2016_16_TB_NO,2016,16,NO,TB,2016-12-24T00:00:00,31,24,7,55,1,1,16,1,0.03805983066558838,0.04220641404390335,-0.02318396419286728,-0.017108703032135963,0.0019286777824163437,0.4612954258918762,0.42329317331314087,0.9176470637321472,0.7575757503509521,0.47641509771347046,0.44144144654273987,14,14,NO Stadium,0
2016_16_ARI_SEA,2016,16,SEA,ARI,2016-12-24T00:00:00,31,34,-3,65,0,1,16,1,-0.006981855724006891,-0.07358202338218689,-0.04650142416357994,-0.05419103801250458,0.05891055380925536,0.44249340891838074,0.43509048223495483,0.7021276354789734,0.907317042350769,0.3834196925163269,0.44131454825401306,14,14,SEA Stadium,1
2016_16_CIN_HOU,2016,16,HOU,CIN,2016-12-24T00:00:00,12,10,2,22,1,1,16,0,-0.10360788553953171,-0.062368303537368774,0.0213484987616539,0.024845857173204422,-0.03774222359061241,0.41965028643608093,0.43986544013023376,0.5517241358757019,0.7647058963775635,0.4000000059604645,0.4117647111415863,14,14,HOU Stadium,0
2016_16_BAL_PIT,2016,16,PIT,BAL,2016-12-25T00:00:00,31,27,4,58,1,1,16,1,0.04781617224216461,-0.01749696210026741,-0.03998158127069473,-0.0850379541516304,0.020256761461496353,0.44792547821998596,0.4171428680419922,0.8421052694320679,0.8689655661582947,0.4191919267177582,0.342342346906662,14,14,PIT Stadium,1
2016_16_DEN_KC,2016,16,KC,DEN,2016-12-25T00:00:00,33,10,23,43,1,1,16,1,-0.00785091146826744,-0.048585545271635056,-0.05221812427043915,-0.08515152335166931,0.007801234722137451,0.42480212450027466,0.4082840383052826,0.6631578803062439,0.5757575631141663,0.32367148995399475,0.3601895868778229,14,14,KC Stadium,1
2016_16_DET_DAL,2016,16,DAL,DET,2016-12-26T00:00:00,42,21,21,63,1,1,16,0,0.08228056132793427,-0.027984417974948883,0.03185194358229637,0.020108412951231003,0.09852144867181778,0.4716981053352356,0.44474393129348755,1.1475409269332886,0.7317072749137878,0.4175824224948883,0.44102564454078674,14,14,DAL Stadium,0
2016_17_BAL_CIN,2016,17,CIN,BAL,2017-01-01T00:00:00,27,10,17,37,1,1,17,1,0.010920170694589615,0.01642398163676262,-0.030647464096546173,-0.0723419040441513,-0.04719825088977814,0.44085174798965454,0.4153378903865814,0.7609755992889404,0.8518518805503845,0.41363635659217834,0.3583333194255829,15,15,CIN Stadium,1
2016_17_JAX_IND,2016,17,IND,JAX,2017-01-01T00:00:00,24,20,4,44,1,1,17,1,0.05207228660583496,0.036751460283994675,-0.055012959986925125,0.010399425402283669,0.08073321171104908,0.45116278529167175,0.405653178691864,0.8691588640213013,0.9803921580314636,0.4600938856601715,0.35930734872817993,15,15,IND Stadium,0
2016_17_NE_MIA,2016,17,MIA,NE,2017-01-01T00:00:00,14,35,-21,49,0,1,17,1,-0.027002327144145966,-0.02320239506661892,0.089052215218544,-0.06397301703691483,-0.15682516433298588,0.418544203042984,0.44255974888801575,0.8666666746139526,0.8780487775802612,0.3404255211353302,0.47058823704719543,15,15,MIA Stadium,1
2016_17_CHI_MIN,2016,17,MIN,CHI,2017-01-01T00:00:00,38,10,28,48,1,1,17,1,-0.06797956675291061,-0.06867919862270355,-0.056348610669374466,0.03366667032241821,0.09071491286158562,0.40740740299224854,0.42500001192092896,0.5943396687507629,0.822857141494751,0.3660714328289032,0.3650793731212616,15,15,MIN Stadium,0
2016_17_BUF_NYJ,2016,17,NYJ,BUF,2017-01-01T00:00:00,30,10,20,40,1,1,17,1,-0.09338043630123138,0.04673014581203461,0.035474490374326706,0.003115863772109151,-0.17246920871548355,0.3974047005176544,0.4375,0.5666666626930237,0.98591548204422,0.39351850748062134,0.4112149477005005,15,15,NYJ Stadium,1
2016_17_DAL_PHI,2016,17,PHI,DAL,2017-01-01T00:00:00,27,13,14,40,1,1,17,1,-0.013926387764513493,-0.03952672705054283,0.09393991529941559,-0.026306254789233208,-0.09464583080261946,0.43204250931739807,0.4746580719947815,0.6724137663841248,1.1692308187484741,0.3595041334629059,0.41450777649879456,15,15,PHI Stadium,1
2016_17_CLE_PIT,2016,17,PIT,CLE,2017-01-01T00:00:00,27,24,3,51,1,1,17,1,0.052386995404958725,-0.00911626685410738,-0.07765718549489975,0.0913330540060997,0.23049350176006556,0.4554140269756317,0.3696369528770447,0.8983957171440125,0.8108108043670654,0.41545894742012024,0.3502304255962372,15,15,PIT Stadium,1
2016_17_CAR_TB,2016,17,TB,CAR,2017-01-01T00:00:00,17,16,1,33,1,1,17,1,-0.01810857281088829,-0.008092372678220272,-0.042132310569286346,-0.01640847697854042,0.015707633458077908,0.42694929242134094,0.41374045610427856,0.7751196622848511,0.7751196622848511,0.44915252923965454,0.38695651292800903,15,15,TB Stadium,1
2016_17_HOU_TEN,2016,17,TEN,HOU,2017-01-01T00:00:00,24,17,7,41,1,1,17,1,0.008278201334178448,0.011990846134722233,-0.10397017002105713,-0.06784427165985107,0.03241325356066227,0.44734758138656616,0.41796875,1.0396039485931396,0.5161290168762207,0.4377880096435547,0.3965517282485962,15,15,TEN Stadium,1
2016_17_NO_ATL,2016,17,ATL,NO,2017-01-01T00:00:00,38,32,6,70,1,1,17,1,0.1423529088497162,0.00794228632003069,0.04279569536447525,0.04360329359769821,0.13521822076290846,0.4942810535430908,0.46489283442497253,0.7865168452262878,0.9197080135345459,0.43169400095939636,0.4690265357494354,15,15,ATL Stadium,0
2016_17_OAK_DEN,2016,17,DEN,OAK,2017-01-01T00:00:00,24,6,18,30,1,1,17,1,-0.06301503628492355,-0.0740865096449852,0.0,0.0,0.0,0.40395256876945496,0.0,0.594059407711029,0.0,0.35087719559669495,0.0,15,0,DEN Stadium,1
2016_17_ARI_LA,2016,17,LA,ARI,2017-01-01T00:00:00,6,44,-38,50,0,1,17,1,-0.12914781272411346,-0.0068025290966033936,-0.04182501882314682,-0.05322859436273575,-0.133748859167099,0.3891666531562805,0.43565088510513306,0.6800000071525574,0.931506872177124,0.3378995358943939,0.4260089695453644,15,15,LA Stadium,1
2016_17_KC_SD,2016,17,SD,KC,2017-01-01T00:00:00,27,37,-10,64,0,1,17,1,0.0,0.0,-0.001668809331022203,-0.05929619446396828,0.0,0.0,0.4261363744735718,0.0,0.6699029207229614,0.0,0.3333333432674408,0,15,SD Stadium,1
2016_17_SEA_SF,2016,17,SF,SEA,2017-01-01T00:00:00,23,25,-2,48,0,1,17,1,-0.09251023828983307,0.055708155035972595,-0.009767425246536732,-0.06687119603157043,-0.20532216411083937,0.38621795177459717,0.43861067295074463,1.0384615659713745,0.6792452931404114,0.3468468487262726,0.39047619700431824,15,15,SF Stadium,1
2016_17_NYG_WAS,2016,17,WAS,NYG,2017-01-01T00:00:00,10,19,-9,29,0,1,17,1,0.0772658959031105,0.05210304260253906,-0.06509201973676682,-0.06312879174947739,0.02712608128786087,0.46847566962242126,0.41938111186027527,0.6806722283363342,0.8627451062202454,0.45771142840385437,0.3537735939025879,15,15,WAS Stadium,1
2016_17_GB_DET,2016,17,DET,GB,2017-01-01T00:00:00,24,31,-7,55,0,1,17,1,0.02918628603219986,0.03632359951734543,0.07019326835870743,0.0418759323656559,-0.0354546494781971,0.4446294605731964,0.4414556920528412,0.745945930480957,0.8897338509559631,0.4396135210990906,0.44144144654273987,15,15,DET Stadium,0
