player_id,game_id,season,week,team,avg_separation,avg_cushion,avg_yac_above_expectation,avg_target_separation,avg_caught_separation,avg_intended_air_yards,avg_completed_air_yards,avg_yac,avg_yac_over_expected,catch_percentage,drop_rate,avg_target_depth,avg_reception_depth,created_at
00-0038124,2023_07_GB_DEN,2023,7,GB,4.3,8.89,0.2,,,,,,,,,,,2025-10-05T19:30:17.520292
00-0030506,2023_07_LAC_KC,2023,7,KC,3.94,8.41,0.27,,,,,,,,,,,2025-10-05T19:30:17.520292
00-0032211,2023_07_ARI_SEA,2023,7,SEA,1.78,7.87,-0.9,,,,,,,,,,,2025-10-05T19:30:17.520292
00-0035676,2023_07_MIA_PHI,2023,7,PHI,1.92,7.76,1.77,,,,,,,,,,,2025-10-05T19:30:17.520292
00-0036912,2023_07_MIA_PHI,2023,7,PHI,1.91,7.68,0.2,,,,,,,,,,,2025-10-05T19:30:17.520292
00-0034272,2023_07_LAC_KC,2023,7,KC,2.66,7.45,2.35,,,,,,,,,,,2025-10-05T19:30:17.520292
00-0035662,2023_07_ARI_SEA,2023,7,ARI,2.15,6.75,0.74,,,,,,,,,,,2025-10-05T19:30:17.520292
00-0036613,2023_07_MIA_PHI,2023,7,MIA,3.0,6.69,-2.58,,,,,,,,,,,2025-10-05T19:30:17.520292
00-0030279,2023_07_LAC_KC,2023,7,LAC,3.47,6.46,-1.7,,,,,,,,,,,2025-10-05T19:30:17.520292
00-0036407,2023_07_GB_DEN,2023,7,DEN,4.74,6.43,-0.16,,,,,,,,,,,2025-10-05T19:30:17.520292
00-0038752,2023_07_ARI_SEA,2023,7,SEA,1.95,6.36,0.65,,,,,,,,,,,2025-10-05T19:30:17.520292
00-0035229,2023_07_SF_MIN,2023,7,MIN,3.12,6.3,0.29,,,,,,,,,,,2025-10-05T19:30:17.520292
00-0038994,2023_07_SF_MIN,2023,7,MIN,2.99,6.28,4.7,,,,,,,,,,,2025-10-05T19:30:17.520292
00-0034351,2023_07_MIA_PHI,2023,7,PHI,4.44,6.09,0.14,,,,,,,,,,,2025-10-05T19:30:17.520292
00-0039067,2023_07_LAC_KC,2023,7,KC,4.28,5.94,0.85,,,,,,,,,,,2025-10-05T19:30:17.520292
00-0036259,2023_07_SF_MIN,2023,7,SF,4.82,5.89,0.65,,,,,,,,,,,2025-10-05T19:30:17.520292
00-0038543,2023_07_ARI_SEA,2023,7,SEA,3.32,5.86,0.3,,,,,,,,,,,2025-10-05T19:30:17.520292
00-0033040,2023_07_MIA_PHI,2023,7,MIA,3.68,5.74,-0.76,,,,,,,,,,,2025-10-05T19:30:17.520292
00-0034646,2023_07_SF_MIN,2023,7,MIN,2.33,5.68,1.34,,,,,,,,,,,2025-10-05T19:30:17.520292
00-0036261,2023_07_SF_MIN,2023,7,SF,3.76,5.53,0.01,,,,,,,,,,,2025-10-05T19:30:17.520292
00-0036988,2023_07_LAC_KC,2023,7,LAC,2.98,5.06,2.25,,,,,,,,,,,2025-10-05T19:30:17.520292
00-0034348,2023_07_GB_DEN,2023,7,DEN,2.32,5.03,-0.98,,,,,,,,,,,2025-10-05T19:30:17.520292
00-0037816,2023_07_GB_DEN,2023,7,GB,1.66,4.88,3.53,,,,,,,,,,,2025-10-05T19:30:17.520292
00-0037744,2023_07_ARI_SEA,2023,7,ARI,3.36,4.68,1.67,,,,,,,,,,,2025-10-05T19:30:17.520292
00-0036345,2023_07_SF_MIN,2023,7,MIN,2.12,4.27,-0.92,,,,,,,,,,,2025-10-05T19:30:17.520292
00-0033288,2023_07_SF_MIN,2023,7,SF,2.88,4.11,-0.18,,,,,,,,,,,2025-10-05T19:30:17.520292
00-0039144,2023_07_GB_DEN,2023,7,GB,3.68,3.58,0.18,,,,,,,,,,,2025-10-05T19:30:17.520292
00-0034827,2023_08_CHI_LAC,2023,8,CHI,4.1,9.73,1.78,,,,,,,,,,,2025-10-05T19:30:17.520292
00-0036290,2023_08_CHI_LAC,2023,8,CHI,3.99,9.29,0.19,,,,,,,,,,,2025-10-05T19:30:17.520292
00-0031941,2023_08_PHI_WAS,2023,8,WAS,5.34,8.94,0.37,,,,,,,,,,,2025-10-05T19:30:17.520292
00-0034775,2023_08_JAX_PIT,2023,8,JAX,2.79,8.75,0.25,,,,,,,,,,,2025-10-05T19:30:17.520292
00-0036554,2023_08_HOU_CAR,2023,8,HOU,2.82,8.53,0.45,,,,,,,,,,,2025-10-05T19:30:17.520292
00-0039064,2023_08_BAL_ARI,2023,8,BAL,3.42,8.46,-0.51,,,,,,,,,,,2025-10-05T19:30:17.520292
00-0038997,2023_08_NO_IND,2023,8,IND,2.98,8.12,-0.12,,,,,,,,,,,2025-10-05T19:30:17.520292
00-0036980,2023_08_CLE_SEA,2023,8,CLE,4.25,8.06,1.22,,,,,,,,,,,2025-10-05T19:30:17.520292
00-0037816,2023_08_MIN_GB,2023,8,GB,3.72,7.74,-0.71,,,,,,,,,,,2025-10-05T19:30:17.520292
00-0030506,2023_08_KC_DEN,2023,8,KC,2.5,7.57,-0.28,,,,,,,,,,,2025-10-05T19:30:17.520292
00-0036410,2023_08_CIN_SF,2023,8,CIN,2.45,7.43,1.16,,,,,,,,,,,2025-10-05T19:30:17.520292
00-0035329,2023_08_CHI_LAC,2023,8,LAC,3.65,7.18,1.31,,,,,,,,,,,2025-10-05T19:30:17.520292
00-0035216,2023_08_JAX_PIT,2023,8,PIT,2.76,7.14,-0.87,,,,,,,,,,,2025-10-05T19:30:17.520292
00-0036963,2023_08_LV_DET,2023,8,DET,3.49,7.09,0.18,,,,,,,,,,,2025-10-05T19:30:17.520292
00-0038129,2023_08_TB_BUF,2023,8,TB,4.97,7.04,-0.68,,,,,,,,,,,2025-10-05T19:30:17.520292
00-0039052,2023_08_TB_BUF,2023,8,TB,2.66,7.02,0.48,,,,,,,,,,,2025-10-05T19:30:17.520292
00-0036613,2023_08_NE_MIA,2023,8,MIA,3.67,7.01,-0.44,,,,,,,,,,,2025-10-05T19:30:17.520292
00-0036252,2023_08_NO_IND,2023,8,IND,3.07,6.86,0.03,,,,,,,,,,,2025-10-05T19:30:17.520292
00-0036407,2023_08_KC_DEN,2023,8,DEN,2.38,6.81,0.29,,,,,,,,,,,2025-10-05T19:30:17.520292
00-0038621,2023_08_NE_MIA,2023,8,NE,3.36,6.75,-0.74,,,,,,,,,,,2025-10-05T19:30:17.520292
00-0030035,2023_08_HOU_CAR,2023,8,CAR,2.72,6.73,-4.43,,,,,,,,,,,2025-10-05T19:30:17.520292
00-0037741,2023_08_PHI_WAS,2023,8,WAS,2.84,6.7,-0.88,,,,,,,,,,,2025-10-05T19:30:17.520292
00-0037238,2023_08_ATL_TEN,2023,8,ATL,1.38,6.69,-0.51,,,,,,,,,,,2025-10-05T19:30:17.520292
00-0037239,2023_08_NO_IND,2023,8,NO,3.43,6.67,-1.31,,,,,,,,,,,2025-10-05T19:30:17.520292
00-0038994,2023_08_MIN_GB,2023,8,MIN,2.57,6.66,2.45,,,,,,,,,,,2025-10-05T19:30:17.520292
00-0032211,2023_08_CLE_SEA,2023,8,SEA,4.08,6.51,-1.5,,,,,,,,,,,2025-10-05T19:30:17.520292
00-0039065,2023_08_LV_DET,2023,8,DET,5.13,6.47,-1.1,,,,,,,,,,,2025-10-05T19:30:17.520292
00-0034521,2023_08_NYJ_NYG,2023,8,NYJ,1.6,6.46,0.13,,,,,,,,,,,2025-10-05T19:30:17.520292
00-0036196,2023_08_TB_BUF,2023,8,BUF,4.43,6.46,0.88,,,,,,,,,,,2025-10-05T19:30:17.520292
00-0035659,2023_08_PHI_WAS,2023,8,WAS,3.17,6.43,-0.54,,,,,,,,,,,2025-10-05T19:30:17.520292
00-0036261,2023_08_CIN_SF,2023,8,SF,3.66,6.39,1.22,,,,,,,,,,,2025-10-05T19:30:17.520292
00-0034351,2023_08_PHI_WAS,2023,8,PHI,2.86,6.23,0.38,,,,,,,,,,,2025-10-05T19:30:17.520292
00-0037664,2023_08_NO_IND,2023,8,IND,3.39,6.22,2.88,,,,,,,,,,,2025-10-05T19:30:17.520292
00-0039146,2023_08_MIN_GB,2023,8,GB,4.41,6.17,2.46,,,,,,,,,,,2025-10-05T19:30:17.520292
00-0033591,2023_08_HOU_CAR,2023,8,HOU,3.53,6.1,4.96,,,,,,,,,,,2025-10-05T19:30:17.520292
00-0033921,2023_08_TB_BUF,2023,8,TB,3.41,6.07,0.07,,,,,,,,,,,2025-10-05T19:30:17.520292
00-0033881,2023_08_JAX_PIT,2023,8,JAX,3.01,6.05,2.2,,,,,,,,,,,2025-10-05T19:30:17.520292
00-0038124,2023_08_MIN_GB,2023,8,GB,1.91,6.04,0.43,,,,,,,,,,,2025-10-05T19:30:17.520292
00-0036970,2023_08_ATL_TEN,2023,8,ATL,2.11,5.97,0.93,,,,,,,,,,,2025-10-05T19:30:17.520292
00-0036900,2023_08_CIN_SF,2023,8,CIN,4.1,5.96,0.48,,,,,,,,,,,2025-10-05T19:30:17.520292
00-0030279,2023_08_CHI_LAC,2023,8,LAC,2.27,5.93,-0.27,,,,,,,,,,,2025-10-05T19:30:17.520292
00-0035662,2023_08_BAL_ARI,2023,8,ARI,3.32,5.77,0.23,,,,,,,,,,,2025-10-05T19:30:17.520292
00-0036912,2023_08_PHI_WAS,2023,8,PHI,3.51,5.7,0.4,,,,,,,,,,,2025-10-05T19:30:17.520292
00-0036415,2023_08_ATL_TEN,2023,8,ATL,2.44,5.68,0.58,,,,,,,,,,,2025-10-05T19:30:17.520292
00-0034383,2023_08_HOU_CAR,2023,8,HOU,2.88,5.68,-1.75,,,,,,,,,,,2025-10-05T19:30:17.520292
00-0039067,2023_08_KC_DEN,2023,8,KC,6.03,5.6,5.25,,,,,,,,,,,2025-10-05T19:30:17.520292
00-0031588,2023_08_TB_BUF,2023,8,BUF,2.76,5.47,0.29,,,,,,,,,,,2025-10-05T19:30:17.520292
00-0039062,2023_08_HOU_CAR,2023,8,CAR,2.37,5.42,-3.43,,,,,,,,,,,2025-10-05T19:30:17.520292
00-0031381,2023_08_LV_DET,2023,8,LV,3.94,5.3,-2.32,,,,,,,,,,,2025-10-05T19:30:17.520292
00-0035676,2023_08_PHI_WAS,2023,8,PHI,2.03,5.3,1.07,,,,,,,,,,,2025-10-05T19:30:17.520292
00-0038559,2023_08_BAL_ARI,2023,8,ARI,2.9,5.29,2.14,,,,,,,,,,,2025-10-05T19:30:17.520292
00-0035640,2023_08_CLE_SEA,2023,8,SEA,2.43,5.28,0.12,,,,,,,,,,,2025-10-05T19:30:17.520292
00-0033040,2023_08_NE_MIA,2023,8,MIA,3.03,5.22,0.38,,,,,,,,,,,2025-10-05T19:30:17.520292
00-0038933,2023_08_TB_BUF,2023,8,BUF,2.41,5.16,1.05,,,,,,,,,,,2025-10-05T19:30:17.520292
00-0037261,2023_08_TB_BUF,2023,8,BUF,3.96,5.14,2.59,,,,,,,,,,,2025-10-05T19:30:17.520292
00-0037247,2023_08_JAX_PIT,2023,8,PIT,2.01,5.09,8.61,,,,,,,,,,,2025-10-05T19:30:17.520292
00-0033288,2023_08_CIN_SF,2023,8,SF,3.67,4.98,2.07,,,,,,,,,,,2025-10-05T19:30:17.520292
00-0030564,2023_08_ATL_TEN,2023,8,TEN,2.27,4.92,0.84,,,,,,,,,,,2025-10-05T19:30:17.520292
00-0034753,2023_08_BAL_ARI,2023,8,BAL,2.82,4.9,0.97,,,,,,,,,,,2025-10-05T19:30:17.520292
00-0036345,2023_08_MIN_GB,2023,8,MIN,4.53,4.62,0.44,,,,,,,,,,,2025-10-05T19:30:17.520292
00-0031408,2023_08_TB_BUF,2023,8,TB,2.56,4.56,-1.14,,,,,,,,,,,2025-10-05T19:30:17.520292
00-0038544,2023_08_CHI_LAC,2023,8,LAC,3.28,4.43,0.36,,,,,,,,,,,2025-10-05T19:30:17.520292
00-0037744,2023_08_BAL_ARI,2023,8,ARI,2.7,4.35,0.21,,,,,,,,,,,2025-10-05T19:30:17.520292
00-0034837,2023_08_JAX_PIT,2023,8,JAX,1.71,4.28,-1.02,,,,,,,,,,,2025-10-05T19:30:17.520292
00-0036358,2023_08_LA_DAL,2023,8,DAL,2.35,4.23,1.77,,,,,,,,,,,2025-10-05T19:30:17.520292
00-0033885,2023_08_CLE_SEA,2023,8,CLE,2.47,4.14,8.89,,,,,,,,,,,2025-10-05T19:30:17.520292
00-0037809,2023_08_ATL_TEN,2023,8,TEN,3.38,4.09,-2.44,,,,,,,,,,,2025-10-05T19:30:17.520292
00-0031260,2023_08_PHI_WAS,2023,8,WAS,2.4,3.87,0.73,,,,,,,,,,,2025-10-05T19:30:17.520292
00-0035229,2023_08_MIN_GB,2023,8,MIN,2.43,3.68,1.04,,,,,,,,,,,2025-10-05T19:30:17.520292
00-0031544,2023_08_CLE_SEA,2023,8,CLE,2.3,3.63,1.39,,,,,,,,,,,2025-10-05T19:30:17.520292
00-0037304,2023_08_JAX_PIT,2023,8,PIT,2.6,3.33,-0.55,,,,,,,,,,,2025-10-05T19:30:17.520292
00-0037740,2023_08_NYJ_NYG,2023,8,NYJ,1.58,2.92,0.27,,,,,,,,,,,2025-10-05T19:30:17.520292
00-0032765,2023_08_NO_IND,2023,8,NO,2.37,2.8,4.21,,,,,,,,,,,2025-10-05T19:30:17.520292
00-0038117,2023_09_NYG_LV,2023,9,NYG,4.83,10.32,0.53,,,,,,,,,,,2025-10-05T19:30:17.520292
00-0035535,2023_09_NYG_LV,2023,9,NYG,4.11,9.88,2.66,,,,,,,,,,,2025-10-05T19:30:17.520292
00-0034386,2023_09_MIA_KC,2023,9,KC,2.08,8.72,-0.97,,,,,,,,,,,2025-10-05T19:30:17.520292
00-0036252,2023_09_IND_CAR,2023,9,IND,2.92,8.61,-0.25,,,,,,,,,,,2025-10-05T19:30:17.520292
00-0038938,2023_09_NYG_LV,2023,9,NYG,2.43,8.4,-1.45,,,,,,,,,,,2025-10-05T19:30:17.520292
00-0038933,2023_09_BUF_CIN,2023,9,BUF,4.23,7.84,1.05,,,,,,,,,,,2025-10-05T19:30:17.520292
00-0035676,2023_09_DAL_PHI,2023,9,PHI,3.21,7.81,0.47,,,,,,,,,,,2025-10-05T19:30:17.520292
00-0033858,2023_09_MIN_ATL,2023,9,ATL,6.28,7.76,14.18,,,,,,,,,,,2025-10-05T19:30:17.520292
00-0038994,2023_09_MIN_ATL,2023,9,MIN,3.54,7.69,-2.3,,,,,,,,,,,2025-10-05T19:30:17.520292
00-0033857,2023_09_WAS_NE,2023,9,NE,2.27,7.63,-0.48,,,,,,,,,,,2025-10-05T19:30:17.520292
00-0033921,2023_09_TB_HOU,2023,9,TB,3.07,7.58,-0.65,,,,,,,,,,,2025-10-05T19:30:17.520292
00-0034613,2023_09_BUF_CIN,2023,9,CIN,2.97,7.46,1.18,,,,,,,,,,,2025-10-05T19:30:17.520292
00-0037273,2023_09_TEN_PIT,2023,9,TEN,3.44,7.4,-1.52,,,,,,,,,,,2025-10-05T19:30:17.520292
00-0034383,2023_09_TB_HOU,2023,9,HOU,4.56,7.33,-0.1,,,,,,,,,,,2025-10-05T19:30:17.520292
00-0035216,2023_09_TEN_PIT,2023,9,PIT,4.17,7.32,-0.22,,,,,,,,,,,2025-10-05T19:30:17.520292
00-0030035,2023_09_IND_CAR,2023,9,CAR,3.36,7.24,-0.6,,,,,,,,,,,2025-10-05T19:30:17.520292
00-0036438,2023_09_IND_CAR,2023,9,CAR,4.99,7.21,-1.24,,,,,,,,,,,2025-10-05T19:30:17.520292
00-0034270,2023_09_LAC_NYJ,2023,9,NYJ,3.22,7.17,-0.08,,,,,,,,,,,2025-10-05T19:30:17.520292
00-0037744,2023_09_ARI_CLE,2023,9,ARI,3.83,7.01,0.78,,,,,,,,,,,2025-10-05T19:30:17.520292
00-0038977,2023_09_TB_HOU,2023,9,HOU,2.93,7.01,0.01,,,,,,,,,,,2025-10-05T19:30:17.520292
00-0031408,2023_09_TB_HOU,2023,9,TB,1.81,6.8,0.09,,,,,,,,,,,2025-10-05T19:30:17.520292
00-0037740,2023_09_LAC_NYJ,2023,9,NYJ,3.71,6.71,-0.16,,,,,,,,,,,2025-10-05T19:30:17.520292
00-0034521,2023_09_LAC_NYJ,2023,9,NYJ,2.39,6.69,0.61,,,,,,,,,,,2025-10-05T19:30:17.520292
00-0038543,2023_09_SEA_BAL,2023,9,SEA,3.44,6.66,-1.49,,,,,,,,,,,2025-10-05T19:30:17.520292
00-0030279,2023_09_LAC_NYJ,2023,9,LAC,2.87,6.38,-0.63,,,,,,,,,,,2025-10-05T19:30:17.520292
00-0037247,2023_09_TEN_PIT,2023,9,PIT,2.32,6.26,-4.99,,,,,,,,,,,2025-10-05T19:30:17.520292
00-0032211,2023_09_SEA_BAL,2023,9,SEA,1.71,6.17,-0.93,,,,,,,,,,,2025-10-05T19:30:17.520292
00-0034854,2023_09_MIN_ATL,2023,9,ATL,3.46,6.11,3.29,,,,,,,,,,,2025-10-05T19:30:17.520292
00-0036309,2023_09_CHI_NO,2023,9,CHI,5.26,6.08,3.77,,,,,,,,,,,2025-10-05T19:30:17.520292
00-0035659,2023_09_WAS_NE,2023,9,WAS,3.68,6.05,1.92,,,,,,,,,,,2025-10-05T19:30:17.520292
00-0036550,2023_09_SEA_BAL,2023,9,BAL,0.87,6.01,-0.81,,,,,,,,,,,2025-10-05T19:30:17.520292
00-0036040,2023_09_CHI_NO,2023,9,NO,3.82,5.87,-0.41,,,,,,,,,,,2025-10-05T19:30:17.520292
00-0038621,2023_09_WAS_NE,2023,9,NE,1.18,5.77,0.2,,,,,,,,,,,2025-10-05T19:30:17.520292
00-0031941,2023_09_WAS_NE,2023,9,WAS,2.31,5.75,0.05,,,,,,,,,,,2025-10-05T19:30:17.520292
00-0037239,2023_09_CHI_NO,2023,9,NO,3.02,5.69,-4.29,,,,,,,,,,,2025-10-05T19:30:17.520292
00-0034418,2023_09_MIA_KC,2023,9,MIA,1.61,5.66,,,,,,,,,,,,2025-10-05T19:30:17.520292
00-0036290,2023_09_CHI_NO,2023,9,CHI,2.91,5.65,-0.63,,,,,,,,,,,2025-10-05T19:30:17.520292
00-0033591,2023_09_TB_HOU,2023,9,HOU,3.08,5.63,7.51,,,,,,,,,,,2025-10-05T19:30:17.520292
00-0033090,2023_09_WAS_NE,2023,9,NE,1.54,5.61,0.05,,,,,,,,,,,2025-10-05T19:30:17.520292
00-0031544,2023_09_ARI_CLE,2023,9,CLE,2.39,5.6,3.24,,,,,,,,,,,2025-10-05T19:30:17.520292
00-0033040,2023_09_MIA_KC,2023,9,MIA,2.74,5.58,0.0,,,,,,,,,,,2025-10-05T19:30:17.520292
00-0037741,2023_09_WAS_NE,2023,9,WAS,3.11,5.55,0.21,,,,,,,,,,,2025-10-05T19:30:17.520292
00-0034827,2023_09_CHI_NO,2023,9,CHI,3.49,5.47,-1.02,,,,,,,,,,,2025-10-05T19:30:17.520292
00-0037666,2023_09_DAL_PHI,2023,9,DAL,2.26,5.43,0.42,,,,,,,,,,,2025-10-05T19:30:17.520292
00-0031381,2023_09_NYG_LV,2023,9,LV,2.22,5.43,1.58,,,,,,,,,,,2025-10-05T19:30:17.520292
00-0031588,2023_09_BUF_CIN,2023,9,BUF,2.56,5.41,4.32,,,,,,,,,,,2025-10-05T19:30:17.520292
00-0038129,2023_09_TB_HOU,2023,9,TB,3.66,5.3,-0.19,,,,,,,,,,,2025-10-05T19:30:17.520292
00-0034753,2023_09_SEA_BAL,2023,9,BAL,3.19,5.2,-0.42,,,,,,,,,,,2025-10-05T19:30:17.520292
00-0035229,2023_09_MIN_ATL,2023,9,MIN,2.19,5.13,2.5,,,,,,,,,,,2025-10-05T19:30:17.520292
00-0036970,2023_09_MIN_ATL,2023,9,ATL,2.46,5.11,0.45,,,,,,,,,,,2025-10-05T19:30:17.520292
00-0033885,2023_09_ARI_CLE,2023,9,CLE,4.03,5.11,1.07,,,,,,,,,,,2025-10-05T19:30:17.520292
00-0036358,2023_09_DAL_PHI,2023,9,DAL,3.05,4.65,-0.4,,,,,,,,,,,2025-10-05T19:30:17.520292
00-0036387,2023_09_WAS_NE,2023,9,NE,1.81,4.63,-0.19,,,,,,,,,,,2025-10-05T19:30:17.520292
00-0036410,2023_09_BUF_CIN,2023,9,CIN,2.74,4.6,1.63,,,,,,,,,,,2025-10-05T19:30:17.520292
00-0035662,2023_09_ARI_CLE,2023,9,ARI,3.03,4.46,-3.22,,,,,,,,,,,2025-10-05T19:30:17.520292
00-0036554,2023_09_TB_HOU,2023,9,HOU,4.2,4.4,1.86,,,,,,,,,,,2025-10-05T19:30:17.520292
00-0031260,2023_09_WAS_NE,2023,9,WAS,4.46,4.37,0.52,,,,,,,,,,,2025-10-05T19:30:17.520292
00-0031235,2023_09_SEA_BAL,2023,9,BAL,2.08,4.25,0.07,,,,,,,,,,,2025-10-05T19:30:17.520292
00-0033009,2023_09_BUF_CIN,2023,9,CIN,2.23,4.23,1.6,,,,,,,,,,,2025-10-05T19:30:17.520292
00-0036900,2023_09_BUF_CIN,2023,9,CIN,2.44,3.95,-0.01,,,,,,,,,,,2025-10-05T19:30:17.520292
00-0032134,2023_09_LAC_NYJ,2023,9,NYJ,3.69,3.91,-4.47,,,,,,,,,,,2025-10-05T19:30:17.520292
00-0034960,2023_09_NYG_LV,2023,9,LV,2.53,3.78,1.39,,,,,,,,,,,2025-10-05T19:30:17.520292
00-0036613,2023_09_MIA_KC,2023,9,MIA,1.95,3.74,-0.87,,,,,,,,,,,2025-10-05T19:30:17.520292
00-0038041,2023_09_DAL_PHI,2023,9,DAL,2.7,3.61,3.41,,,,,,,,,,,2025-10-05T19:30:17.520292
00-0030564,2023_09_TEN_PIT,2023,9,TEN,2.92,3.47,1.36,,,,,,,,,,,2025-10-05T19:30:17.520292
00-0034270,2023_10_NYJ_LV,2023,10,NYJ,5.07,9.16,0.69,,,,,,,,,,,2025-10-05T19:30:17.520292
00-0039146,2023_10_GB_PIT,2023,10,GB,5.14,8.74,-0.1,,,,,,,,,,,2025-10-05T19:30:17.520292
00-0034646,2023_10_NO_MIN,2023,10,MIN,1.95,8.27,-0.45,,,,,,,,,,,2025-10-05T19:30:17.520292
00-0036980,2023_10_CLE_BAL,2023,10,CLE,4.15,7.85,-0.61,,,,,,,,,,,2025-10-05T19:30:17.520292
00-0034827,2023_10_CAR_CHI,2023,10,CHI,3.48,7.82,3.08,,,,,,,,,,,2025-10-05T19:30:17.520292
00-0033885,2023_10_CLE_BAL,2023,10,CLE,5.8,7.82,2.7,,,,,,,,,,,2025-10-05T19:30:17.520292
00-0033921,2023_10_TEN_TB,2023,10,TB,3.26,7.47,-1.6,,,,,,,,,,,2025-10-05T19:30:17.520292
00-0039065,2023_10_DET_LAC,2023,10,DET,1.53,7.39,0.52,,,,,,,,,,,2025-10-05T19:30:17.520292
00-0039064,2023_10_CLE_BAL,2023,10,BAL,3.06,7.36,-0.75,,,,,,,,,,,2025-10-05T19:30:17.520292
00-0036196,2023_10_DEN_BUF,2023,10,BUF,2.05,7.29,6.62,,,,,,,,,,,2025-10-05T19:30:17.520292
00-0036252,2023_10_IND_NE,2023,10,IND,2.54,7.21,-1.95,,,,,,,,,,,2025-10-05T19:30:17.520292
00-0034613,2023_10_HOU_CIN,2023,10,CIN,3.71,7.17,-0.8,,,,,,,,,,,2025-10-05T19:30:17.520292
00-0033591,2023_10_HOU_CIN,2023,10,HOU,3.89,7.15,3.43,,,,,,,,,,,2025-10-05T19:30:17.520292
00-0038543,2023_10_WAS_SEA,2023,10,SEA,6.68,6.85,1.26,,,,,,,,,,,2025-10-05T19:30:17.520292
00-0036936,2023_10_ATL_ARI,2023,10,ARI,5.02,6.74,0.49,,,,,,,,,,,2025-10-05T19:30:17.520292
00-0031408,2023_10_TEN_TB,2023,10,TB,1.91,6.69,-2.21,,,,,,,,,,,2025-10-05T19:30:17.520292
00-0035640,2023_10_WAS_SEA,2023,10,SEA,2.31,6.67,2.39,,,,,,,,,,,2025-10-05T19:30:17.520292
00-0030035,2023_10_CAR_CHI,2023,10,CAR,2.74,6.66,0.31,,,,,,,,,,,2025-10-05T19:30:17.520292
00-0033090,2023_10_IND_NE,2023,10,NE,1.5,6.65,-1.68,,,,,,,,,,,2025-10-05T19:30:17.520292
00-0037666,2023_10_NYG_DAL,2023,10,DAL,2.3,6.61,-1.74,,,,,,,,,,,2025-10-05T19:30:17.520292
00-0039062,2023_10_CAR_CHI,2023,10,CAR,1.96,6.56,-1.4,,,,,,,,,,,2025-10-05T19:30:17.520292
00-0038621,2023_10_IND_NE,2023,10,NE,4.25,6.53,-0.51,,,,,,,,,,,2025-10-05T19:30:17.520292
00-0034383,2023_10_HOU_CIN,2023,10,HOU,2.8,6.48,-1.68,,,,,,,,,,,2025-10-05T19:30:17.520292
00-0038933,2023_10_DEN_BUF,2023,10,BUF,4.87,6.43,0.45,,,,,,,,,,,2025-10-05T19:30:17.520292
00-0036900,2023_10_HOU_CIN,2023,10,CIN,1.75,6.33,4.22,,,,,,,,,,,2025-10-05T19:30:17.520292
00-0037273,2023_10_TEN_TB,2023,10,TEN,5.44,6.29,5.18,,,,,,,,,,,2025-10-05T19:30:17.520292
00-0037740,2023_10_NYJ_LV,2023,10,NYJ,2.79,6.24,2.33,,,,,,,,,,,2025-10-05T19:30:17.520292
00-0037239,2023_10_NO_MIN,2023,10,NO,2.3,6.13,1.49,,,,,,,,,,,2025-10-05T19:30:17.520292
00-0030564,2023_10_TEN_TB,2023,10,TEN,1.95,6.11,0.04,,,,,,,,,,,2025-10-05T19:30:17.520292
00-0031588,2023_10_DEN_BUF,2023,10,BUF,2.63,6.06,3.89,,,,,,,,,,,2025-10-05T19:30:17.520292
00-0036970,2023_10_ATL_ARI,2023,10,ATL,2.37,5.98,-0.38,,,,,,,,,,,2025-10-05T19:30:17.520292
00-0036963,2023_10_DET_LAC,2023,10,DET,2.93,5.9,3.39,,,,,,,,,,,2025-10-05T19:30:17.520292
00-0030279,2023_10_DET_LAC,2023,10,LAC,2.83,5.86,2.32,,,,,,,,,,,2025-10-05T19:30:17.520292
00-0035229,2023_10_NO_MIN,2023,10,MIN,3.88,5.74,0.67,,,,,,,,,,,2025-10-05T19:30:17.520292
00-0038977,2023_10_HOU_CIN,2023,10,HOU,2.52,5.74,0.13,,,,,,,,,,,2025-10-05T19:30:17.520292
00-0032211,2023_10_WAS_SEA,2023,10,SEA,4.21,5.74,0.48,,,,,,,,,,,2025-10-05T19:30:17.520292
00-0038994,2023_10_NO_MIN,2023,10,MIN,2.38,5.71,3.02,,,,,,,,,,,2025-10-05T19:30:17.520292
00-0033009,2023_10_HOU_CIN,2023,10,CIN,2.83,5.7,4.09,,,,,,,,,,,2025-10-05T19:30:17.520292
00-0035414,2023_10_DET_LAC,2023,10,LAC,1.77,5.61,2.69,,,,,,,,,,,2025-10-05T19:30:17.520292
00-0031544,2023_10_CLE_BAL,2023,10,CLE,2.71,5.36,0.63,,,,,,,,,,,2025-10-05T19:30:17.520292
00-0031236,2023_10_NYG_DAL,2023,10,DAL,2.76,5.31,2.16,,,,,,,,,,,2025-10-05T19:30:17.520292
00-0033282,2023_10_WAS_SEA,2023,10,WAS,1.97,5.27,0.35,,,,,,,,,,,2025-10-05T19:30:17.520292
00-0038124,2023_10_GB_PIT,2023,10,GB,2.02,5.23,-0.71,,,,,,,,,,,2025-10-05T19:30:17.520292
00-0036358,2023_10_NYG_DAL,2023,10,DAL,2.77,5.17,0.49,,,,,,,,,,,2025-10-05T19:30:17.520292
00-0038589,2023_10_TEN_TB,2023,10,TEN,3.71,5.08,-3.09,,,,,,,,,,,2025-10-05T19:30:17.520292
00-0037744,2023_10_ATL_ARI,2023,10,ARI,3.57,5.04,2.84,,,,,,,,,,,2025-10-05T19:30:17.520292
00-0031381,2023_10_NYJ_LV,2023,10,LV,1.78,4.96,1.91,,,,,,,,,,,2025-10-05T19:30:17.520292
00-0033881,2023_10_SF_JAX,2023,10,JAX,3.57,4.89,-1.82,,,,,,,,,,,2025-10-05T19:30:17.520292
00-0037545,2023_10_NO_MIN,2023,10,NO,3.67,4.8,-1.1,,,,,,,,,,,2025-10-05T19:30:17.520292
00-0038041,2023_10_NYG_DAL,2023,10,DAL,2.1,4.77,-0.95,,,,,,,,,,,2025-10-05T19:30:17.520292
00-0037816,2023_10_GB_PIT,2023,10,GB,3.61,4.76,-1.51,,,,,,,,,,,2025-10-05T19:30:17.520292
00-0034521,2023_10_NYJ_LV,2023,10,NYJ,2.66,4.76,-6.84,,,,,,,,,,,2025-10-05T19:30:17.520292
00-0034348,2023_10_DEN_BUF,2023,10,DEN,3.59,4.72,0.04,,,,,,,,,,,2025-10-05T19:30:17.520292
00-0035659,2023_10_WAS_SEA,2023,10,WAS,1.39,4.49,0.85,,,,,,,,,,,2025-10-05T19:30:17.520292
00-0031260,2023_10_WAS_SEA,2023,10,WAS,4.43,4.48,-0.26,,,,,,,,,,,2025-10-05T19:30:17.520292
00-0034775,2023_10_SF_JAX,2023,10,JAX,2.83,4.41,2.0,,,,,,,,,,,2025-10-05T19:30:17.520292
00-0036290,2023_10_CAR_CHI,2023,10,CHI,3.9,4.32,1.13,,,,,,,,,,,2025-10-05T19:30:17.520292
00-0037809,2023_10_TEN_TB,2023,10,TEN,3.59,4.27,-0.03,,,,,,,,,,,2025-10-05T19:30:17.520292
00-0038559,2023_10_ATL_ARI,2023,10,ARI,1.3,4.08,2.07,,,,,,,,,,,2025-10-05T19:30:17.520292
00-0039066,2023_10_NYJ_LV,2023,10,LV,2.38,3.97,0.32,,,,,,,,,,,2025-10-05T19:30:17.520292
00-0038994,2023_11_MIN_DEN,2023,11,MIN,1.66,9.93,-0.67,,,,,,,,,,,2025-10-05T19:30:17.520292
00-0039146,2023_11_LAC_GB,2023,11,GB,3.51,9.37,-0.4,,,,,,,,,,,2025-10-05T19:30:17.520292
00-0031260,2023_11_NYG_WAS,2023,11,WAS,3.99,9.29,0.01,,,,,,,,,,,2025-10-05T19:30:17.520292
00-0036407,2023_11_MIN_DEN,2023,11,DEN,5.05,9.08,2.05,,,,,,,,,,,2025-10-05T19:30:17.520292
00-0036980,2023_11_PIT_CLE,2023,11,CLE,3.47,9.0,0.42,,,,,,,,,,,2025-10-05T19:30:17.520292
00-0033881,2023_11_TEN_JAX,2023,11,JAX,2.66,8.76,-0.16,,,,,,,,,,,2025-10-05T19:30:17.520292
00-0037666,2023_11_DAL_CAR,2023,11,DAL,1.51,8.68,-2.02,,,,,,,,,,,2025-10-05T19:30:17.520292
00-0039065,2023_11_CHI_DET,2023,11,DET,3.61,8.65,-0.43,,,,,,,,,,,2025-10-05T19:30:17.520292
00-0033921,2023_11_TB_SF,2023,11,TB,1.99,8.53,-1.2,,,,,,,,,,,2025-10-05T19:30:17.520292
00-0035500,2023_11_ARI_HOU,2023,11,ARI,4.17,8.52,1.21,,,,,,,,,,,2025-10-05T19:30:17.520292
00-0034983,2023_11_LV_MIA,2023,11,LV,2.65,8.14,3.3,,,,,,,,,,,2025-10-05T19:30:17.520292
00-0035662,2023_11_ARI_HOU,2023,11,ARI,1.63,8.08,-0.15,,,,,,,,,,,2025-10-05T19:30:17.520292
00-0038977,2023_11_ARI_HOU,2023,11,HOU,1.96,8.08,0.67,,,,,,,,,,,2025-10-05T19:30:17.520292
00-0036358,2023_11_DAL_CAR,2023,11,DAL,3.39,8.06,0.26,,,,,,,,,,,2025-10-05T19:30:17.520292
00-0038393,2023_11_LAC_GB,2023,11,GB,3.22,7.88,9.83,,,,,,,,,,,2025-10-05T19:30:17.520292
00-0033040,2023_11_LV_MIA,2023,11,MIA,3.83,7.81,0.49,,,,,,,,,,,2025-10-05T19:30:17.520292
00-0034764,2023_11_DAL_CAR,2023,11,DAL,3.32,7.79,-0.09,,,,,,,,,,,2025-10-05T19:30:17.520292
00-0036554,2023_11_ARI_HOU,2023,11,HOU,1.79,7.74,-0.19,,,,,,,,,,,2025-10-05T19:30:17.520292
00-0034775,2023_11_TEN_JAX,2023,11,JAX,1.93,7.69,0.03,,,,,,,,,,,2025-10-05T19:30:17.520292
00-0035659,2023_11_NYG_WAS,2023,11,WAS,2.28,7.65,-0.81,,,,,,,,,,,2025-10-05T19:30:17.520292
00-0036613,2023_11_LV_MIA,2023,11,MIA,3.51,7.63,2.89,,,,,,,,,,,2025-10-05T19:30:17.520292
00-0037744,2023_11_ARI_HOU,2023,11,ARI,3.88,7.61,0.06,,,,,,,,,,,2025-10-05T19:30:17.520292
00-0038563,2023_11_LV_MIA,2023,11,LV,3.46,7.58,-1.02,,,,,,,,,,,2025-10-05T19:30:17.520292
00-0038544,2023_11_LAC_GB,2023,11,LAC,1.32,7.52,3.15,,,,,,,,,,,2025-10-05T19:30:17.520292
00-0030279,2023_11_LAC_GB,2023,11,LAC,2.6,7.37,-0.1,,,,,,,,,,,2025-10-05T19:30:17.520292
00-0039062,2023_11_DAL_CAR,2023,11,CAR,3.16,7.26,2.47,,,,,,,,,,,2025-10-05T19:30:17.520292
00-0030564,2023_11_TEN_JAX,2023,11,TEN,2.55,7.24,0.8,,,,,,,,,,,2025-10-05T19:30:17.520292
00-0034960,2023_11_LV_MIA,2023,11,LV,3.36,7.21,-0.32,,,,,,,,,,,2025-10-05T19:30:17.520292
00-0036912,2023_11_PHI_KC,2023,11,PHI,2.76,7.15,-0.85,,,,,,,,,,,2025-10-05T19:30:17.520292
00-0035535,2023_11_NYG_WAS,2023,11,NYG,4.24,7.09,5.48,,,,,,,,,,,2025-10-05T19:30:17.520292
00-0036963,2023_11_CHI_DET,2023,11,DET,1.83,7.0,1.13,,,,,,,,,,,2025-10-05T19:30:17.520292
00-0034348,2023_11_MIN_DEN,2023,11,DEN,2.14,6.99,-0.56,,,,,,,,,,,2025-10-05T19:30:17.520292
00-0038129,2023_11_TB_SF,2023,11,TB,5.77,6.78,0.86,,,,,,,,,,,2025-10-05T19:30:17.520292
00-0037816,2023_11_LAC_GB,2023,11,GB,2.32,6.74,-1.06,,,,,,,,,,,2025-10-05T19:30:17.520292
00-0036900,2023_11_CIN_BAL,2023,11,CIN,1.33,6.72,4.34,,,,,,,,,,,2025-10-05T19:30:17.520292
00-0032211,2023_11_SEA_LA,2023,11,SEA,3.09,6.64,0.5,,,,,,,,,,,2025-10-05T19:30:17.520292
00-0031588,2023_11_NYJ_BUF,2023,11,BUF,3.26,6.62,2.64,,,,,,,,,,,2025-10-05T19:30:17.520292
00-0038933,2023_11_NYJ_BUF,2023,11,BUF,3.94,6.56,-0.62,,,,,,,,,,,2025-10-05T19:30:17.520292
00-0034837,2023_11_TEN_JAX,2023,11,JAX,2.46,6.39,0.21,,,,,,,,,,,2025-10-05T19:30:17.520292
00-0035229,2023_11_MIN_DEN,2023,11,MIN,2.15,6.33,0.88,,,,,,,,,,,2025-10-05T19:30:17.520292
00-0039144,2023_11_LAC_GB,2023,11,GB,3.23,6.3,-1.64,,,,,,,,,,,2025-10-05T19:30:17.520292
00-0039066,2023_11_LV_MIA,2023,11,LV,4.06,6.3,2.14,,,,,,,,,,,2025-10-05T19:30:17.520292
00-0035640,2023_11_SEA_LA,2023,11,SEA,3.01,6.2,1.3,,,,,,,,,,,2025-10-05T19:30:17.520292
00-0030431,2023_11_ARI_HOU,2023,11,HOU,2.86,6.16,-1.28,,,,,,,,,,,2025-10-05T19:30:17.520292
00-0031408,2023_11_TB_SF,2023,11,TB,1.83,6.13,0.02,,,,,,,,,,,2025-10-05T19:30:17.520292
00-0035216,2023_11_PIT_CLE,2023,11,PIT,2.64,6.1,-1.16,,,,,,,,,,,2025-10-05T19:30:17.520292
00-0030035,2023_11_DAL_CAR,2023,11,CAR,2.71,6.01,-0.76,,,,,,,,,,,2025-10-05T19:30:17.520292
00-0031235,2023_11_CIN_BAL,2023,11,BAL,2.68,5.92,5.18,,,,,,,,,,,2025-10-05T19:30:17.520292
00-0039067,2023_11_PHI_KC,2023,11,KC,5.21,5.88,1.3,,,,,,,,,,,2025-10-05T19:30:17.520292
00-0037247,2023_11_PIT_CLE,2023,11,PIT,2.81,5.81,-0.87,,,,,,,,,,,2025-10-05T19:30:17.520292
00-0035329,2023_11_LAC_GB,2023,11,LAC,3.23,5.57,1.71,,,,,,,,,,,2025-10-05T19:30:17.520292
00-0039052,2023_11_TB_SF,2023,11,TB,3.38,5.54,-1.15,,,,,,,,,,,2025-10-05T19:30:17.520292
00-0034386,2023_11_PHI_KC,2023,11,KC,2.86,5.33,-1.46,,,,,,,,,,,2025-10-05T19:30:17.520292
00-0035341,2023_11_CIN_BAL,2023,11,CIN,2.95,5.32,-0.73,,,,,,,,,,,2025-10-05T19:30:17.520292
00-0030506,2023_11_PHI_KC,2023,11,KC,3.08,5.24,0.23,,,,,,,,,,,2025-10-05T19:30:17.520292
00-0034827,2023_11_CHI_DET,2023,11,CHI,2.42,5.16,0.5,,,,,,,,,,,2025-10-05T19:30:17.520292
00-0033009,2023_11_CIN_BAL,2023,11,CIN,2.07,5.15,0.11,,,,,,,,,,,2025-10-05T19:30:17.520292
00-0038041,2023_11_DAL_CAR,2023,11,DAL,3.01,5.04,-0.81,,,,,,,,,,,2025-10-05T19:30:17.520292
00-0033288,2023_11_TB_SF,2023,11,SF,4.27,5.01,0.73,,,,,,,,,,,2025-10-05T19:30:17.520292
00-0031381,2023_11_LV_MIA,2023,11,LV,2.29,4.88,0.27,,,,,,,,,,,2025-10-05T19:30:17.520292
00-0036261,2023_11_TB_SF,2023,11,SF,2.38,4.73,10.86,,,,,,,,,,,2025-10-05T19:30:17.520292
00-0033885,2023_11_PIT_CLE,2023,11,CLE,2.8,4.7,1.26,,,,,,,,,,,2025-10-05T19:30:17.520292
00-0037740,2023_11_NYJ_BUF,2023,11,NYJ,2.14,4.51,-1.92,,,,,,,,,,,2025-10-05T19:30:17.520292
00-0031544,2023_11_PIT_CLE,2023,11,CLE,1.05,4.05,-0.17,,,,,,,,,,,2025-10-05T19:30:17.520292
00-0038543,2023_11_SEA_LA,2023,11,SEA,1.63,3.47,-0.38,,,,,,,,,,,2025-10-05T19:30:17.520292
00-0038621,2023_12_NE_NYG,2023,12,NE,3.54,9.61,2.04,,,,,,,,,,,2025-10-05T19:30:17.520292
00-0033921,2023_12_TB_IND,2023,12,TB,2.45,9.19,3.52,,,,,,,,,,,2025-10-05T19:30:17.520292
00-0031547,2023_12_NE_NYG,2023,12,NE,3.19,8.98,2.62,,,,,,,,,,,2025-10-05T19:30:17.520292
00-0038117,2023_12_NE_NYG,2023,12,NYG,3.99,8.84,0.31,,,,,,,,,,,2025-10-05T19:30:17.520292
00-0032211,2023_12_SF_SEA,2023,12,SEA,2.03,8.7,-1.06,,,,,,,,,,,2025-10-05T19:30:17.520292
00-0037741,2023_12_WAS_DAL,2023,12,WAS,2.06,8.68,-1.49,,,,,,,,,,,2025-10-05T19:30:17.520292
00-0033282,2023_12_WAS_DAL,2023,12,WAS,3.25,8.37,0.53,,,,,,,,,,,2025-10-05T19:30:17.520292
00-0036182,2023_12_CAR_TEN,2023,12,TEN,2.73,8.37,-1.03,,,,,,,,,,,2025-10-05T19:30:17.520292
00-0038104,2023_12_NE_NYG,2023,12,NE,3.56,8.17,2.87,,,,,,,,,,,2025-10-05T19:30:17.520292
00-0039064,2023_12_BAL_LAC,2023,12,BAL,4.51,7.91,1.55,,,,,,,,,,,2025-10-05T19:30:17.520292
00-0039062,2023_12_CAR_TEN,2023,12,CAR,5.72,7.79,-1.99,,,,,,,,,,,2025-10-05T19:30:17.520292
00-0030279,2023_12_BAL_LAC,2023,12,LAC,3.41,7.79,-0.56,,,,,,,,,,,2025-10-05T19:30:17.520292
00-0037238,2023_12_NO_ATL,2023,12,ATL,2.38,7.76,3.66,,,,,,,,,,,2025-10-05T19:30:17.520292
00-0034827,2023_12_CHI_MIN,2023,12,CHI,3.71,7.74,2.59,,,,,,,,,,,2025-10-05T19:30:17.520292
00-0035229,2023_12_CHI_MIN,2023,12,MIN,2.45,7.73,-1.36,,,,,,,,,,,2025-10-05T19:30:17.520292
00-0036887,2023_12_JAX_HOU,2023,12,JAX,3.19,7.65,3.95,,,,,,,,,,,2025-10-05T19:30:17.520292
00-0037838,2023_12_BAL_LAC,2023,12,BAL,4.81,7.54,3.33,,,,,,,,,,,2025-10-05T19:30:17.520292
00-0039052,2023_12_TB_IND,2023,12,TB,5.19,7.46,-2.24,,,,,,,,,,,2025-10-05T19:30:17.520292
00-0036894,2023_12_PIT_CIN,2023,12,PIT,2.82,7.41,2.15,,,,,,,,,,,2025-10-05T19:30:17.520292
00-0036980,2023_12_CLE_DEN,2023,12,CLE,2.26,7.4,0.14,,,,,,,,,,,2025-10-05T19:30:17.520292
00-0037545,2023_12_NO_ATL,2023,12,NO,3.18,7.25,-8.2,,,,,,,,,,,2025-10-05T19:30:17.520292
00-0035719,2023_12_SF_SEA,2023,12,SF,4.81,7.22,1.45,,,,,,,,,,,2025-10-05T19:30:17.520292
00-0033881,2023_12_JAX_HOU,2023,12,JAX,3.33,7.12,1.73,,,,,,,,,,,2025-10-05T19:30:17.520292
00-0039067,2023_12_KC_LV,2023,12,KC,4.54,7.04,2.96,,,,,,,,,,,2025-10-05T19:30:17.520292
00-0038977,2023_12_JAX_HOU,2023,12,HOU,2.87,7.03,-0.37,,,,,,,,,,,2025-10-05T19:30:17.520292
00-0037239,2023_12_NO_ATL,2023,12,NO,2.6,6.98,0.93,,,,,,,,,,,2025-10-05T19:30:17.520292
00-0035662,2023_12_LA_ARI,2023,12,ARI,2.23,6.91,-1.51,,,,,,,,,,,2025-10-05T19:30:17.520292
00-0035216,2023_12_PIT_CIN,2023,12,PIT,1.72,6.89,-2.85,,,,,,,,,,,2025-10-05T19:30:17.520292
00-0036290,2023_12_CHI_MIN,2023,12,CHI,5.24,6.86,-1.42,,,,,,,,,,,2025-10-05T19:30:17.520292
00-0035414,2023_12_BAL_LAC,2023,12,LAC,3.26,6.83,-3.02,,,,,,,,,,,2025-10-05T19:30:17.520292
00-0038994,2023_12_CHI_MIN,2023,12,MIN,2.98,6.81,-0.91,,,,,,,,,,,2025-10-05T19:30:17.520292
00-0034348,2023_12_CLE_DEN,2023,12,DEN,3.76,6.73,2.46,,,,,,,,,,,2025-10-05T19:30:17.520292
00-0034960,2023_12_KC_LV,2023,12,LV,3.63,6.71,-0.39,,,,,,,,,,,2025-10-05T19:30:17.520292
00-0037664,2023_12_TB_IND,2023,12,IND,2.91,6.68,-1.12,,,,,,,,,,,2025-10-05T19:30:17.520292
00-0036613,2023_12_MIA_NYJ,2023,12,MIA,3.48,6.67,-0.31,,,,,,,,,,,2025-10-05T19:30:17.520292
00-0031408,2023_12_TB_IND,2023,12,TB,4.07,6.53,0.06,,,,,,,,,,,2025-10-05T19:30:17.520292
00-0036554,2023_12_JAX_HOU,2023,12,HOU,4.98,6.52,1.81,,,,,,,,,,,2025-10-05T19:30:17.520292
00-0030506,2023_12_KC_LV,2023,12,KC,3.05,6.44,0.18,,,,,,,,,,,2025-10-05T19:30:17.520292
00-0033885,2023_12_CLE_DEN,2023,12,CLE,2.6,6.4,0.1,,,,,,,,,,,2025-10-05T19:30:17.520292
00-0035640,2023_12_SF_SEA,2023,12,SEA,1.83,6.39,0.41,,,,,,,,,,,2025-10-05T19:30:17.520292
00-0037740,2023_12_MIA_NYJ,2023,12,NYJ,2.6,6.37,-0.35,,,,,,,,,,,2025-10-05T19:30:17.520292
00-0031588,2023_12_BUF_PHI,2023,12,BUF,2.42,6.35,-0.11,,,,,,,,,,,2025-10-05T19:30:17.520292
00-0038124,2023_12_GB_DET,2023,12,GB,3.29,6.32,-0.13,,,,,,,,,,,2025-10-05T19:30:17.520292
00-0036196,2023_12_BUF_PHI,2023,12,BUF,2.84,6.31,0.02,,,,,,,,,,,2025-10-05T19:30:17.520292
00-0034270,2023_12_MIA_NYJ,2023,12,NYJ,4.19,6.17,-0.01,,,,,,,,,,,2025-10-05T19:30:17.520292
00-0033040,2023_12_MIA_NYJ,2023,12,MIA,3.51,6.17,1.6,,,,,,,,,,,2025-10-05T19:30:17.520292
00-0038938,2023_12_NE_NYG,2023,12,NYG,4.26,6.1,1.85,,,,,,,,,,,2025-10-05T19:30:17.520292
00-0038979,2023_12_CLE_DEN,2023,12,CLE,2.79,6.07,2.43,,,,,,,,,,,2025-10-05T19:30:17.520292
00-0036550,2023_12_BAL_LAC,2023,12,BAL,2.28,5.95,0.97,,,,,,,,,,,2025-10-05T19:30:17.520292
00-0034775,2023_12_JAX_HOU,2023,12,JAX,1.86,5.88,3.14,,,,,,,,,,,2025-10-05T19:30:17.520292
00-0036963,2023_12_GB_DET,2023,12,DET,4.52,5.83,0.46,,,,,,,,,,,2025-10-05T19:30:17.520292
00-0031235,2023_12_BAL_LAC,2023,12,BAL,2.56,5.82,0.57,,,,,,,,,,,2025-10-05T19:30:17.520292
00-0031544,2023_12_CLE_DEN,2023,12,CLE,2.35,5.79,-0.77,,,,,,,,,,,2025-10-05T19:30:17.520292
00-0035500,2023_12_LA_ARI,2023,12,ARI,2.12,5.69,-0.86,,,,,,,,,,,2025-10-05T19:30:17.520292
00-0031236,2023_12_WAS_DAL,2023,12,DAL,3.73,5.68,-0.39,,,,,,,,,,,2025-10-05T19:30:17.520292
00-0030564,2023_12_CAR_TEN,2023,12,TEN,2.2,5.68,0.41,,,,,,,,,,,2025-10-05T19:30:17.520292
00-0033009,2023_12_PIT_CIN,2023,12,CIN,2.21,5.64,-0.16,,,,,,,,,,,2025-10-05T19:30:17.520292
00-0036912,2023_12_BUF_PHI,2023,12,PHI,4.11,5.41,0.87,,,,,,,,,,,2025-10-05T19:30:17.520292
00-0035676,2023_12_BUF_PHI,2023,12,PHI,2.32,5.34,0.99,,,,,,,,,,,2025-10-05T19:30:17.520292
00-0037261,2023_12_BUF_PHI,2023,12,BUF,3.5,5.32,-1.37,,,,,,,,,,,2025-10-05T19:30:17.520292
00-0036040,2023_12_NO_ATL,2023,12,NO,1.64,5.17,0.37,,,,,,,,,,,2025-10-05T19:30:17.520292
00-0038997,2023_12_TB_IND,2023,12,IND,3.48,5.12,2.28,,,,,,,,,,,2025-10-05T19:30:17.520292
00-0036252,2023_12_TB_IND,2023,12,IND,2.95,5.09,-0.77,,,,,,,,,,,2025-10-05T19:30:17.520292
00-0032464,2023_12_GB_DET,2023,12,DET,3.88,4.94,-0.47,,,,,,,,,,,2025-10-05T19:30:17.520292
00-0036358,2023_12_WAS_DAL,2023,12,DAL,1.59,4.86,1.68,,,,,,,,,,,2025-10-05T19:30:17.520292
00-0036900,2023_12_PIT_CIN,2023,12,CIN,1.36,4.84,5.34,,,,,,,,,,,2025-10-05T19:30:17.520292
00-0034837,2023_12_JAX_HOU,2023,12,JAX,2.34,4.83,0.2,,,,,,,,,,,2025-10-05T19:30:17.520292
00-0034613,2023_12_PIT_CIN,2023,12,CIN,2.93,4.49,0.34,,,,,,,,,,,2025-10-05T19:30:17.520292
00-0035659,2023_12_WAS_DAL,2023,12,WAS,1.88,4.34,0.04,,,,,,,,,,,2025-10-05T19:30:17.520292
00-0039065,2023_12_GB_DET,2023,12,DET,4.02,4.29,-2.5,,,,,,,,,,,2025-10-05T19:30:17.520292
00-0039146,2023_12_GB_DET,2023,12,GB,2.96,4.05,0.22,,,,,,,,,,,2025-10-05T19:30:17.520292
00-0037744,2023_12_LA_ARI,2023,12,ARI,3.39,4.04,0.65,,,,,,,,,,,2025-10-05T19:30:17.520292
00-0037247,2023_12_PIT_CIN,2023,12,PIT,3.38,3.81,3.24,,,,,,,,,,,2025-10-05T19:30:17.520292
00-0038933,2023_12_BUF_PHI,2023,12,BUF,2.64,3.76,-0.15,,,,,,,,,,,2025-10-05T19:30:17.520292
00-0031381,2023_12_KC_LV,2023,12,LV,1.88,3.51,2.14,,,,,,,,,,,2025-10-05T19:30:17.520292
00-0037809,2023_12_CAR_TEN,2023,12,TEN,4.44,3.37,-0.7,,,,,,,,,,,2025-10-05T19:30:17.520292
00-0033288,2023_12_SF_SEA,2023,12,SF,2.8,3.03,0.19,,,,,,,,,,,2025-10-05T19:30:17.520292
00-0037809,2023_13_IND_TEN,2023,13,TEN,5.62,8.37,0.87,,,,,,,,,,,2025-10-05T19:30:17.520292
00-0039067,2023_13_KC_GB,2023,13,KC,4.78,8.07,1.04,,,,,,,,,,,2025-10-05T19:30:17.520292
00-0038543,2023_13_SEA_DAL,2023,13,SEA,3.69,8.05,1.6,,,,,,,,,,,2025-10-05T19:30:17.520292
00-0032211,2023_13_SEA_DAL,2023,13,SEA,3.22,8.03,-0.66,,,,,,,,,,,2025-10-05T19:30:17.520292
00-0031408,2023_13_CAR_TB,2023,13,TB,2.28,7.68,5.92,,,,,,,,,,,2025-10-05T19:30:17.520292
00-0037741,2023_13_MIA_WAS,2023,13,WAS,2.6,7.59,-0.22,,,,,,,,,,,2025-10-05T19:30:17.520292
00-0033040,2023_13_MIA_WAS,2023,13,MIA,3.5,7.52,3.25,,,,,,,,,,,2025-10-05T19:30:17.520292
00-0036963,2023_13_DET_NO,2023,13,DET,1.85,7.51,4.96,,,,,,,,,,,2025-10-05T19:30:17.520292
00-0033288,2023_13_SF_PHI,2023,13,SF,4.33,7.42,3.17,,,,,,,,,,,2025-10-05T19:30:17.520292
00-0039052,2023_13_CAR_TB,2023,13,TB,1.1,7.37,-1.11,,,,,,,,,,,2025-10-05T19:30:17.520292
00-0035216,2023_13_ARI_PIT,2023,13,PIT,3.19,7.25,0.26,,,,,,,,,,,2025-10-05T19:30:17.520292
00-0036970,2023_13_ATL_NYJ,2023,13,ATL,1.89,7.11,-0.41,,,,,,,,,,,2025-10-05T19:30:17.520292
00-0036894,2023_13_ARI_PIT,2023,13,PIT,3.03,7.04,-0.02,,,,,,,,,,,2025-10-05T19:30:17.520292
00-0036900,2023_13_CIN_JAX,2023,13,CIN,3.56,6.9,4.83,,,,,,,,,,,2025-10-05T19:30:17.520292
00-0030506,2023_13_KC_GB,2023,13,KC,6.39,6.86,0.58,,,,,,,,,,,2025-10-05T19:30:17.520292
00-0030564,2023_13_IND_TEN,2023,13,TEN,1.71,6.84,0.63,,,,,,,,,,,2025-10-05T19:30:17.520292
00-0039065,2023_13_DET_NO,2023,13,DET,3.85,6.83,2.65,,,,,,,,,,,2025-10-05T19:30:17.520292
00-0030279,2023_13_LAC_NE,2023,13,LAC,2.12,6.76,-2.4,,,,,,,,,,,2025-10-05T19:30:17.520292
00-0031547,2023_13_LAC_NE,2023,13,NE,1.87,6.71,-0.36,,,,,,,,,,,2025-10-05T19:30:17.520292
00-0036912,2023_13_SF_PHI,2023,13,PHI,2.73,6.67,1.35,,,,,,,,,,,2025-10-05T19:30:17.520292
00-0033891,2023_13_CIN_JAX,2023,13,JAX,2.11,6.62,-0.07,,,,,,,,,,,2025-10-05T19:30:17.520292
00-0034348,2023_13_DEN_HOU,2023,13,DEN,1.11,6.61,0.66,,,,,,,,,,,2025-10-05T19:30:17.520292
00-0036252,2023_13_IND_TEN,2023,13,IND,3.01,6.6,0.0,,,,,,,,,,,2025-10-05T19:30:17.520292
00-0038997,2023_13_IND_TEN,2023,13,IND,3.17,6.58,1.03,,,,,,,,,,,2025-10-05T19:30:17.520292
00-0039062,2023_13_CAR_TB,2023,13,CAR,3.65,6.57,0.33,,,,,,,,,,,2025-10-05T19:30:17.520292
00-0033881,2023_13_CIN_JAX,2023,13,JAX,4.52,6.54,2.04,,,,,,,,,,,2025-10-05T19:30:17.520292
00-0033282,2023_13_MIA_WAS,2023,13,WAS,2.56,6.4,0.32,,,,,,,,,,,2025-10-05T19:30:17.520292
00-0036613,2023_13_MIA_WAS,2023,13,MIA,4.71,6.34,1.6,,,,,,,,,,,2025-10-05T19:30:17.520292
00-0039146,2023_13_KC_GB,2023,13,GB,3.17,6.33,-1.42,,,,,,,,,,,2025-10-05T19:30:17.520292
00-0038544,2023_13_LAC_NE,2023,13,LAC,2.25,6.32,0.07,,,,,,,,,,,2025-10-05T19:30:17.520292
00-0036556,2023_13_DEN_HOU,2023,13,HOU,5.02,6.1,3.16,,,,,,,,,,,2025-10-05T19:30:17.520292
00-0035640,2023_13_SEA_DAL,2023,13,SEA,1.93,6.02,9.76,,,,,,,,,,,2025-10-05T19:30:17.520292
00-0034272,2023_13_KC_GB,2023,13,KC,2.22,5.94,-2.88,,,,,,,,,,,2025-10-05T19:30:17.520292
00-0031544,2023_13_CLE_LA,2023,13,CLE,2.05,5.9,-0.02,,,,,,,,,,,2025-10-05T19:30:17.520292
00-0037238,2023_13_ATL_NYJ,2023,13,ATL,1.93,5.81,-1.61,,,,,,,,,,,2025-10-05T19:30:17.520292
00-0038606,2023_13_CIN_JAX,2023,13,JAX,2.55,5.76,0.08,,,,,,,,,,,2025-10-05T19:30:17.520292
00-0033895,2023_13_LAC_NE,2023,13,LAC,5.12,5.71,0.98,,,,,,,,,,,2025-10-05T19:30:17.520292
00-0033009,2023_13_CIN_JAX,2023,13,CIN,3.62,5.67,-0.36,,,,,,,,,,,2025-10-05T19:30:17.520292
00-0036980,2023_13_CLE_LA,2023,13,CLE,2.89,5.59,-0.31,,,,,,,,,,,2025-10-05T19:30:17.520292
00-0034270,2023_13_ATL_NYJ,2023,13,NYJ,2.23,5.55,-0.38,,,,,,,,,,,2025-10-05T19:30:17.520292
00-0038996,2023_13_KC_GB,2023,13,GB,4.37,5.33,-0.03,,,,,,,,,,,2025-10-05T19:30:17.520292
00-0036554,2023_13_DEN_HOU,2023,13,HOU,3.16,5.31,2.77,,,,,,,,,,,2025-10-05T19:30:17.520292
00-0036358,2023_13_SEA_DAL,2023,13,DAL,2.1,5.15,-0.11,,,,,,,,,,,2025-10-05T19:30:17.520292
00-0038041,2023_13_SEA_DAL,2023,13,DAL,4.52,5.15,1.06,,,,,,,,,,,2025-10-05T19:30:17.520292
00-0038124,2023_13_KC_GB,2023,13,GB,2.61,5.12,0.48,,,,,,,,,,,2025-10-05T19:30:17.520292
00-0038496,2023_13_ATL_NYJ,2023,13,NYJ,3.39,5.07,1.73,,,,,,,,,,,2025-10-05T19:30:17.520292
00-0036261,2023_13_SF_PHI,2023,13,SF,2.93,5.06,-0.28,,,,,,,,,,,2025-10-05T19:30:17.520292
00-0035676,2023_13_SF_PHI,2023,13,PHI,2.24,5.06,3.81,,,,,,,,,,,2025-10-05T19:30:17.520292
00-0034837,2023_13_CIN_JAX,2023,13,JAX,2.65,5.0,-2.42,,,,,,,,,,,2025-10-05T19:30:17.520292
00-0038979,2023_13_CLE_LA,2023,13,CLE,2.61,4.96,-0.77,,,,,,,,,,,2025-10-05T19:30:17.520292
00-0037664,2023_13_IND_TEN,2023,13,IND,2.06,4.92,2.61,,,,,,,,,,,2025-10-05T19:30:17.520292
00-0037744,2023_13_ARI_PIT,2023,13,ARI,2.96,4.88,1.54,,,,,,,,,,,2025-10-05T19:30:17.520292
00-0030035,2023_13_CAR_TB,2023,13,CAR,2.58,4.7,-2.52,,,,,,,,,,,2025-10-05T19:30:17.520292
00-0037247,2023_13_ARI_PIT,2023,13,PIT,2.32,4.57,1.26,,,,,,,,,,,2025-10-05T19:30:17.520292
00-0037740,2023_13_ATL_NYJ,2023,13,NYJ,1.71,4.5,0.26,,,,,,,,,,,2025-10-05T19:30:17.520292
00-0037239,2023_13_DET_NO,2023,13,NO,2.68,4.33,3.55,,,,,,,,,,,2025-10-05T19:30:17.520292
00-0036232,2023_13_CLE_LA,2023,13,CLE,3.01,4.21,-0.79,,,,,,,,,,,2025-10-05T19:30:17.520292
00-0037816,2023_13_KC_GB,2023,13,GB,2.65,3.31,0.51,,,,,,,,,,,2025-10-05T19:30:17.520292
00-0033885,2023_13_CLE_LA,2023,13,CLE,1.86,3.26,0.55,,,,,,,,,,,2025-10-05T19:30:17.520292
00-0034960,2023_14_MIN_LV,2023,14,LV,2.95,10.49,-0.39,,,,,,,,,,,2025-10-05T19:30:17.520292
00-0038394,2023_14_IND_CIN,2023,14,IND,3.53,9.22,-0.75,,,,,,,,,,,2025-10-05T19:30:17.520292
00-0036970,2023_14_TB_ATL,2023,14,ATL,2.68,8.66,-1.06,,,,,,,,,,,2025-10-05T19:30:17.520292
00-0039146,2023_14_GB_NYG,2023,14,GB,4.51,8.48,-2.14,,,,,,,,,,,2025-10-05T19:30:17.520292
00-0038129,2023_14_TB_ATL,2023,14,TB,0.89,8.33,0.07,,,,,,,,,,,2025-10-05T19:30:17.520292
00-0037838,2023_14_LA_BAL,2023,14,BAL,5.38,8.1,2.49,,,,,,,,,,,2025-10-05T19:30:17.520292
00-0038543,2023_14_SEA_SF,2023,14,SEA,3.78,8.06,0.52,,,,,,,,,,,2025-10-05T19:30:17.520292
00-0036290,2023_14_DET_CHI,2023,14,CHI,4.52,8.0,-0.02,,,,,,,,,,,2025-10-05T19:30:17.520292
00-0039064,2023_14_LA_BAL,2023,14,BAL,2.47,7.87,1.13,,,,,,,,,,,2025-10-05T19:30:17.520292
00-0036912,2023_14_PHI_DAL,2023,14,PHI,2.71,7.85,1.77,,,,,,,,,,,2025-10-05T19:30:17.520292
00-0033040,2023_14_TEN_MIA,2023,14,MIA,4.05,7.77,-1.86,,,,,,,,,,,2025-10-05T19:30:17.520292
00-0037816,2023_14_GB_NYG,2023,14,GB,2.26,7.58,-0.24,,,,,,,,,,,2025-10-05T19:30:17.520292
00-0038933,2023_14_BUF_KC,2023,14,BUF,4.05,7.53,-1.53,,,,,,,,,,,2025-10-05T19:30:17.520292
00-0035229,2023_14_MIN_LV,2023,14,MIN,3.59,7.49,-0.41,,,,,,,,,,,2025-10-05T19:30:17.520292
00-0032543,2023_14_DEN_LAC,2023,14,LAC,3.37,7.36,-0.65,,,,,,,,,,,2025-10-05T19:30:17.520292
00-0037239,2023_14_CAR_NO,2023,14,NO,2.52,7.33,-0.16,,,,,,,,,,,2025-10-05T19:30:17.520292
00-0036894,2023_14_NE_PIT,2023,14,PIT,2.13,7.29,-0.17,,,,,,,,,,,2025-10-05T19:30:17.520292
00-0036963,2023_14_DET_CHI,2023,14,DET,2.85,7.25,1.01,,,,,,,,,,,2025-10-05T19:30:17.520292
00-0036345,2023_14_MIN_LV,2023,14,MIN,1.82,7.23,-1.9,,,,,,,,,,,2025-10-05T19:30:17.520292
00-0033891,2023_14_JAX_CLE,2023,14,JAX,2.57,7.19,-0.47,,,,,,,,,,,2025-10-05T19:30:17.520292
00-0037291,2023_14_MIN_LV,2023,14,MIN,3.25,7.07,0.26,,,,,,,,,,,2025-10-05T19:30:17.520292
00-0033881,2023_14_JAX_CLE,2023,14,JAX,3.16,7.04,0.09,,,,,,,,,,,2025-10-05T19:30:17.520292
00-0036309,2023_14_DET_CHI,2023,14,CHI,2.91,6.91,10.6,,,,,,,,,,,2025-10-05T19:30:17.520292
00-0030279,2023_14_DEN_LAC,2023,14,LAC,1.77,6.82,-0.89,,,,,,,,,,,2025-10-05T19:30:17.520292
00-0038393,2023_14_GB_NYG,2023,14,GB,2.22,6.75,0.05,,,,,,,,,,,2025-10-05T19:30:17.520292
00-0033858,2023_14_TB_ATL,2023,14,ATL,3.07,6.74,-2.62,,,,,,,,,,,2025-10-05T19:30:17.520292
00-0036613,2023_14_TEN_MIA,2023,14,MIA,3.9,6.61,1.3,,,,,,,,,,,2025-10-05T19:30:17.520292
00-0036358,2023_14_PHI_DAL,2023,14,DAL,2.91,6.6,-0.51,,,,,,,,,,,2025-10-05T19:30:17.520292
00-0030035,2023_14_CAR_NO,2023,14,CAR,3.16,6.57,0.16,,,,,,,,,,,2025-10-05T19:30:17.520292
00-0035640,2023_14_SEA_SF,2023,14,SEA,1.73,6.57,7.56,,,,,,,,,,,2025-10-05T19:30:17.520292
00-0039062,2023_14_CAR_NO,2023,14,CAR,2.27,6.49,0.97,,,,,,,,,,,2025-10-05T19:30:17.520292
00-0039065,2023_14_DET_CHI,2023,14,DET,1.81,6.46,-0.13,,,,,,,,,,,2025-10-05T19:30:17.520292
00-0034983,2023_14_MIN_LV,2023,14,LV,4.46,6.42,5.29,,,,,,,,,,,2025-10-05T19:30:17.520292
00-0030506,2023_14_BUF_KC,2023,14,KC,2.73,6.33,0.02,,,,,,,,,,,2025-10-05T19:30:17.520292
00-0038117,2023_14_GB_NYG,2023,14,NYG,5.07,6.3,0.08,,,,,,,,,,,2025-10-05T19:30:17.520292
00-0035676,2023_14_PHI_DAL,2023,14,PHI,2.66,6.14,-0.58,,,,,,,,,,,2025-10-05T19:30:17.520292
00-0031549,2023_14_LA_BAL,2023,14,BAL,4.73,6.11,-1.56,,,,,,,,,,,2025-10-05T19:30:17.520292
00-0037740,2023_14_HOU_NYJ,2023,14,NYJ,2.61,5.98,-1.23,,,,,,,,,,,2025-10-05T19:30:17.520292
00-0036252,2023_14_IND_CIN,2023,14,IND,2.42,5.98,0.32,,,,,,,,,,,2025-10-05T19:30:17.520292
00-0038104,2023_14_NE_PIT,2023,14,NE,3.56,5.97,0.02,,,,,,,,,,,2025-10-05T19:30:17.520292
00-0037238,2023_14_TB_ATL,2023,14,ATL,2.09,5.96,0.13,,,,,,,,,,,2025-10-05T19:30:17.520292
00-0031235,2023_14_LA_BAL,2023,14,BAL,3.72,5.93,0.76,,,,,,,,,,,2025-10-05T19:30:17.520292
00-0036980,2023_14_JAX_CLE,2023,14,CLE,2.21,5.89,-0.03,,,,,,,,,,,2025-10-05T19:30:17.520292
00-0036407,2023_14_DEN_LAC,2023,14,DEN,3.05,5.88,1.56,,,,,,,,,,,2025-10-05T19:30:17.520292
00-0035719,2023_14_SEA_SF,2023,14,SF,3.1,5.85,6.63,,,,,,,,,,,2025-10-05T19:30:17.520292
00-0033885,2023_14_JAX_CLE,2023,14,CLE,4.67,5.81,2.0,,,,,,,,,,,2025-10-05T19:30:17.520292
00-0032211,2023_14_SEA_SF,2023,14,SEA,3.02,5.76,0.13,,,,,,,,,,,2025-10-05T19:30:17.520292
00-0034837,2023_14_JAX_CLE,2023,14,JAX,2.4,5.74,-0.61,,,,,,,,,,,2025-10-05T19:30:17.520292
00-0035216,2023_14_NE_PIT,2023,14,PIT,2.55,5.63,1.69,,,,,,,,,,,2025-10-05T19:30:17.520292
00-0031588,2023_14_BUF_KC,2023,14,BUF,2.98,5.57,-0.94,,,,,,,,,,,2025-10-05T19:30:17.520292
00-0033857,2023_14_NE_PIT,2023,14,NE,1.71,5.52,1.88,,,,,,,,,,,2025-10-05T19:30:17.520292
00-0031544,2023_14_JAX_CLE,2023,14,CLE,1.6,5.47,0.06,,,,,,,,,,,2025-10-05T19:30:17.520292
00-0037614,2023_14_HOU_NYJ,2023,14,HOU,1.7,5.31,-0.46,,,,,,,,,,,2025-10-05T19:30:17.520292
00-0034827,2023_14_DET_CHI,2023,14,CHI,2.52,5.17,0.09,,,,,,,,,,,2025-10-05T19:30:17.520292
00-0033895,2023_14_DEN_LAC,2023,14,LAC,2.67,5.09,0.72,,,,,,,,,,,2025-10-05T19:30:17.520292
00-0033921,2023_14_TB_ATL,2023,14,TB,2.65,4.94,1.61,,,,,,,,,,,2025-10-05T19:30:17.520292
00-0039067,2023_14_BUF_KC,2023,14,KC,3.2,4.85,2.73,,,,,,,,,,,2025-10-05T19:30:17.520292
00-0034270,2023_14_HOU_NYJ,2023,14,NYJ,3.25,4.76,-1.21,,,,,,,,,,,2025-10-05T19:30:17.520292
00-0038041,2023_14_PHI_DAL,2023,14,DAL,3.77,4.62,4.52,,,,,,,,,,,2025-10-05T19:30:17.520292
00-0031236,2023_14_PHI_DAL,2023,14,DAL,2.31,4.58,1.34,,,,,,,,,,,2025-10-05T19:30:17.520292
00-0034764,2023_14_PHI_DAL,2023,14,DAL,1.42,4.52,-0.14,,,,,,,,,,,2025-10-05T19:30:17.520292
00-0037247,2023_14_NE_PIT,2023,14,PIT,2.73,4.48,-0.68,,,,,,,,,,,2025-10-05T19:30:17.520292
00-0037809,2023_14_TEN_MIA,2023,14,TEN,3.81,4.44,0.99,,,,,,,,,,,2025-10-05T19:30:17.520292
00-0033288,2023_14_SEA_SF,2023,14,SF,2.23,4.43,7.52,,,,,,,,,,,2025-10-05T19:30:17.520292
00-0030564,2023_14_TEN_MIA,2023,14,TEN,2.32,4.42,-0.18,,,,,,,,,,,2025-10-05T19:30:17.520292
00-0033591,2023_14_HOU_NYJ,2023,14,HOU,1.24,4.29,,,,,,,,,,,,2025-10-05T19:30:17.520292
00-0036261,2023_14_SEA_SF,2023,14,SF,2.88,4.05,1.69,,,,,,,,,,,2025-10-05T19:30:17.520292
00-0031381,2023_14_MIN_LV,2023,14,LV,2.87,4.02,1.89,,,,,,,,,,,2025-10-05T19:30:17.520292
00-0031408,2023_14_TB_ATL,2023,14,TB,2.59,2.45,-3.49,,,,,,,,,,,2025-10-05T19:30:17.520292
00-0033009,2023_15_MIN_CIN,2023,15,CIN,7.06,9.54,10.96,,,,,,,,,,,2025-10-05T19:30:17.520292
00-0030431,2023_15_HOU_TEN,2023,15,HOU,3.35,9.06,0.68,,,,,,,,,,,2025-10-05T19:30:17.520292
00-0039067,2023_15_KC_NE,2023,15,KC,5.58,8.07,0.83,,,,,,,,,,,2025-10-05T19:30:17.520292
00-0034521,2023_15_NYJ_MIA,2023,15,NYJ,1.23,7.96,-0.68,,,,,,,,,,,2025-10-05T19:30:17.520292
00-0031544,2023_15_CHI_CLE,2023,15,CLE,1.52,7.94,7.11,,,,,,,,,,,2025-10-05T19:30:17.520292
00-0038393,2023_15_TB_GB,2023,15,GB,3.63,7.9,3.19,,,,,,,,,,,2025-10-05T19:30:17.520292
00-0036364,2023_15_NYG_NO,2023,15,NO,7.08,7.89,0.89,,,,,,,,,,,2025-10-05T19:30:17.520292
00-0034351,2023_15_PHI_SEA,2023,15,PHI,2.16,7.79,-0.01,,,,,,,,,,,2025-10-05T19:30:17.520292
00-0030506,2023_15_KC_NE,2023,15,KC,2.61,7.71,-0.49,,,,,,,,,,,2025-10-05T19:30:17.520292
00-0036410,2023_15_MIN_CIN,2023,15,CIN,1.72,7.61,-0.58,,,,,,,,,,,2025-10-05T19:30:17.520292
00-0036613,2023_15_NYJ_MIA,2023,15,MIA,4.04,7.49,3.56,,,,,,,,,,,2025-10-05T19:30:17.520292
00-0035216,2023_15_PIT_IND,2023,15,PIT,3.79,7.4,0.21,,,,,,,,,,,2025-10-05T19:30:17.520292
00-0031381,2023_15_LAC_LV,2023,15,LV,2.8,7.38,1.53,,,,,,,,,,,2025-10-05T19:30:17.520292
00-0033921,2023_15_TB_GB,2023,15,TB,4.06,7.35,1.02,,,,,,,,,,,2025-10-05T19:30:17.520292
00-0033591,2023_15_HOU_TEN,2023,15,HOU,2.17,7.31,0.63,,,,,,,,,,,2025-10-05T19:30:17.520292
00-0036912,2023_15_PHI_SEA,2023,15,PHI,2.65,7.23,-0.23,,,,,,,,,,,2025-10-05T19:30:17.520292
00-0036963,2023_15_DEN_DET,2023,15,DET,3.3,7.16,3.51,,,,,,,,,,,2025-10-05T19:30:17.520292
00-0036261,2023_15_SF_ARI,2023,15,SF,2.39,7.14,0.62,,,,,,,,,,,2025-10-05T19:30:17.520292
00-0033895,2023_15_LAC_LV,2023,15,LAC,2.54,7.04,-0.55,,,,,,,,,,,2025-10-05T19:30:17.520292
00-0037240,2023_15_DEN_DET,2023,15,DET,3.45,7.03,0.0,,,,,,,,,,,2025-10-05T19:30:17.520292
00-0031610,2023_15_NYG_NO,2023,15,NYG,4.0,7.02,1.34,,,,,,,,,,,2025-10-05T19:30:17.520292
00-0036290,2023_15_CHI_CLE,2023,15,CHI,3.89,6.92,-0.45,,,,,,,,,,,2025-10-05T19:30:17.520292
00-0037744,2023_15_SF_ARI,2023,15,ARI,5.39,6.85,0.04,,,,,,,,,,,2025-10-05T19:30:17.520292
00-0039062,2023_15_ATL_CAR,2023,15,CAR,3.52,6.83,-1.79,,,,,,,,,,,2025-10-05T19:30:17.520292
00-0031236,2023_15_DAL_BUF,2023,15,DAL,2.74,6.78,1.48,,,,,,,,,,,2025-10-05T19:30:17.520292
00-0035229,2023_15_MIN_CIN,2023,15,MIN,3.92,6.73,-0.54,,,,,,,,,,,2025-10-05T19:30:17.520292
00-0033885,2023_15_CHI_CLE,2023,15,CLE,3.03,6.7,2.06,,,,,,,,,,,2025-10-05T19:30:17.520292
00-0039066,2023_15_LAC_LV,2023,15,LV,4.54,6.66,1.35,,,,,,,,,,,2025-10-05T19:30:17.520292
00-0031588,2023_15_DAL_BUF,2023,15,BUF,3.42,6.66,-0.32,,,,,,,,,,,2025-10-05T19:30:17.520292
00-0035676,2023_15_PHI_SEA,2023,15,PHI,2.36,6.64,1.54,,,,,,,,,,,2025-10-05T19:30:17.520292
00-0034837,2023_15_BAL_JAX,2023,15,JAX,2.13,6.59,-1.91,,,,,,,,,,,2025-10-05T19:30:17.520292
00-0035535,2023_15_NYG_NO,2023,15,NYG,2.7,6.56,2.11,,,,,,,,,,,2025-10-05T19:30:17.520292
00-0036322,2023_15_MIN_CIN,2023,15,MIN,2.09,6.47,-0.57,,,,,,,,,,,2025-10-05T19:30:17.520292
00-0033881,2023_15_BAL_JAX,2023,15,JAX,2.3,6.39,1.64,,,,,,,,,,,2025-10-05T19:30:17.520292
00-0037664,2023_15_PIT_IND,2023,15,IND,2.34,6.34,-1.22,,,,,,,,,,,2025-10-05T19:30:17.520292
00-0036252,2023_15_PIT_IND,2023,15,IND,3.54,6.28,-0.55,,,,,,,,,,,2025-10-05T19:30:17.520292
00-0030564,2023_15_HOU_TEN,2023,15,TEN,1.31,6.28,-1.18,,,,,,,,,,,2025-10-05T19:30:17.520292
00-0032211,2023_15_PHI_SEA,2023,15,SEA,2.96,6.26,-1.2,,,,,,,,,,,2025-10-05T19:30:17.520292
00-0039146,2023_15_TB_GB,2023,15,GB,4.03,6.23,-1.38,,,,,,,,,,,2025-10-05T19:30:17.520292
00-0036550,2023_15_BAL_JAX,2023,15,BAL,2.8,6.19,-0.33,,,,,,,,,,,2025-10-05T19:30:17.520292
00-0038041,2023_15_DAL_BUF,2023,15,DAL,2.9,6.08,1.44,,,,,,,,,,,2025-10-05T19:30:17.520292
00-0033282,2023_15_WAS_LA,2023,15,WAS,1.95,6.02,-0.53,,,,,,,,,,,2025-10-05T19:30:17.520292
00-0031547,2023_15_KC_NE,2023,15,NE,2.19,5.96,0.2,,,,,,,,,,,2025-10-05T19:30:17.520292
00-0038994,2023_15_MIN_CIN,2023,15,MIN,3.64,5.79,6.73,,,,,,,,,,,2025-10-05T19:30:17.520292
00-0039065,2023_15_DEN_DET,2023,15,DET,2.99,5.77,1.64,,,,,,,,,,,2025-10-05T19:30:17.520292
00-0036407,2023_15_DEN_DET,2023,15,DEN,3.81,5.76,1.56,,,,,,,,,,,2025-10-05T19:30:17.520292
00-0036358,2023_15_DAL_BUF,2023,15,DAL,1.79,5.74,0.16,,,,,,,,,,,2025-10-05T19:30:17.520292
00-0035719,2023_15_SF_ARI,2023,15,SF,3.0,5.72,-0.53,,,,,,,,,,,2025-10-05T19:30:17.520292
00-0037247,2023_15_PIT_IND,2023,15,PIT,2.46,5.68,1.13,,,,,,,,,,,2025-10-05T19:30:17.520292
00-0034827,2023_15_CHI_CLE,2023,15,CHI,2.41,5.51,-1.39,,,,,,,,,,,2025-10-05T19:30:17.520292
00-0036309,2023_15_CHI_CLE,2023,15,CHI,1.75,5.33,-0.29,,,,,,,,,,,2025-10-05T19:30:17.520292
00-0035644,2023_15_PHI_SEA,2023,15,SEA,2.84,5.29,-0.47,,,,,,,,,,,2025-10-05T19:30:17.520292
00-0034981,2023_15_NYG_NO,2023,15,NO,3.34,5.29,-1.39,,,,,,,,,,,2025-10-05T19:30:17.520292
00-0034348,2023_15_DEN_DET,2023,15,DEN,4.59,5.26,2.35,,,,,,,,,,,2025-10-05T19:30:17.520292
00-0038979,2023_15_CHI_CLE,2023,15,CLE,2.16,5.22,1.34,,,,,,,,,,,2025-10-05T19:30:17.520292
00-0031408,2023_15_TB_GB,2023,15,TB,2.14,5.19,0.47,,,,,,,,,,,2025-10-05T19:30:17.520292
00-0038606,2023_15_BAL_JAX,2023,15,JAX,2.37,5.06,-1.51,,,,,,,,,,,2025-10-05T19:30:17.520292
00-0035640,2023_15_PHI_SEA,2023,15,SEA,2.37,5.0,-3.51,,,,,,,,,,,2025-10-05T19:30:17.520292
00-0034613,2023_15_MIN_CIN,2023,15,CIN,3.9,4.96,-0.37,,,,,,,,,,,2025-10-05T19:30:17.520292
00-0035659,2023_15_WAS_LA,2023,15,WAS,1.99,4.84,1.24,,,,,,,,,,,2025-10-05T19:30:17.520292
00-0033891,2023_15_BAL_JAX,2023,15,JAX,1.88,4.8,0.19,,,,,,,,,,,2025-10-05T19:30:17.520292
00-0033090,2023_15_KC_NE,2023,15,NE,2.73,4.65,-0.32,,,,,,,,,,,2025-10-05T19:30:17.520292
00-0034270,2023_15_NYJ_MIA,2023,15,NYJ,3.38,4.54,-0.89,,,,,,,,,,,2025-10-05T19:30:17.520292
00-0038621,2023_15_KC_NE,2023,15,NE,3.66,4.26,-0.44,,,,,,,,,,,2025-10-05T19:30:17.520292
00-0038496,2023_15_NYJ_MIA,2023,15,NYJ,2.07,4.15,2.47,,,,,,,,,,,2025-10-05T19:30:17.520292
00-0038996,2023_15_TB_GB,2023,15,GB,3.07,4.14,-0.96,,,,,,,,,,,2025-10-05T19:30:17.520292
00-0037838,2023_15_BAL_JAX,2023,15,BAL,4.78,3.89,-0.07,,,,,,,,,,,2025-10-05T19:30:17.520292
00-0034383,2023_15_HOU_TEN,2023,15,HOU,3.04,3.38,0.87,,,,,,,,,,,2025-10-05T19:30:17.520292
00-0030035,2023_15_ATL_CAR,2023,15,CAR,2.23,3.26,-0.34,,,,,,,,,,,2025-10-05T19:30:17.520292
00-0031260,2023_16_WAS_NYJ,2023,16,WAS,2.19,9.83,0.08,,,,,,,,,,,2025-10-05T19:30:17.520292
00-0034827,2023_16_ARI_CHI,2023,16,CHI,2.52,9.28,-0.29,,,,,,,,,,,2025-10-05T19:30:17.520292
00-0037240,2023_16_DET_MIN,2023,16,DET,5.07,8.85,0.13,,,,,,,,,,,2025-10-05T19:30:17.520292
00-0037091,2023_16_GB_CAR,2023,16,GB,2.32,8.69,0.64,,,,,,,,,,,2025-10-05T19:30:17.520292
00-0036963,2023_16_DET_MIN,2023,16,DET,4.72,8.67,-0.55,,,,,,,,,,,2025-10-05T19:30:17.520292
00-0035676,2023_16_NYG_PHI,2023,16,PHI,2.27,8.6,0.66,,,,,,,,,,,2025-10-05T19:30:17.520292
00-0036988,2023_16_BUF_LAC,2023,16,LAC,3.13,8.46,-0.49,,,,,,,,,,,2025-10-05T19:30:17.520292
00-0039064,2023_16_BAL_SF,2023,16,BAL,4.65,8.37,0.99,,,,,,,,,,,2025-10-05T19:30:17.520292
00-0033858,2023_16_IND_ATL,2023,16,ATL,3.6,8.21,0.6,,,,,,,,,,,2025-10-05T19:30:17.520292
00-0032211,2023_16_SEA_TEN,2023,16,SEA,2.63,8.11,-0.25,,,,,,,,,,,2025-10-05T19:30:17.520292
00-0037545,2023_16_NO_LA,2023,16,NO,2.3,7.95,-2.3,,,,,,,,,,,2025-10-05T19:30:17.520292
00-0038619,2023_16_CIN_PIT,2023,16,CIN,3.04,7.52,-0.84,,,,,,,,,,,2025-10-05T19:30:17.520292
00-0036912,2023_16_NYG_PHI,2023,16,PHI,4.01,7.43,1.69,,,,,,,,,,,2025-10-05T19:30:17.520292
00-0034837,2023_16_JAX_TB,2023,16,JAX,2.41,7.38,-0.37,,,,,,,,,,,2025-10-05T19:30:17.520292
00-0035216,2023_16_CIN_PIT,2023,16,PIT,2.88,7.23,-0.24,,,,,,,,,,,2025-10-05T19:30:17.520292
00-0036407,2023_16_NE_DEN,2023,16,DEN,1.97,7.1,1.59,,,,,,,,,,,2025-10-05T19:30:17.520292
00-0039052,2023_16_JAX_TB,2023,16,TB,2.33,7.1,2.86,,,,,,,,,,,2025-10-05T19:30:17.520292
00-0037816,2023_16_GB_CAR,2023,16,GB,1.91,7.08,2.95,,,,,,,,,,,2025-10-05T19:30:17.520292
00-0037239,2023_16_NO_LA,2023,16,NO,3.05,7.04,-0.8,,,,,,,,,,,2025-10-05T19:30:17.520292
00-0033591,2023_16_CLE_HOU,2023,16,HOU,3.8,7.0,1.11,,,,,,,,,,,2025-10-05T19:30:17.520292
00-0034351,2023_16_NYG_PHI,2023,16,PHI,3.2,6.87,1.41,,,,,,,,,,,2025-10-05T19:30:17.520292
00-0037247,2023_16_CIN_PIT,2023,16,PIT,1.94,6.83,22.66,,,,,,,,,,,2025-10-05T19:30:17.520292
00-0036628,2023_16_WAS_NYJ,2023,16,WAS,4.4,6.82,0.58,,,,,,,,,,,2025-10-05T19:30:17.520292
00-0037382,2023_16_NE_DEN,2023,16,DEN,2.93,6.82,3.39,,,,,,,,,,,2025-10-05T19:30:17.520292
00-0035640,2023_16_SEA_TEN,2023,16,SEA,1.7,6.8,2.93,,,,,,,,,,,2025-10-05T19:30:17.520292
00-0031408,2023_16_JAX_TB,2023,16,TB,1.9,6.77,0.25,,,,,,,,,,,2025-10-05T19:30:17.520292
00-0033921,2023_16_JAX_TB,2023,16,TB,3.01,6.73,0.32,,,,,,,,,,,2025-10-05T19:30:17.520292
00-0036290,2023_16_ARI_CHI,2023,16,CHI,2.21,6.68,-0.61,,,,,,,,,,,2025-10-05T19:30:17.520292
00-0036876,2023_16_IND_ATL,2023,16,IND,3.31,6.66,1.1,,,,,,,,,,,2025-10-05T19:30:17.520292
00-0038543,2023_16_SEA_TEN,2023,16,SEA,3.64,6.61,1.17,,,,,,,,,,,2025-10-05T19:30:17.520292
00-0035719,2023_16_BAL_SF,2023,16,SF,4.18,6.58,-0.78,,,,,,,,,,,2025-10-05T19:30:17.520292
00-0033572,2023_16_JAX_TB,2023,16,JAX,2.03,6.55,-1.75,,,,,,,,,,,2025-10-05T19:30:17.520292
00-0030506,2023_16_LV_KC,2023,16,KC,4.99,6.54,2.31,,,,,,,,,,,2025-10-05T19:30:17.520292
00-0037005,2023_16_GB_CAR,2023,16,CAR,3.61,6.46,3.44,,,,,,,,,,,2025-10-05T19:30:17.520292
00-0036196,2023_16_BUF_LAC,2023,16,BUF,2.11,6.42,5.79,,,,,,,,,,,2025-10-05T19:30:17.520292
00-0035500,2023_16_ARI_CHI,2023,16,ARI,4.24,6.39,8.17,,,,,,,,,,,2025-10-05T19:30:17.520292
00-0034270,2023_16_WAS_NYJ,2023,16,NYJ,4.3,6.37,-0.95,,,,,,,,,,,2025-10-05T19:30:17.520292
00-0036322,2023_16_DET_MIN,2023,16,MIN,2.3,6.33,2.08,,,,,,,,,,,2025-10-05T19:30:17.520292
00-0030431,2023_16_CLE_HOU,2023,16,HOU,2.15,6.31,1.36,,,,,,,,,,,2025-10-05T19:30:17.520292
00-0033040,2023_16_DAL_MIA,2023,16,MIA,3.14,6.31,-0.99,,,,,,,,,,,2025-10-05T19:30:17.520292
00-0038115,2023_16_NYG_PHI,2023,16,NYG,5.2,6.31,0.89,,,,,,,,,,,2025-10-05T19:30:17.520292
00-0034383,2023_16_CLE_HOU,2023,16,HOU,3.75,6.29,1.78,,,,,,,,,,,2025-10-05T19:30:17.520292
00-0036497,2023_16_JAX_TB,2023,16,JAX,2.92,6.24,0.4,,,,,,,,,,,2025-10-05T19:30:17.520292
00-0038117,2023_16_NYG_PHI,2023,16,NYG,3.46,6.06,0.77,,,,,,,,,,,2025-10-05T19:30:17.520292
00-0034386,2023_16_LV_KC,2023,16,KC,2.18,6.05,-7.95,,,,,,,,,,,2025-10-05T19:30:17.520292
00-0037539,2023_16_NE_DEN,2023,16,DEN,3.59,5.87,-0.1,,,,,,,,,,,2025-10-05T19:30:17.520292
00-0033288,2023_16_BAL_SF,2023,16,SF,3.9,5.8,5.34,,,,,,,,,,,2025-10-05T19:30:17.520292
00-0033881,2023_16_JAX_TB,2023,16,JAX,3.31,5.8,0.29,,,,,,,,,,,2025-10-05T19:30:17.520292
00-0037740,2023_16_WAS_NYJ,2023,16,NYJ,2.31,5.78,2.48,,,,,,,,,,,2025-10-05T19:30:17.520292
00-0033895,2023_16_BUF_LAC,2023,16,LAC,5.53,5.74,-0.17,,,,,,,,,,,2025-10-05T19:30:17.520292
00-0038997,2023_16_IND_ATL,2023,16,IND,2.36,5.69,-0.83,,,,,,,,,,,2025-10-05T19:30:17.520292
00-0038621,2023_16_NE_DEN,2023,16,NE,2.85,5.61,-0.83,,,,,,,,,,,2025-10-05T19:30:17.520292
00-0031544,2023_16_CLE_HOU,2023,16,CLE,2.22,5.6,3.69,,,,,,,,,,,2025-10-05T19:30:17.520292
00-0036554,2023_16_CLE_HOU,2023,16,HOU,1.54,5.45,1.19,,,,,,,,,,,2025-10-05T19:30:17.520292
00-0030035,2023_16_GB_CAR,2023,16,CAR,2.91,5.37,-0.3,,,,,,,,,,,2025-10-05T19:30:17.520292
00-0031610,2023_16_NYG_PHI,2023,16,NYG,1.84,5.36,1.53,,,,,,,,,,,2025-10-05T19:30:17.520292
00-0036345,2023_16_DET_MIN,2023,16,MIN,3.61,5.36,1.26,,,,,,,,,,,2025-10-05T19:30:17.520292
00-0034418,2023_16_DAL_MIA,2023,16,MIA,2.48,5.3,1.54,,,,,,,,,,,2025-10-05T19:30:17.520292
00-0038996,2023_16_GB_CAR,2023,16,GB,3.9,5.28,2.9,,,,,,,,,,,2025-10-05T19:30:17.520292
00-0033009,2023_16_CIN_PIT,2023,16,CIN,2.72,5.23,3.55,,,,,,,,,,,2025-10-05T19:30:17.520292
00-0034777,2023_16_GB_CAR,2023,16,CAR,1.71,5.22,0.81,,,,,,,,,,,2025-10-05T19:30:17.520292
00-0037664,2023_16_IND_ATL,2023,16,IND,1.45,5.19,-2.0,,,,,,,,,,,2025-10-05T19:30:17.520292
00-0034960,2023_16_LV_KC,2023,16,LV,2.91,5.12,-0.16,,,,,,,,,,,2025-10-05T19:30:17.520292
00-0035659,2023_16_WAS_NYJ,2023,16,WAS,3.85,5.09,4.32,,,,,,,,,,,2025-10-05T19:30:17.520292
00-0036261,2023_16_BAL_SF,2023,16,SF,2.14,5.07,4.62,,,,,,,,,,,2025-10-05T19:30:17.520292
00-0031588,2023_16_BUF_LAC,2023,16,BUF,2.34,5.07,-1.49,,,,,,,,,,,2025-10-05T19:30:17.520292
00-0033282,2023_16_WAS_NYJ,2023,16,WAS,2.93,4.97,11.41,,,,,,,,,,,2025-10-05T19:30:17.520292
00-0033885,2023_16_CLE_HOU,2023,16,CLE,3.22,4.97,-0.58,,,,,,,,,,,2025-10-05T19:30:17.520292
00-0031381,2023_16_LV_KC,2023,16,LV,1.71,4.95,-1.66,,,,,,,,,,,2025-10-05T19:30:17.520292
00-0038544,2023_16_BUF_LAC,2023,16,LAC,2.57,4.93,1.96,,,,,,,,,,,2025-10-05T19:30:17.520292
00-0031547,2023_16_NE_DEN,2023,16,NE,2.4,4.89,0.74,,,,,,,,,,,2025-10-05T19:30:17.520292
00-0036438,2023_16_GB_CAR,2023,16,CAR,1.73,4.88,-0.47,,,,,,,,,,,2025-10-05T19:30:17.520292
00-0036410,2023_16_CIN_PIT,2023,16,CIN,2.51,4.83,9.72,,,,,,,,,,,2025-10-05T19:30:17.520292
00-0039067,2023_16_LV_KC,2023,16,KC,2.86,4.8,1.26,,,,,,,,,,,2025-10-05T19:30:17.520292
00-0038041,2023_16_DAL_MIA,2023,16,DAL,2.26,4.53,0.38,,,,,,,,,,,2025-10-05T19:30:17.520292
00-0036358,2023_16_DAL_MIA,2023,16,DAL,2.14,4.42,4.74,,,,,,,,,,,2025-10-05T19:30:17.520292
00-0034798,2023_16_DAL_MIA,2023,16,MIA,4.51,4.27,1.0,,,,,,,,,,,2025-10-05T19:30:17.520292
00-0037744,2023_16_ARI_CHI,2023,16,ARI,3.38,3.88,-1.78,,,,,,,,,,,2025-10-05T19:30:17.520292
00-0036040,2023_16_NO_LA,2023,16,NO,1.86,3.73,1.03,,,,,,,,,,,2025-10-05T19:30:17.520292
00-0037809,2023_16_SEA_TEN,2023,16,TEN,3.39,3.46,-0.64,,,,,,,,,,,2025-10-05T19:30:17.520292
00-0038041,2023_17_DET_DAL,2023,17,DAL,5.03,12.79,0.47,,,,,,,,,,,2025-10-05T19:30:17.520292
00-0030035,2023_17_CAR_JAX,2023,17,CAR,4.76,9.22,-0.66,,,,,,,,,,,2025-10-05T19:30:17.520292
00-0038117,2023_17_LA_NYG,2023,17,NYG,3.19,9.2,2.36,,,,,,,,,,,2025-10-05T19:30:17.520292
00-0031610,2023_17_LA_NYG,2023,17,NYG,5.71,9.16,1.07,,,,,,,,,,,2025-10-05T19:30:17.520292
00-0038129,2023_17_NO_TB,2023,17,TB,1.67,8.74,-0.06,,,,,,,,,,,2025-10-05T19:30:17.520292
00-0036407,2023_17_LAC_DEN,2023,17,DEN,5.1,8.64,4.21,,,,,,,,,,,2025-10-05T19:30:17.520292
00-0039146,2023_17_GB_MIN,2023,17,GB,3.44,8.61,3.54,,,,,,,,,,,2025-10-05T19:30:17.520292
00-0036963,2023_17_DET_DAL,2023,17,DET,3.44,8.53,0.46,,,,,,,,,,,2025-10-05T19:30:17.520292
00-0034777,2023_17_CAR_JAX,2023,17,CAR,1.54,8.32,-0.33,,,,,,,,,,,2025-10-05T19:30:17.520292
00-0032543,2023_17_LAC_DEN,2023,17,LAC,2.76,8.28,0.88,,,,,,,,,,,2025-10-05T19:30:17.520292
00-0035120,2023_17_LAC_DEN,2023,17,LAC,2.94,8.23,-1.96,,,,,,,,,,,2025-10-05T19:30:17.520292
00-0036252,2023_17_LV_IND,2023,17,IND,3.41,8.2,-2.71,,,,,,,,,,,2025-10-05T19:30:17.520292
00-0036322,2023_17_GB_MIN,2023,17,MIN,2.0,7.85,-0.66,,,,,,,,,,,2025-10-05T19:30:17.520292
00-0034960,2023_17_LV_IND,2023,17,LV,3.71,7.77,-1.11,,,,,,,,,,,2025-10-05T19:30:17.520292
00-0034829,2023_17_NE_BUF,2023,17,NE,3.17,7.65,-0.21,,,,,,,,,,,2025-10-05T19:30:17.520292
00-0035676,2023_17_ARI_PHI,2023,17,PHI,2.69,7.64,0.6,,,,,,,,,,,2025-10-05T19:30:17.520292
00-0035535,2023_17_LA_NYG,2023,17,NYG,1.81,7.59,5.32,,,,,,,,,,,2025-10-05T19:30:17.520292
00-0036912,2023_17_ARI_PHI,2023,17,PHI,1.94,7.53,0.26,,,,,,,,,,,2025-10-05T19:30:17.520292
00-0036415,2023_17_ATL_CHI,2023,17,ATL,3.17,7.5,0.64,,,,,,,,,,,2025-10-05T19:30:17.520292
00-0033921,2023_17_NO_TB,2023,17,TB,2.39,7.33,3.44,,,,,,,,,,,2025-10-05T19:30:17.520292
00-0036980,2023_17_NYJ_CLE,2023,17,CLE,3.16,7.29,1.79,,,,,,,,,,,2025-10-05T19:30:17.520292
00-0035719,2023_17_SF_WAS,2023,17,SF,2.88,7.27,2.82,,,,,,,,,,,2025-10-05T19:30:17.520292
00-0036970,2023_17_ATL_CHI,2023,17,ATL,2.12,7.27,0.02,,,,,,,,,,,2025-10-05T19:30:17.520292
00-0031588,2023_17_NE_BUF,2023,17,BUF,4.41,7.24,-0.1,,,,,,,,,,,2025-10-05T19:30:17.520292
00-0034270,2023_17_NYJ_CLE,2023,17,NYJ,3.17,7.13,-0.08,,,,,,,,,,,2025-10-05T19:30:17.520292
00-0039067,2023_17_CIN_KC,2023,17,KC,5.09,7.03,4.91,,,,,,,,,,,2025-10-05T19:30:17.520292
00-0034613,2023_17_CIN_KC,2023,17,CIN,2.17,7.03,0.36,,,,,,,,,,,2025-10-05T19:30:17.520292
00-0036554,2023_17_TEN_HOU,2023,17,HOU,3.68,6.93,2.71,,,,,,,,,,,2025-10-05T19:30:17.520292
00-0037091,2023_17_GB_MIN,2023,17,GB,4.49,6.83,-1.17,,,,,,,,,,,2025-10-05T19:30:17.520292
00-0037382,2023_17_LAC_DEN,2023,17,DEN,1.41,6.77,-0.88,,,,,,,,,,,2025-10-05T19:30:17.520292
00-0033881,2023_17_CAR_JAX,2023,17,JAX,2.13,6.71,0.03,,,,,,,,,,,2025-10-05T19:30:17.520292
00-0039065,2023_17_DET_DAL,2023,17,DET,2.94,6.64,0.91,,,,,,,,,,,2025-10-05T19:30:17.520292
00-0038496,2023_17_NYJ_CLE,2023,17,NYJ,4.44,6.57,-3.49,,,,,,,,,,,2025-10-05T19:30:17.520292
00-0038563,2023_17_LV_IND,2023,17,LV,1.68,6.48,-0.56,,,,,,,,,,,2025-10-05T19:30:17.520292
00-0035500,2023_17_ARI_PHI,2023,17,ARI,2.97,6.47,3.09,,,,,,,,,,,2025-10-05T19:30:17.520292
00-0035644,2023_17_PIT_SEA,2023,17,SEA,5.32,6.42,0.55,,,,,,,,,,,2025-10-05T19:30:17.520292
00-0037238,2023_17_ATL_CHI,2023,17,ATL,2.15,6.39,0.34,,,,,,,,,,,2025-10-05T19:30:17.520292
00-0038941,2023_17_ATL_CHI,2023,17,CHI,2.61,6.12,1.11,,,,,,,,,,,2025-10-05T19:30:17.520292
00-0038994,2023_17_GB_MIN,2023,17,MIN,2.24,6.05,0.19,,,,,,,,,,,2025-10-05T19:30:17.520292
00-0031381,2023_17_LV_IND,2023,17,LV,2.87,5.86,-1.36,,,,,,,,,,,2025-10-05T19:30:17.520292
00-0035659,2023_17_SF_WAS,2023,17,WAS,1.77,5.83,1.33,,,,,,,,,,,2025-10-05T19:30:17.520292
00-0037239,2023_17_NO_TB,2023,17,NO,2.91,5.81,-1.62,,,,,,,,,,,2025-10-05T19:30:17.520292
00-0036261,2023_17_SF_WAS,2023,17,SF,3.44,5.8,0.4,,,,,,,,,,,2025-10-05T19:30:17.520292
00-0037816,2023_17_GB_MIN,2023,17,GB,2.27,5.74,0.26,,,,,,,,,,,2025-10-05T19:30:17.520292
00-0030564,2023_17_TEN_HOU,2023,17,TEN,3.32,5.69,0.33,,,,,,,,,,,2025-10-05T19:30:17.520292
00-0038559,2023_17_ARI_PHI,2023,17,ARI,2.35,5.57,0.7,,,,,,,,,,,2025-10-05T19:30:17.520292
00-0035640,2023_17_PIT_SEA,2023,17,SEA,2.86,5.54,1.93,,,,,,,,,,,2025-10-05T19:30:17.520292
00-0033895,2023_17_LAC_DEN,2023,17,LAC,3.28,5.53,3.28,,,,,,,,,,,2025-10-05T19:30:17.520292
00-0034351,2023_17_ARI_PHI,2023,17,PHI,3.61,5.52,1.8,,,,,,,,,,,2025-10-05T19:30:17.520292
00-0034827,2023_17_ATL_CHI,2023,17,CHI,2.74,5.48,0.54,,,,,,,,,,,2025-10-05T19:30:17.520292
00-0037247,2023_17_PIT_SEA,2023,17,PIT,1.94,5.43,2.64,,,,,,,,,,,2025-10-05T19:30:17.520292
00-0033040,2023_17_MIA_BAL,2023,17,MIA,2.28,5.33,-1.25,,,,,,,,,,,2025-10-05T19:30:17.520292
00-0034837,2023_17_CAR_JAX,2023,17,JAX,1.36,5.2,1.33,,,,,,,,,,,2025-10-05T19:30:17.520292
00-0031236,2023_17_DET_DAL,2023,17,DAL,2.81,5.13,-0.14,,,,,,,,,,,2025-10-05T19:30:17.520292
00-0039052,2023_17_NO_TB,2023,17,TB,1.7,5.05,-5.39,,,,,,,,,,,2025-10-05T19:30:17.520292
00-0038621,2023_17_NE_BUF,2023,17,NE,3.52,4.99,1.93,,,,,,,,,,,2025-10-05T19:30:17.520292
00-0037744,2023_17_ARI_PHI,2023,17,ARI,3.64,4.95,1.07,,,,,,,,,,,2025-10-05T19:30:17.520292
00-0038933,2023_17_NE_BUF,2023,17,BUF,3.25,4.95,-1.33,,,,,,,,,,,2025-10-05T19:30:17.520292
00-0036358,2023_17_DET_DAL,2023,17,DAL,2.45,4.93,3.81,,,,,,,,,,,2025-10-05T19:30:17.520292
00-0032211,2023_17_PIT_SEA,2023,17,SEA,1.59,4.89,-1.63,,,,,,,,,,,2025-10-05T19:30:17.520292
00-0037740,2023_17_NYJ_CLE,2023,17,NYJ,2.12,4.85,-1.26,,,,,,,,,,,2025-10-05T19:30:17.520292
00-0038544,2023_17_LAC_DEN,2023,17,LAC,2.83,4.81,0.11,,,,,,,,,,,2025-10-05T19:30:17.520292
00-0036550,2023_17_MIA_BAL,2023,17,BAL,2.4,4.4,0.55,,,,,,,,,,,2025-10-05T19:30:17.520292
00-0036900,2023_17_CIN_KC,2023,17,CIN,2.68,4.17,-0.24,,,,,,,,,,,2025-10-05T19:30:17.520292
00-0038996,2023_17_GB_MIN,2023,17,GB,4.41,3.99,2.57,,,,,,,,,,,2025-10-05T19:30:17.520292
00-0036040,2023_17_NO_TB,2023,17,NO,3.23,3.97,0.88,,,,,,,,,,,2025-10-05T19:30:17.520292
00-0033246,2023_17_GB_MIN,2023,17,MIN,4.7,3.72,0.92,,,,,,,,,,,2025-10-05T19:30:17.520292
00-0033885,2023_17_NYJ_CLE,2023,17,CLE,4.02,3.55,6.82,,,,,,,,,,,2025-10-05T19:30:17.520292
00-0036900,2023_18_CLE_CIN,2023,18,CIN,4.31,8.86,-1.89,,,,,,,,,,,2025-10-05T19:30:17.520292
00-0036936,2023_18_SEA_ARI,2023,18,ARI,4.86,8.82,0.38,,,,,,,,,,,2025-10-05T19:30:17.520292
00-0030564,2023_18_JAX_TEN,2023,18,TEN,3.03,8.64,0.52,,,,,,,,,,,2025-10-05T19:30:17.520292
00-0033246,2023_18_MIN_DET,2023,18,MIN,5.49,8.62,0.3,,,,,,,,,,,2025-10-05T19:30:17.520292
00-0033891,2023_18_JAX_TEN,2023,18,JAX,3.21,8.48,0.38,,,,,,,,,,,2025-10-05T19:30:17.520292
00-0038543,2023_18_SEA_ARI,2023,18,SEA,4.51,8.43,0.05,,,,,,,,,,,2025-10-05T19:30:17.520292
00-0034960,2023_18_DEN_LV,2023,18,LV,3.19,8.37,1.37,,,,,,,,,,,2025-10-05T19:30:17.520292
00-0038393,2023_18_CHI_GB,2023,18,GB,3.18,8.19,1.83,,,,,,,,,,,2025-10-05T19:30:17.520292
00-0038647,2023_18_LA_SF,2023,18,SF,1.5,8.12,,,,,,,,,,,,2025-10-05T19:30:17.520292
00-0036963,2023_18_MIN_DET,2023,18,DET,4.09,8.01,6.9,,,,,,,,,,,2025-10-05T19:30:17.520292
00-0031549,2023_18_PIT_BAL,2023,18,BAL,4.1,7.99,-1.72,,,,,,,,,,,2025-10-05T19:30:17.520292
00-0031588,2023_18_BUF_MIA,2023,18,BUF,3.36,7.65,0.5,,,,,,,,,,,2025-10-05T19:30:17.520292
00-0031408,2023_18_TB_CAR,2023,18,TB,1.51,7.59,-0.36,,,,,,,,,,,2025-10-05T19:30:17.520292
00-0035140,2023_18_KC_LAC,2023,18,KC,3.74,7.51,4.27,,,,,,,,,,,2025-10-05T19:30:17.520292
00-0036988,2023_18_KC_LAC,2023,18,LAC,3.09,7.47,-0.06,,,,,,,,,,,2025-10-05T19:30:17.520292
00-0033921,2023_18_TB_CAR,2023,18,TB,3.05,7.46,0.36,,,,,,,,,,,2025-10-05T19:30:17.520292
00-0036252,2023_18_HOU_IND,2023,18,IND,4.3,7.37,0.79,,,,,,,,,,,2025-10-05T19:30:17.520292
00-0032385,2023_18_PHI_NYG,2023,18,NYG,4.43,7.11,0.2,,,,,,,,,,,2025-10-05T19:30:17.520292
00-0036407,2023_18_DEN_LV,2023,18,DEN,4.47,7.08,7.8,,,,,,,,,,,2025-10-05T19:30:17.520292
00-0036271,2023_18_PHI_NYG,2023,18,PHI,2.49,7.05,-0.45,,,,,,,,,,,2025-10-05T19:30:17.520292
00-0031381,2023_18_DEN_LV,2023,18,LV,2.67,7.02,0.95,,,,,,,,,,,2025-10-05T19:30:17.520292
00-0037091,2023_18_CHI_GB,2023,18,GB,2.6,6.99,0.47,,,,,,,,,,,2025-10-05T19:30:17.520292
00-0034383,2023_18_HOU_IND,2023,18,HOU,3.58,6.88,1.16,,,,,,,,,,,2025-10-05T19:30:17.520292
00-0035535,2023_18_PHI_NYG,2023,18,NYG,4.48,6.88,0.48,,,,,,,,,,,2025-10-05T19:30:17.520292
00-0037382,2023_18_DEN_LV,2023,18,DEN,3.77,6.86,2.94,,,,,,,,,,,2025-10-05T19:30:17.520292
00-0035640,2023_18_SEA_ARI,2023,18,SEA,3.53,6.83,1.33,,,,,,,,,,,2025-10-05T19:30:17.520292
00-0033943,2023_18_MIN_DET,2023,18,DET,3.65,6.77,1.85,,,,,,,,,,,2025-10-05T19:30:17.520292
00-0038621,2023_18_NYJ_NE,2023,18,NE,1.42,6.7,-1.21,,,,,,,,,,,2025-10-05T19:30:17.520292
00-0032128,2023_18_LA_SF,2023,18,SF,3.03,6.64,2.26,,,,,,,,,,,2025-10-05T19:30:17.520292
00-0035329,2023_18_KC_LAC,2023,18,LAC,3.33,6.6,2.4,,,,,,,,,,,2025-10-05T19:30:17.520292
00-0036322,2023_18_MIN_DET,2023,18,MIN,4.01,6.58,-0.43,,,,,,,,,,,2025-10-05T19:30:17.520292
00-0038563,2023_18_DEN_LV,2023,18,LV,2.92,6.56,-1.42,,,,,,,,,,,2025-10-05T19:30:17.520292
00-0039052,2023_18_TB_CAR,2023,18,TB,3.01,6.45,-1.64,,,,,,,,,,,2025-10-05T19:30:17.520292
00-0032392,2023_18_DEN_LV,2023,18,LV,3.9,6.44,2.38,,,,,,,,,,,2025-10-05T19:30:17.520292
00-0034837,2023_18_JAX_TEN,2023,18,JAX,3.06,6.41,0.14,,,,,,,,,,,2025-10-05T19:30:17.520292
00-0035659,2023_18_DAL_WAS,2023,18,WAS,4.28,6.32,4.56,,,,,,,,,,,2025-10-05T19:30:17.520292
00-0035216,2023_18_PIT_BAL,2023,18,PIT,3.69,6.28,9.44,,,,,,,,,,,2025-10-05T19:30:17.520292
00-0038117,2023_18_PHI_NYG,2023,18,NYG,3.9,6.2,2.68,,,,,,,,,,,2025-10-05T19:30:17.520292
00-0036358,2023_18_DAL_WAS,2023,18,DAL,3.12,6.13,-0.47,,,,,,,,,,,2025-10-05T19:30:17.520292
00-0036554,2023_18_HOU_IND,2023,18,HOU,3.92,6.0,3.72,,,,,,,,,,,2025-10-05T19:30:17.520292
00-0038041,2023_18_DAL_WAS,2023,18,DAL,4.44,5.98,2.12,,,,,,,,,,,2025-10-05T19:30:17.520292
00-0038994,2023_18_MIN_DET,2023,18,MIN,3.42,5.91,-0.32,,,,,,,,,,,2025-10-05T19:30:17.520292
00-0037261,2023_18_BUF_MIA,2023,18,BUF,3.47,5.89,6.71,,,,,,,,,,,2025-10-05T19:30:17.520292
00-0036387,2023_18_NYJ_NE,2023,18,NE,1.42,5.78,,,,,,,,,,,,2025-10-05T19:30:17.520292
00-0038496,2023_18_NYJ_NE,2023,18,NYJ,2.39,5.61,-0.01,,,,,,,,,,,2025-10-05T19:30:17.520292
00-0034364,2023_18_CLE_CIN,2023,18,CLE,3.83,5.49,-0.38,,,,,,,,,,,2025-10-05T19:30:17.520292
00-0038619,2023_18_CLE_CIN,2023,18,CIN,2.57,5.41,0.3,,,,,,,,,,,2025-10-05T19:30:17.520292
00-0038933,2023_18_BUF_MIA,2023,18,BUF,3.05,5.34,0.77,,,,,,,,,,,2025-10-05T19:30:17.520292
00-0034827,2023_18_CHI_GB,2023,18,CHI,2.61,5.28,-0.08,,,,,,,,,,,2025-10-05T19:30:17.520292
00-0033881,2023_18_JAX_TEN,2023,18,JAX,2.97,5.19,0.36,,,,,,,,,,,2025-10-05T19:30:17.520292
00-0039065,2023_18_MIN_DET,2023,18,DET,3.8,5.16,0.12,,,,,,,,,,,2025-10-05T19:30:17.520292
00-0037132,2023_18_PHI_NYG,2023,18,PHI,3.62,5.03,1.25,,,,,,,,,,,2025-10-05T19:30:17.520292
00-0031610,2023_18_PHI_NYG,2023,18,NYG,2.78,4.94,-1.62,,,,,,,,,,,2025-10-05T19:30:17.520292
00-0033040,2023_18_BUF_MIA,2023,18,MIA,3.03,4.94,-0.06,,,,,,,,,,,2025-10-05T19:30:17.520292
00-0037740,2023_18_NYJ_NE,2023,18,NYJ,2.66,4.88,4.36,,,,,,,,,,,2025-10-05T19:30:17.520292
00-0038544,2023_18_KC_LAC,2023,18,LAC,2.99,4.87,1.67,,,,,,,,,,,2025-10-05T19:30:17.520292
00-0031236,2023_18_DAL_WAS,2023,18,DAL,2.02,4.85,-1.42,,,,,,,,,,,2025-10-05T19:30:17.520292
00-0037238,2023_18_ATL_NO,2023,18,ATL,2.56,4.85,-0.47,,,,,,,,,,,2025-10-05T19:30:17.520292
00-0037744,2023_18_SEA_ARI,2023,18,ARI,2.32,4.8,2.85,,,,,,,,,,,2025-10-05T19:30:17.520292
00-0035120,2023_18_KC_LAC,2023,18,LAC,1.37,4.51,-2.8,,,,,,,,,,,2025-10-05T19:30:17.520292
00-0038979,2023_18_CLE_CIN,2023,18,CLE,2.66,4.44,0.22,,,,,,,,,,,2025-10-05T19:30:17.520292
00-0032543,2023_18_KC_LAC,2023,18,LAC,1.52,4.26,2.35,,,,,,,,,,,2025-10-05T19:30:17.520292
00-0038559,2023_18_SEA_ARI,2023,18,ARI,2.89,4.0,1.51,,,,,,,,,,,2025-10-05T19:30:17.520292
00-0038117,2024_01_MIN_NYG,2024,1,NYG,3.63,9.16,-0.77,,,,,,,,,,,2025-10-05T19:30:20.947069
00-0038977,2024_01_HOU_IND,2024,1,HOU,2.59,8.96,1.14,,,,,,,,,,,2025-10-05T19:30:20.947069
00-0039890,2024_01_HOU_IND,2024,1,IND,3.16,8.47,-1.8,,,,,,,,,,,2025-10-05T19:30:20.947069
00-0036252,2024_01_HOU_IND,2024,1,IND,1.95,8.15,0.53,,,,,,,,,,,2025-10-05T19:30:20.947069
00-0037545,2024_01_CAR_NO,2024,1,NO,3.59,8.14,1.04,,,,,,,,,,,2025-10-05T19:30:20.947069
00-0038544,2024_01_LV_LAC,2024,1,LAC,3.3,7.94,0.37,,,,,,,,,,,2025-10-05T19:30:20.947069
00-0037816,2024_01_GB_PHI,2024,1,GB,2.43,7.85,1.34,,,,,,,,,,,2025-10-05T19:30:20.947069
00-0031544,2024_01_DAL_CLE,2024,1,CLE,2.63,7.77,0.61,,,,,,,,,,,2025-10-05T19:30:20.947069
00-0036407,2024_01_DAL_CLE,2024,1,CLE,2.18,7.71,0.03,,,,,,,,,,,2025-10-05T19:30:20.947069
00-0031588,2024_01_HOU_IND,2024,1,HOU,3.65,7.69,0.22,,,,,,,,,,,2025-10-05T19:30:20.947069
00-0038124,2024_01_GB_PHI,2024,1,GB,2.41,7.58,-0.15,,,,,,,,,,,2025-10-05T19:30:20.947069
00-0034407,2024_01_PIT_ATL,2024,1,ATL,3.01,7.53,-0.16,,,,,,,,,,,2025-10-05T19:30:20.947069
00-0036912,2024_01_GB_PHI,2024,1,PHI,3.58,7.45,2.28,,,,,,,,,,,2025-10-05T19:30:20.947069
00-0037838,2024_01_BAL_KC,2024,1,BAL,5.01,7.37,2.82,,,,,,,,,,,2025-10-05T19:30:20.947069
00-0039146,2024_01_GB_PHI,2024,1,GB,5.32,7.36,6.84,,,,,,,,,,,2025-10-05T19:30:20.947069
00-0036980,2024_01_DAL_CLE,2024,1,CLE,4.18,7.17,-0.96,,,,,,,,,,,2025-10-05T19:30:20.947069
00-0039342,2024_01_CAR_NO,2024,1,CAR,1.76,7.13,-0.42,,,,,,,,,,,2025-10-05T19:30:20.947069
00-0039064,2024_01_BAL_KC,2024,1,BAL,4.17,7.09,-0.23,,,,,,,,,,,2025-10-05T19:30:20.947069
00-0037247,2024_01_PIT_ATL,2024,1,PIT,2.67,7.03,-1.4,,,,,,,,,,,2025-10-05T19:30:20.947069
00-0038619,2024_01_NE_CIN,2024,1,CIN,2.36,6.91,-1.7,,,,,,,,,,,2025-10-05T19:30:20.947069
00-0037744,2024_01_ARI_BUF,2024,1,ARI,2.76,6.86,-0.72,,,,,,,,,,,2025-10-05T19:30:20.947069
00-0031236,2024_01_DAL_CLE,2024,1,DAL,4.27,6.85,-2.12,,,,,,,,,,,2025-10-05T19:30:20.947069
00-0033921,2024_01_WAS_TB,2024,1,TB,3.78,6.74,2.09,,,,,,,,,,,2025-10-05T19:30:20.947069
00-0034351,2024_01_GB_PHI,2024,1,PHI,5.42,6.63,-0.5,,,,,,,,,,,2025-10-05T19:30:20.947069
00-0033885,2024_01_DAL_CLE,2024,1,CLE,5.95,6.54,2.3,,,,,,,,,,,2025-10-05T19:30:20.947069
00-0034837,2024_01_TEN_CHI,2024,1,TEN,2.34,6.47,0.86,,,,,,,,,,,2025-10-05T19:30:20.947069
00-0031381,2024_01_LV_LAC,2024,1,LV,4.39,6.46,1.07,,,,,,,,,,,2025-10-05T19:30:20.947069
00-0037740,2024_01_NYJ_SF,2024,1,NYJ,4.3,6.43,0.33,,,,,,,,,,,2025-10-05T19:30:20.947069
00-0033009,2024_01_TEN_CHI,2024,1,TEN,2.38,6.34,-1.0,,,,,,,,,,,2025-10-05T19:30:20.947069
00-0036554,2024_01_HOU_IND,2024,1,HOU,1.87,6.31,1.29,,,,,,,,,,,2025-10-05T19:30:20.947069
00-0030279,2024_01_TEN_CHI,2024,1,CHI,2.71,6.27,-0.56,,,,,,,,,,,2025-10-05T19:30:20.947069
00-0039424,2024_01_DEN_SEA,2024,1,DEN,4.35,6.26,-0.46,,,,,,,,,,,2025-10-05T19:30:20.947069
00-0035676,2024_01_GB_PHI,2024,1,PHI,2.03,6.24,8.25,,,,,,,,,,,2025-10-05T19:30:20.947069
00-0035719,2024_01_NYJ_SF,2024,1,SF,1.84,6.12,3.49,,,,,,,,,,,2025-10-05T19:30:20.947069
00-0035500,2024_01_ARI_BUF,2024,1,ARI,2.96,6.09,-0.11,,,,,,,,,,,2025-10-05T19:30:20.947069
00-0036900,2024_01_NE_CIN,2024,1,CIN,4.43,6.03,1.82,,,,,,,,,,,2025-10-05T19:30:20.947069
00-0039062,2024_01_CAR_NO,2024,1,CAR,3.32,5.73,-0.14,,,,,,,,,,,2025-10-05T19:30:20.947069
00-0034348,2024_01_DEN_SEA,2024,1,DEN,2.48,5.71,-1.81,,,,,,,,,,,2025-10-05T19:30:20.947069
00-0038041,2024_01_DAL_CLE,2024,1,DAL,4.08,5.65,2.27,,,,,,,,,,,2025-10-05T19:30:20.947069
00-0036963,2024_01_LA_DET,2024,1,DET,2.58,5.61,-0.09,,,,,,,,,,,2025-10-05T19:30:20.947069
00-0033943,2024_01_DEN_SEA,2024,1,DEN,2.15,5.59,0.41,,,,,,,,,,,2025-10-05T19:30:20.947069
00-0039067,2024_01_BAL_KC,2024,1,KC,3.29,5.52,4.19,,,,,,,,,,,2025-10-05T19:30:20.947069
00-0039337,2024_01_MIN_NYG,2024,1,NYG,3.85,5.42,0.34,,,,,,,,,,,2025-10-05T19:30:20.947069
00-0032211,2024_01_DEN_SEA,2024,1,SEA,3.57,5.42,-1.67,,,,,,,,,,,2025-10-05T19:30:20.947069
00-0037240,2024_01_LA_DET,2024,1,DET,3.65,5.42,2.32,,,,,,,,,,,2025-10-05T19:30:20.947069
00-0031408,2024_01_WAS_TB,2024,1,TB,2.26,5.38,-0.5,,,,,,,,,,,2025-10-05T19:30:20.947069
00-0039915,2024_01_LV_LAC,2024,1,LAC,3.03,5.37,0.29,,,,,,,,,,,2025-10-05T19:30:20.947069
00-0033040,2024_01_JAX_MIA,2024,1,MIA,3.7,5.25,4.98,,,,,,,,,,,2025-10-05T19:30:20.947069
00-0039338,2024_01_LV_LAC,2024,1,LV,3.75,5.11,-0.11,,,,,,,,,,,2025-10-05T19:30:20.947069
00-0036322,2024_01_MIN_NYG,2024,1,MIN,3.08,5.08,-0.21,,,,,,,,,,,2025-10-05T19:30:20.947069
00-0036345,2024_01_NE_CIN,2024,1,NE,2.17,4.96,0.08,,,,,,,,,,,2025-10-05T19:30:20.947069
00-0034521,2024_01_NYJ_SF,2024,1,NYJ,1.64,4.93,0.7,,,,,,,,,,,2025-10-05T19:30:20.947069
00-0039901,2024_01_ARI_BUF,2024,1,BUF,2.66,4.83,-0.33,,,,,,,,,,,2025-10-05T19:30:20.947069
00-0034827,2024_01_TEN_CHI,2024,1,CHI,2.34,4.74,-1.98,,,,,,,,,,,2025-10-05T19:30:20.947069
00-0036259,2024_01_NYJ_SF,2024,1,SF,3.2,4.7,-0.22,,,,,,,,,,,2025-10-05T19:30:20.947069
00-0039065,2024_01_LA_DET,2024,1,DET,3.64,4.24,1.47,,,,,,,,,,,2025-10-05T19:30:20.947069
00-0033288,2024_01_NYJ_SF,2024,1,SF,4.3,4.16,0.93,,,,,,,,,,,2025-10-05T19:30:20.947069
00-0036613,2024_01_JAX_MIA,2024,1,MIA,2.87,3.76,1.01,,,,,,,,,,,2025-10-05T19:30:20.947069
00-0036358,2024_01_DAL_CLE,2024,1,DAL,1.57,3.53,5.62,,,,,,,,,,,2025-10-05T19:30:20.947069
00-0035216,2024_01_CAR_NO,2024,1,CAR,2.58,3.43,-0.31,,,,,,,,,,,2025-10-05T19:30:20.947069
00-0036261,2024_01_NYJ_SF,2024,1,SF,1.64,3.3,-0.48,,,,,,,,,,,2025-10-05T19:30:20.947069
00-0036550,2024_01_BAL_KC,2024,1,BAL,3.13,2.49,1.55,,,,,,,,,,,2025-10-05T19:30:20.947069
00-0036290,2024_02_CHI_HOU,2024,2,CHI,4.22,10.48,-0.99,,,,,,,,,,,2025-10-05T19:30:20.947069
00-0033858,2024_02_BUF_MIA,2024,2,MIA,3.85,9.09,0.96,,,,,,,,,,,2025-10-05T19:30:20.947069
00-0038547,2024_02_NO_DAL,2024,2,DAL,3.34,8.86,-0.32,,,,,,,,,,,2025-10-05T19:30:20.947069
00-0037238,2024_02_ATL_PHI,2024,2,ATL,3.3,8.55,-0.39,,,,,,,,,,,2025-10-05T19:30:20.947069
00-0036912,2024_02_ATL_PHI,2024,2,PHI,1.83,8.41,-1.32,,,,,,,,,,,2025-10-05T19:30:20.947069
00-0037240,2024_02_TB_DET,2024,2,DET,2.17,8.39,0.87,,,,,,,,,,,2025-10-05T19:30:20.947069
00-0034407,2024_02_ATL_PHI,2024,2,ATL,2.37,8.18,2.55,,,,,,,,,,,2025-10-05T19:30:20.947069
00-0036980,2024_02_CLE_JAX,2024,2,CLE,2.54,8.12,0.22,,,,,,,,,,,2025-10-05T19:30:20.947069
00-0037239,2024_02_NO_DAL,2024,2,NO,2.44,8.05,-0.13,,,,,,,,,,,2025-10-05T19:30:20.947069
00-0039338,2024_02_LV_BAL,2024,2,LV,4.03,8.02,-1.05,,,,,,,,,,,2025-10-05T19:30:20.947069
00-0039064,2024_02_LV_BAL,2024,2,BAL,4.58,7.93,0.32,,,,,,,,,,,2025-10-05T19:30:20.947069
00-0039919,2024_02_CHI_HOU,2024,2,CHI,2.3,7.88,6.04,,,,,,,,,,,2025-10-05T19:30:20.947069
00-0033943,2024_02_PIT_DEN,2024,2,DEN,3.48,7.72,1.81,,,,,,,,,,,2025-10-05T19:30:20.947069
00-0036309,2024_02_ATL_PHI,2024,2,ATL,2.15,7.37,3.42,,,,,,,,,,,2025-10-05T19:30:20.947069
00-0035659,2024_02_NYG_WAS,2024,2,WAS,3.16,7.24,-0.17,,,,,,,,,,,2025-10-05T19:30:20.947069
00-0037132,2024_02_ATL_PHI,2024,2,PHI,3.83,7.18,-0.51,,,,,,,,,,,2025-10-05T19:30:20.947069
00-0037664,2024_02_IND_GB,2024,2,IND,3.43,7.01,-0.23,,,,,,,,,,,2025-10-05T19:30:20.947069
00-0035640,2024_02_SEA_NE,2024,2,SEA,3.87,6.79,0.23,,,,,,,,,,,2025-10-05T19:30:20.947069
00-0035719,2024_02_SF_MIN,2024,2,SF,3.04,6.74,0.13,,,,,,,,,,,2025-10-05T19:30:20.947069
00-0036963,2024_02_TB_DET,2024,2,DET,2.4,6.67,1.08,,,,,,,,,,,2025-10-05T19:30:20.947069
00-0037261,2024_02_BUF_MIA,2024,2,BUF,3.74,6.56,-0.65,,,,,,,,,,,2025-10-05T19:30:20.947069
00-0036900,2024_02_CIN_KC,2024,2,CIN,3.65,6.55,0.87,,,,,,,,,,,2025-10-05T19:30:20.947069
00-0038935,2024_02_CLE_JAX,2024,2,JAX,2.35,6.43,0.88,,,,,,,,,,,2025-10-05T19:30:20.947069
00-0036261,2024_02_SF_MIN,2024,2,SF,2.21,6.38,-0.13,,,,,,,,,,,2025-10-05T19:30:20.947069
00-0036196,2024_02_CLE_JAX,2024,2,JAX,2.72,6.34,0.96,,,,,,,,,,,2025-10-05T19:30:20.947069
00-0038544,2024_02_LAC_CAR,2024,2,LAC,3.14,6.29,-0.4,,,,,,,,,,,2025-10-05T19:30:20.947069
00-0035406,2024_02_PIT_DEN,2024,2,DEN,3.23,6.27,4.04,,,,,,,,,,,2025-10-05T19:30:20.947069
00-0033040,2024_02_BUF_MIA,2024,2,MIA,4.08,6.14,-0.09,,,,,,,,,,,2025-10-05T19:30:20.947069
00-0039337,2024_02_NYG_WAS,2024,2,NYG,3.11,6.1,1.48,,,,,,,,,,,2025-10-05T19:30:20.947069
00-0033921,2024_02_TB_DET,2024,2,TB,3.63,6.05,0.82,,,,,,,,,,,2025-10-05T19:30:20.947069
00-0033009,2024_02_NYJ_TEN,2024,2,TEN,1.09,6.01,2.02,,,,,,,,,,,2025-10-05T19:30:20.947069
00-0038543,2024_02_SEA_NE,2024,2,SEA,2.92,5.8,-0.02,,,,,,,,,,,2025-10-05T19:30:20.947069
00-0037666,2024_02_NO_DAL,2024,2,DAL,2.69,5.79,-1.13,,,,,,,,,,,2025-10-05T19:30:20.947069
00-0035341,2024_02_CIN_KC,2024,2,CIN,1.33,5.62,-0.73,,,,,,,,,,,2025-10-05T19:30:20.947069
00-0034960,2024_02_LV_BAL,2024,2,LV,2.22,5.61,-1.26,,,,,,,,,,,2025-10-05T19:30:20.947069
00-0036322,2024_02_SF_MIN,2024,2,MIN,2.99,5.55,5.59,,,,,,,,,,,2025-10-05T19:30:20.947069
00-0034827,2024_02_CHI_HOU,2024,2,CHI,3.1,5.5,1.43,,,,,,,,,,,2025-10-05T19:30:20.947069
00-0035216,2024_02_LAC_CAR,2024,2,CAR,2.58,5.42,-1.77,,,,,,,,,,,2025-10-05T19:30:20.947069
00-0036252,2024_02_IND_GB,2024,2,IND,2.0,5.1,-1.17,,,,,,,,,,,2025-10-05T19:30:20.947069
00-0036554,2024_02_CHI_HOU,2024,2,HOU,3.3,5.09,1.5,,,,,,,,,,,2025-10-05T19:30:20.947069
00-0034837,2024_02_NYJ_TEN,2024,2,TEN,2.12,5.08,-0.17,,,,,,,,,,,2025-10-05T19:30:20.947069
00-0033090,2024_02_SEA_NE,2024,2,NE,3.29,5.08,0.18,,,,,,,,,,,2025-10-05T19:30:20.947069
00-0034829,2024_02_CIN_KC,2024,2,CIN,3.09,5.04,0.74,,,,,,,,,,,2025-10-05T19:30:20.947069
00-0031381,2024_02_LV_BAL,2024,2,LV,3.03,4.91,-0.55,,,,,,,,,,,2025-10-05T19:30:20.947069
00-0039849,2024_02_LA_ARI,2024,2,ARI,1.58,4.85,3.57,,,,,,,,,,,2025-10-05T19:30:20.947069
00-0034753,2024_02_LV_BAL,2024,2,BAL,3.86,4.75,-0.33,,,,,,,,,,,2025-10-05T19:30:20.947069
00-0037744,2024_02_LA_ARI,2024,2,ARI,3.6,4.71,1.5,,,,,,,,,,,2025-10-05T19:30:20.947069
00-0039067,2024_02_CIN_KC,2024,2,KC,4.99,4.6,0.73,,,,,,,,,,,2025-10-05T19:30:20.947069
00-0036407,2024_02_CLE_JAX,2024,2,CLE,1.99,4.56,-1.31,,,,,,,,,,,2025-10-05T19:30:20.947069
00-0037252,2024_02_PIT_DEN,2024,2,DEN,3.37,4.53,0.41,,,,,,,,,,,2025-10-05T19:30:20.947069
00-0031588,2024_02_CHI_HOU,2024,2,HOU,2.54,4.45,-0.14,,,,,,,,,,,2025-10-05T19:30:20.947069
00-0037740,2024_02_NYJ_TEN,2024,2,NYJ,1.84,4.44,2.14,,,,,,,,,,,2025-10-05T19:30:20.947069
00-0033288,2024_02_SF_MIN,2024,2,SF,3.91,4.19,1.03,,,,,,,,,,,2025-10-05T19:30:20.947069
00-0031544,2024_02_CLE_JAX,2024,2,CLE,2.73,4.18,-2.41,,,,,,,,,,,2025-10-05T19:30:20.947069
00-0036358,2024_02_NO_DAL,2024,2,DAL,2.26,3.63,10.59,,,,,,,,,,,2025-10-05T19:30:20.947069
00-0031408,2024_02_TB_DET,2024,2,TB,2.66,3.12,1.26,,,,,,,,,,,2025-10-05T19:30:20.947069
00-0034960,2024_03_CAR_LV,2024,3,LV,2.66,9.76,-0.33,,,,,,,,,,,2025-10-05T19:30:20.947069
00-0039868,2024_03_DEN_TB,2024,3,DEN,3.6,9.38,2.29,,,,,,,,,,,2025-10-05T19:30:20.947069
00-0039146,2024_03_GB_TEN,2024,3,GB,4.37,8.92,-0.22,,,,,,,,,,,2025-10-05T19:30:20.947069
00-0037261,2024_03_JAX_BUF,2024,3,BUF,4.8,8.79,1.57,,,,,,,,,,,2025-10-05T19:30:20.947069
00-0036900,2024_03_WAS_CIN,2024,3,CIN,4.04,8.71,2.22,,,,,,,,,,,2025-10-05T19:30:20.947069
00-0036252,2024_03_CHI_IND,2024,3,IND,3.44,8.66,1.66,,,,,,,,,,,2025-10-05T19:30:20.947069
00-0039067,2024_03_KC_ATL,2024,3,KC,4.43,8.58,1.42,,,,,,,,,,,2025-10-05T19:30:20.947069
00-0030061,2024_03_WAS_CIN,2024,3,WAS,4.65,8.33,-1.76,,,,,,,,,,,2025-10-05T19:30:20.947069
00-0038563,2024_03_CAR_LV,2024,3,LV,3.45,8.13,-0.83,,,,,,,,,,,2025-10-05T19:30:20.947069
00-0031381,2024_03_CAR_LV,2024,3,LV,2.29,8.11,0.45,,,,,,,,,,,2025-10-05T19:30:20.947069
00-0036309,2024_03_KC_ATL,2024,3,ATL,5.31,8.1,-1.65,,,,,,,,,,,2025-10-05T19:30:20.947069
00-0038977,2024_03_HOU_MIN,2024,3,HOU,4.02,8.07,0.61,,,,,,,,,,,2025-10-05T19:30:20.947069
00-0039893,2024_03_JAX_BUF,2024,3,JAX,4.15,7.96,2.47,,,,,,,,,,,2025-10-05T19:30:20.947069
00-0035406,2024_03_DEN_TB,2024,3,DEN,3.41,7.94,0.58,,,,,,,,,,,2025-10-05T19:30:20.947069
00-0036894,2024_03_LAC_PIT,2024,3,PIT,3.52,7.91,2.57,,,,,,,,,,,2025-10-05T19:30:20.947069
00-0037239,2024_03_PHI_NO,2024,3,NO,3.38,7.91,0.22,,,,,,,,,,,2025-10-05T19:30:20.947069
00-0036290,2024_03_CHI_IND,2024,3,CHI,4.62,7.85,0.55,,,,,,,,,,,2025-10-05T19:30:20.947069
00-0035500,2024_03_DET_ARI,2024,3,ARI,2.54,7.75,3.24,,,,,,,,,,,2025-10-05T19:30:20.947069
00-0031588,2024_03_HOU_MIN,2024,3,HOU,2.98,7.4,0.19,,,,,,,,,,,2025-10-05T19:30:20.947069
00-0038589,2024_03_GB_TEN,2024,3,TEN,4.77,7.24,-1.49,,,,,,,,,,,2025-10-05T19:30:20.947069
00-0036322,2024_03_HOU_MIN,2024,3,MIN,4.49,7.11,-1.37,,,,,,,,,,,2025-10-05T19:30:20.947069
00-0035640,2024_03_MIA_SEA,2024,3,SEA,2.79,7.0,3.31,,,,,,,,,,,2025-10-05T19:30:20.947069
00-0032211,2024_03_MIA_SEA,2024,3,SEA,3.18,6.98,-2.56,,,,,,,,,,,2025-10-05T19:30:20.947069
00-0035659,2024_03_WAS_CIN,2024,3,WAS,3.07,6.88,0.34,,,,,,,,,,,2025-10-05T19:30:20.947069
00-0036410,2024_03_WAS_CIN,2024,3,CIN,2.58,6.86,1.32,,,,,,,,,,,2025-10-05T19:30:20.947069
00-0037837,2024_03_LAC_PIT,2024,3,PIT,2.66,6.8,10.5,,,,,,,,,,,2025-10-05T19:30:20.947069
00-0038997,2024_03_CHI_IND,2024,3,IND,3.84,6.78,-0.81,,,,,,,,,,,2025-10-05T19:30:20.947069
00-0034827,2024_03_CHI_IND,2024,3,CHI,3.13,6.73,-0.07,,,,,,,,,,,2025-10-05T19:30:20.947069
00-0038935,2024_03_JAX_BUF,2024,3,JAX,3.84,6.66,-0.15,,,,,,,,,,,2025-10-05T19:30:20.947069
00-0037545,2024_03_PHI_NO,2024,3,NO,1.06,6.66,,,,,,,,,,,,2025-10-05T19:30:20.947069
00-0038117,2024_03_NYG_CLE,2024,3,NYG,3.3,6.64,2.36,,,,,,,,,,,2025-10-05T19:30:20.947069
00-0034775,2024_03_JAX_BUF,2024,3,JAX,3.22,6.61,-0.82,,,,,,,,,,,2025-10-05T19:30:20.947069
00-0036261,2024_03_SF_LA,2024,3,SF,2.29,6.6,-2.29,,,,,,,,,,,2025-10-05T19:30:20.947069
00-0036196,2024_03_JAX_BUF,2024,3,JAX,1.75,6.48,-2.06,,,,,,,,,,,2025-10-05T19:30:20.947069
00-0036407,2024_03_NYG_CLE,2024,3,CLE,2.83,6.47,-0.72,,,,,,,,,,,2025-10-05T19:30:20.947069
00-0031544,2024_03_NYG_CLE,2024,3,CLE,2.63,6.3,0.51,,,,,,,,,,,2025-10-05T19:30:20.947069
00-0037744,2024_03_DET_ARI,2024,3,ARI,2.15,6.3,-0.45,,,,,,,,,,,2025-10-05T19:30:20.947069
00-0034348,2024_03_DEN_TB,2024,3,DEN,1.8,6.14,-0.65,,,,,,,,,,,2025-10-05T19:30:20.947069
00-0036554,2024_03_HOU_MIN,2024,3,HOU,3.82,6.11,2.93,,,,,,,,,,,2025-10-05T19:30:20.947069
00-0038933,2024_03_JAX_BUF,2024,3,BUF,4.01,6.1,1.76,,,,,,,,,,,2025-10-05T19:30:20.947069
00-0038621,2024_03_NE_NYJ,2024,3,NE,3.92,6.05,-0.69,,,,,,,,,,,2025-10-05T19:30:20.947069
00-0031763,2024_03_CHI_IND,2024,3,CHI,3.33,6.01,1.13,,,,,,,,,,,2025-10-05T19:30:20.947069
00-0034351,2024_03_PHI_NO,2024,3,PHI,3.19,5.79,5.47,,,,,,,,,,,2025-10-05T19:30:20.947069
00-0033040,2024_03_MIA_SEA,2024,3,MIA,3.36,5.76,-1.46,,,,,,,,,,,2025-10-05T19:30:20.947069
00-0030564,2024_03_GB_TEN,2024,3,TEN,3.1,5.75,-0.44,,,,,,,,,,,2025-10-05T19:30:20.947069
00-0033921,2024_03_DEN_TB,2024,3,TB,2.29,5.7,0.62,,,,,,,,,,,2025-10-05T19:30:20.947069
00-0038559,2024_03_DET_ARI,2024,3,ARI,2.27,5.63,0.22,,,,,,,,,,,2025-10-05T19:30:20.947069
00-0036613,2024_03_MIA_SEA,2024,3,MIA,3.56,5.6,0.91,,,,,,,,,,,2025-10-05T19:30:20.947069
00-0030506,2024_03_KC_ATL,2024,3,KC,3.21,5.51,-0.63,,,,,,,,,,,2025-10-05T19:30:20.947069
00-0030035,2024_03_CAR_LV,2024,3,CAR,3.31,5.5,1.14,,,,,,,,,,,2025-10-05T19:30:20.947069
00-0037247,2024_03_LAC_PIT,2024,3,PIT,2.61,5.32,-2.01,,,,,,,,,,,2025-10-05T19:30:20.947069
00-0035644,2024_03_MIA_SEA,2024,3,SEA,3.66,5.31,0.53,,,,,,,,,,,2025-10-05T19:30:20.947069
00-0036970,2024_03_KC_ATL,2024,3,ATL,1.42,5.24,3.4,,,,,,,,,,,2025-10-05T19:30:20.947069
00-0036259,2024_03_SF_LA,2024,3,SF,2.45,5.18,-0.19,,,,,,,,,,,2025-10-05T19:30:20.947069
00-0035216,2024_03_CAR_LV,2024,3,CAR,2.72,5.16,-0.1,,,,,,,,,,,2025-10-05T19:30:20.947069
00-0034270,2024_03_NE_NYJ,2024,3,NYJ,4.05,5.0,2.68,,,,,,,,,,,2025-10-05T19:30:20.947069
00-0038129,2024_03_DEN_TB,2024,3,TB,2.77,4.96,0.69,,,,,,,,,,,2025-10-05T19:30:20.947069
00-0036912,2024_03_PHI_NO,2024,3,PHI,2.6,4.91,-0.74,,,,,,,,,,,2025-10-05T19:30:20.947069
00-0038041,2024_03_BAL_DAL,2024,3,DAL,3.01,4.78,-0.65,,,,,,,,,,,2025-10-05T19:30:20.947069
00-0036963,2024_03_DET_ARI,2024,3,DET,2.34,4.72,-0.56,,,,,,,,,,,2025-10-05T19:30:20.947069
00-0039919,2024_03_CHI_IND,2024,3,CHI,2.3,4.71,2.04,,,,,,,,,,,2025-10-05T19:30:20.947069
00-0039337,2024_03_NYG_CLE,2024,3,NYG,2.24,4.6,1.39,,,,,,,,,,,2025-10-05T19:30:20.947069
00-0039915,2024_03_LAC_PIT,2024,3,LAC,2.16,4.53,-0.2,,,,,,,,,,,2025-10-05T19:30:20.947069
00-0037666,2024_03_BAL_DAL,2024,3,DAL,2.06,4.52,-0.46,,,,,,,,,,,2025-10-05T19:30:20.947069
00-0039849,2024_03_DET_ARI,2024,3,ARI,1.4,4.48,-0.73,,,,,,,,,,,2025-10-05T19:30:20.947069
00-0034829,2024_03_WAS_CIN,2024,3,CIN,4.15,4.37,0.11,,,,,,,,,,,2025-10-05T19:30:20.947069
00-0036754,2024_03_DET_ARI,2024,3,DET,4.66,4.3,0.06,,,,,,,,,,,2025-10-05T19:30:20.947069
00-0037238,2024_03_KC_ATL,2024,3,ATL,3.85,4.15,1.6,,,,,,,,,,,2025-10-05T19:30:20.947069
00-0034383,2024_03_HOU_MIN,2024,3,HOU,2.4,3.98,-0.53,,,,,,,,,,,2025-10-05T19:30:20.947069
00-0037740,2024_03_NE_NYJ,2024,3,NYJ,2.17,3.87,1.07,,,,,,,,,,,2025-10-05T19:30:20.947069
00-0034364,2024_03_NYG_CLE,2024,3,CLE,3.37,3.73,-1.0,,,,,,,,,,,2025-10-05T19:30:20.947069
00-0036358,2024_03_BAL_DAL,2024,3,DAL,2.1,3.32,0.51,,,,,,,,,,,2025-10-05T19:30:20.947069
00-0038619,2024_03_WAS_CIN,2024,3,CIN,3.2,3.29,-0.41,,,,,,,,,,,2025-10-05T19:30:20.947069
00-0031236,2024_03_BAL_DAL,2024,3,DAL,0.86,2.62,-1.2,,,,,,,,,,,2025-10-05T19:30:20.947069
00-0036963,2024_04_SEA_DET,2024,4,DET,4.54,9.22,-1.14,,,,,,,,,,,2025-10-05T19:30:20.947069
00-0036894,2024_04_PIT_IND,2024,4,PIT,2.94,9.2,2.92,,,,,,,,,,,2025-10-05T19:30:20.947069
00-0036196,2024_04_JAX_HOU,2024,4,JAX,2.84,8.7,-1.23,,,,,,,,,,,2025-10-05T19:30:20.947069
00-0032385,2024_04_PHI_TB,2024,4,TB,2.2,8.66,-0.17,,,,,,,,,,,2025-10-05T19:30:20.947069
00-0038933,2024_04_BUF_BAL,2024,4,BUF,3.11,8.16,0.63,,,,,,,,,,,2025-10-05T19:30:20.947069
00-0038117,2024_04_DAL_NYG,2024,4,NYG,3.22,8.14,-0.64,,,,,,,,,,,2025-10-05T19:30:20.947069
00-0034407,2024_04_NO_ATL,2024,4,ATL,3.44,7.9,-0.09,,,,,,,,,,,2025-10-05T19:30:20.947069
00-0036410,2024_04_CIN_CAR,2024,4,CIN,2.52,7.83,0.34,,,,,,,,,,,2025-10-05T19:30:20.947069
00-0034383,2024_04_JAX_HOU,2024,4,HOU,3.68,7.46,0.42,,,,,,,,,,,2025-10-05T19:30:20.947069
00-0035208,2024_04_WAS_ARI,2024,4,WAS,4.18,7.32,1.61,,,,,,,,,,,2025-10-05T19:30:20.947069
00-0036252,2024_04_PIT_IND,2024,4,IND,2.41,7.26,3.01,,,,,,,,,,,2025-10-05T19:30:20.947069
00-0035535,2024_04_DAL_NYG,2024,4,NYG,1.32,7.15,1.22,,,,,,,,,,,2025-10-05T19:30:20.947069
00-0038996,2024_04_MIN_GB,2024,4,GB,5.57,7.13,0.07,,,,,,,,,,,2025-10-05T19:30:20.947069
00-0039849,2024_04_WAS_ARI,2024,4,ARI,3.21,7.13,-0.32,,,,,,,,,,,2025-10-05T19:30:20.947069
00-0038563,2024_04_CLE_LV,2024,4,LV,4.4,7.05,-0.06,,,,,,,,,,,2025-10-05T19:30:20.947069
00-0034351,2024_04_PHI_TB,2024,4,PHI,3.09,7.03,-0.37,,,,,,,,,,,2025-10-05T19:30:20.947069
00-0031408,2024_04_PHI_TB,2024,4,TB,2.87,6.81,0.51,,,,,,,,,,,2025-10-05T19:30:20.947069
00-0035640,2024_04_SEA_DET,2024,4,SEA,3.4,6.81,0.8,,,,,,,,,,,2025-10-05T19:30:20.947069
00-0038559,2024_04_WAS_ARI,2024,4,ARI,1.88,6.81,-0.9,,,,,,,,,,,2025-10-05T19:30:20.947069
00-0038543,2024_04_SEA_DET,2024,4,SEA,2.85,6.75,-1.14,,,,,,,,,,,2025-10-05T19:30:20.947069
00-0037545,2024_04_NO_ATL,2024,4,NO,3.95,6.73,-0.48,,,,,,,,,,,2025-10-05T19:30:20.947069
00-0037816,2024_04_MIN_GB,2024,4,GB,1.8,6.68,-0.56,,,,,,,,,,,2025-10-05T19:30:20.947069
00-0038393,2024_04_MIN_GB,2024,4,GB,3.88,6.61,1.86,,,,,,,,,,,2025-10-05T19:30:20.947069
00-0037239,2024_04_NO_ATL,2024,4,NO,3.0,6.61,1.01,,,,,,,,,,,2025-10-05T19:30:20.947069
00-0035659,2024_04_WAS_ARI,2024,4,WAS,2.53,6.52,-0.36,,,,,,,,,,,2025-10-05T19:30:20.947069
00-0039337,2024_04_DAL_NYG,2024,4,NYG,3.32,6.45,-0.8,,,,,,,,,,,2025-10-05T19:30:20.947069
00-0038997,2024_04_PIT_IND,2024,4,IND,2.33,6.45,0.69,,,,,,,,,,,2025-10-05T19:30:20.947069
00-0033921,2024_04_PHI_TB,2024,4,TB,2.78,6.36,4.62,,,,,,,,,,,2025-10-05T19:30:20.947069
00-0037740,2024_04_DEN_NYJ,2024,4,NYJ,2.66,6.2,-3.56,,,,,,,,,,,2025-10-05T19:30:20.947069
00-0034827,2024_04_LA_CHI,2024,4,CHI,2.61,6.13,-0.29,,,,,,,,,,,2025-10-05T19:30:20.947069
00-0031588,2024_04_JAX_HOU,2024,4,HOU,3.57,6.09,0.43,,,,,,,,,,,2025-10-05T19:30:20.947069
00-0034775,2024_04_JAX_HOU,2024,4,JAX,2.38,6.07,-1.09,,,,,,,,,,,2025-10-05T19:30:20.947069
00-0036309,2024_04_NO_ATL,2024,4,ATL,1.71,6.06,-0.45,,,,,,,,,,,2025-10-05T19:30:20.947069
