player_id,game_id,season,week,team,efficiency,rush_yards_over_expected,percent_attempts_gte_eight_defenders,avg_time_to_los,avg_defenders_in_box,rush_attempts,rush_yards,rush_touchdowns,rush_first_downs,rush_broken_tackles,rush_yards_before_contact,rush_yards_after_contact,created_at
00-0036414,2023_07_SF_MIN,2023,7,MIN,4.94,-7.07,20.0,,,,,,,,,,2025-10-05T19:30:16.253982
00-0037197,2023_07_LAC_KC,2023,7,KC,6.02,-28.31,7.69,,,,,,,,,,2025-10-05T19:30:16.253982
00-0033280,2023_07_SF_MIN,2023,7,SF,5.67,-3.36,46.67,,,,,,,,,,2025-10-05T19:30:16.253982
00-0033699,2023_07_LAC_KC,2023,7,LAC,4.11,-6.97,21.43,,,,,,,,,,2025-10-05T19:30:16.253982
00-0038134,2023_07_ARI_SEA,2023,7,SEA,4.46,-4.51,34.62,,,,,,,,,,2025-10-05T19:30:16.253982
00-0036265,2023_07_GB_DEN,2023,7,GB,3.96,3.58,6.67,,,,,,,,,,2025-10-05T19:30:16.253982
00-0036275,2023_07_MIA_PHI,2023,7,PHI,4.21,-1.8,13.33,,,,,,,,,,2025-10-05T19:30:16.253982
00-0036997,2023_07_GB_DEN,2023,7,DEN,3.03,33.42,40.0,,,,,,,,,,2025-10-05T19:30:16.253982
00-0038705,2023_07_ARI_SEA,2023,7,ARI,3.55,-2.39,38.46,,,,,,,,,,2025-10-05T19:30:16.253982
00-0031687,2023_08_NE_MIA,2023,8,MIA,4.5,-7.27,7.69,,,,,,,,,,2025-10-05T19:30:16.253982
00-0038120,2023_08_NYJ_NYG,2023,8,NYJ,9.09,-29.02,58.33,,,,,,,,,,2025-10-05T19:30:16.253982
00-0033906,2023_08_NO_IND,2023,8,NO,3.62,-12.28,11.76,,,,,,,,,,2025-10-05T19:30:16.253982
00-0035700,2023_08_LV_DET,2023,8,LV,3.46,0.55,46.67,,,,,,,,,,2025-10-05T19:30:16.253982
00-0033699,2023_08_CHI_LAC,2023,8,LAC,6.39,-23.16,13.33,,,,,,,,,,2025-10-05T19:30:16.253982
00-0034972,2023_08_MIN_GB,2023,8,MIN,7.21,-29.18,31.25,,,,,,,,,,2025-10-05T19:30:16.253982
00-0034844,2023_08_NYJ_NYG,2023,8,NYG,3.89,-20.01,11.11,,,,,,,,,,2025-10-05T19:30:16.253982
00-0038098,2023_08_CLE_SEA,2023,8,CLE,4.09,-3.74,30.0,,,,,,,,,,2025-10-05T19:30:16.253982
00-0036973,2023_08_JAX_PIT,2023,8,JAX,4.45,-4.09,50.0,,,,,,,,,,2025-10-05T19:30:16.253982
00-0035567,2023_08_LV_DET,2023,8,DET,3.04,20.39,35.71,,,,,,,,,,2025-10-05T19:30:16.253982
00-0037248,2023_08_TB_BUF,2023,8,BUF,2.93,11.71,21.43,,,,,,,,,,2025-10-05T19:30:16.253982
00-0038705,2023_08_BAL_ARI,2023,8,ARI,3.86,-1.66,35.0,,,,,,,,,,2025-10-05T19:30:16.253982
00-0039139,2023_08_LV_DET,2023,8,DET,3.0,45.04,7.69,,,,,,,,,,2025-10-05T19:30:16.253982
00-0035250,2023_08_HOU_CAR,2023,8,HOU,5.12,2.98,0.0,,,,,,,,,,2025-10-05T19:30:16.253982
00-0033897,2023_08_CIN_SF,2023,8,CIN,3.53,28.18,6.25,,,,,,,,,,2025-10-05T19:30:16.253982
00-0037258,2023_08_HOU_CAR,2023,8,HOU,3.59,-3.07,8.33,,,,,,,,,,2025-10-05T19:30:16.253982
00-0033280,2023_08_CIN_SF,2023,8,SF,4.19,-0.08,25.0,,,,,,,,,,2025-10-05T19:30:16.253982
00-0033923,2023_08_CLE_SEA,2023,8,CLE,3.06,7.75,14.29,,,,,,,,,,2025-10-05T19:30:16.253982
00-0036555,2023_08_HOU_CAR,2023,8,CAR,5.98,-4.32,26.67,,,,,,,,,,2025-10-05T19:30:16.253982
00-0037746,2023_08_PHI_WAS,2023,8,WAS,2.8,14.56,0.0,,,,,,,,,,2025-10-05T19:30:16.253982
00-0036251,2023_08_NO_IND,2023,8,IND,2.47,24.82,9.09,,,,,,,,,,2025-10-05T19:30:16.253982
00-0038542,2023_08_ATL_TEN,2023,8,ATL,3.71,7.41,0.0,,,,,,,,,,2025-10-05T19:30:16.253982
00-0036997,2023_08_KC_DEN,2023,8,DEN,4.89,-8.5,25.93,,,,,,,,,,2025-10-05T19:30:16.253982
00-0036275,2023_08_PHI_WAS,2023,8,PHI,4.34,-17.22,31.25,,,,,,,,,,2025-10-05T19:30:16.253982
00-0036875,2023_08_NE_MIA,2023,8,NE,3.05,0.07,10.0,,,,,,,,,,2025-10-05T19:30:16.253982
00-0035261,2023_08_LA_DAL,2023,8,DAL,3.56,-8.9,8.33,,,,,,,,,,2025-10-05T19:30:16.253982
00-0036223,2023_08_NO_IND,2023,8,IND,2.58,35.99,8.33,,,,,,,,,,2025-10-05T19:30:16.253982
00-0032764,2023_08_ATL_TEN,2023,8,TEN,3.55,-4.68,36.36,,,,,,,,,,2025-10-05T19:30:16.253982
00-0034184,2023_08_BAL_ARI,2023,8,BAL,3.39,3.65,26.32,,,,,,,,,,2025-10-05T19:30:16.253982
00-0033923,2023_09_ARI_CLE,2023,9,CLE,5.13,-15.84,28.57,,,,,,,,,,2025-10-05T19:30:16.253982
00-0038542,2023_09_MIN_ATL,2023,9,ATL,3.81,3.55,18.18,,,,,,,,,,2025-10-05T19:30:16.253982
00-0036275,2023_09_DAL_PHI,2023,9,PHI,5.87,-17.41,38.89,,,,,,,,,,2025-10-05T19:30:16.253982
00-0034844,2023_09_NYG_LV,2023,9,NYG,3.05,16.58,0.0,,,,,,,,,,2025-10-05T19:30:16.253982
00-0036223,2023_09_IND_CAR,2023,9,IND,5.11,-11.59,11.11,,,,,,,,,,2025-10-05T19:30:16.253982
00-0035250,2023_09_TB_HOU,2023,9,HOU,7.0,-16.42,23.08,,,,,,,,,,2025-10-05T19:30:16.253982
00-0035261,2023_09_DAL_PHI,2023,9,DAL,3.61,-22.49,8.33,,,,,,,,,,2025-10-05T19:30:16.253982
00-0037256,2023_09_TB_HOU,2023,9,TB,3.57,13.86,10.0,,,,,,,,,,2025-10-05T19:30:16.253982
00-0037197,2023_09_MIA_KC,2023,9,KC,3.23,-1.45,6.25,,,,,,,,,,2025-10-05T19:30:16.253982
00-0033925,2023_09_CHI_NO,2023,9,CHI,3.74,-5.89,25.0,,,,,,,,,,2025-10-05T19:30:16.253982
00-0037746,2023_09_WAS_NE,2023,9,WAS,3.97,-11.45,33.33,,,,,,,,,,2025-10-05T19:30:16.253982
00-0037228,2023_09_TEN_PIT,2023,9,PIT,2.56,41.29,9.09,,,,,,,,,,2025-10-05T19:30:16.253982
00-0036555,2023_09_IND_CAR,2023,9,CAR,3.58,4.15,0.0,,,,,,,,,,2025-10-05T19:30:16.253982
00-0035700,2023_09_NYG_LV,2023,9,LV,4.12,-7.2,26.92,,,,,,,,,,2025-10-05T19:30:16.253982
00-0037263,2023_09_MIN_ATL,2023,9,ATL,5.21,8.52,25.0,,,,,,,,,,2025-10-05T19:30:16.253982
00-0034972,2023_09_MIN_ATL,2023,9,MIN,4.58,-21.73,12.5,,,,,,,,,,2025-10-05T19:30:16.253982
00-0038120,2023_09_LAC_NYJ,2023,9,NYJ,4.96,-10.5,6.25,,,,,,,,,,2025-10-05T19:30:16.253982
00-0034975,2023_09_SEA_BAL,2023,9,BAL,5.02,-16.43,0.0,,,,,,,,,,2025-10-05T19:30:16.253982
00-0033897,2023_09_BUF_CIN,2023,9,CIN,5.96,-19.64,7.14,,,,,,,,,,2025-10-05T19:30:16.253982
00-0033699,2023_09_LAC_NYJ,2023,9,LAC,5.15,-13.1,21.43,,,,,,,,,,2025-10-05T19:30:16.253982
00-0031687,2023_09_MIA_KC,2023,9,MIA,3.18,24.23,0.0,,,,,,,,,,2025-10-05T19:30:16.253982
00-0037267,2023_09_ARI_CLE,2023,9,CLE,7.08,-28.75,25.0,,,,,,,,,,2025-10-05T19:30:16.253982
00-0036893,2023_09_TEN_PIT,2023,9,PIT,3.32,-0.14,0.0,,,,,,,,,,2025-10-05T19:30:16.253982
00-0033293,2023_09_LA_GB,2023,9,GB,4.78,-24.45,25.0,,,,,,,,,,2025-10-05T19:30:16.253982
00-0032764,2023_09_TEN_PIT,2023,9,TEN,3.52,-0.11,35.29,,,,,,,,,,2025-10-05T19:30:16.253982
00-0039139,2023_10_DET_LAC,2023,10,DET,3.96,24.55,35.71,,,,,,,,,,2025-10-05T19:30:16.253982
00-0037256,2023_10_TEN_TB,2023,10,TB,5.25,-7.54,5.0,,,,,,,,,,2025-10-05T19:30:16.253982
00-0036893,2023_10_GB_PIT,2023,10,PIT,3.2,14.55,6.25,,,,,,,,,,2025-10-05T19:30:16.253982
00-0032764,2023_10_TEN_TB,2023,10,TEN,6.67,-11.08,45.45,,,,,,,,,,2025-10-05T19:30:16.253982
00-0036875,2023_10_IND_NE,2023,10,NE,3.17,2.24,10.0,,,,,,,,,,2025-10-05T19:30:16.253982
00-0034184,2023_10_CLE_BAL,2023,10,BAL,5.61,-10.4,63.64,,,,,,,,,,2025-10-05T19:30:16.253982
00-0033699,2023_10_DET_LAC,2023,10,LAC,3.6,1.01,26.32,,,,,,,,,,2025-10-05T19:30:16.253982
00-0033897,2023_10_HOU_CIN,2023,10,CIN,3.31,-5.83,9.09,,,,,,,,,,2025-10-05T19:30:16.253982
00-0037248,2023_10_DEN_BUF,2023,10,BUF,2.25,42.99,0.0,,,,,,,,,,2025-10-05T19:30:16.253982
00-0033280,2023_10_SF_JAX,2023,10,SF,3.5,20.62,56.25,,,,,,,,,,2025-10-05T19:30:16.253982
00-0035261,2023_10_NYG_DAL,2023,10,DAL,4.37,1.77,20.0,,,,,,,,,,2025-10-05T19:30:16.253982
00-0037228,2023_10_GB_PIT,2023,10,PIT,2.91,37.28,6.67,,,,,,,,,,2025-10-05T19:30:16.253982
00-0038134,2023_10_WAS_SEA,2023,10,SEA,5.46,-34.03,21.05,,,,,,,,,,2025-10-05T19:30:16.253982
00-0033925,2023_10_CAR_CHI,2023,10,CHI,3.53,-11.82,9.52,,,,,,,,,,2025-10-05T19:30:16.253982
00-0037276,2023_10_NO_MIN,2023,10,MIN,5.31,0.46,26.67,,,,,,,,,,2025-10-05T19:30:16.253982
00-0035250,2023_10_HOU_CIN,2023,10,HOU,3.35,15.76,20.0,,,,,,,,,,2025-10-05T19:30:16.253982
00-0033553,2023_10_ATL_ARI,2023,10,ARI,3.69,2.29,18.75,,,,,,,,,,2025-10-05T19:30:16.253982
00-0033293,2023_10_GB_PIT,2023,10,GB,5.92,-32.48,38.46,,,,,,,,,,2025-10-05T19:30:16.253982
00-0036997,2023_10_DEN_BUF,2023,10,DEN,3.8,-4.79,0.0,,,,,,,,,,2025-10-05T19:30:16.253982
00-0035685,2023_10_DET_LAC,2023,10,DET,2.18,68.39,16.67,,,,,,,,,,2025-10-05T19:30:16.253982
00-0035700,2023_10_NYJ_LV,2023,10,LV,3.79,-4.13,14.81,,,,,,,,,,2025-10-05T19:30:16.253982
00-0038120,2023_10_NYJ_LV,2023,10,NYJ,7.23,-14.03,7.69,,,,,,,,,,2025-10-05T19:30:16.253982
00-0037267,2023_10_CLE_BAL,2023,10,CLE,2.67,40.42,5.88,,,,,,,,,,2025-10-05T19:30:16.253982
00-0033045,2023_10_IND_NE,2023,10,NE,3.05,-1.04,15.38,,,,,,,,,,2025-10-05T19:30:16.253982
00-0034844,2023_10_NYG_DAL,2023,10,NYG,3.41,17.96,38.46,,,,,,,,,,2025-10-05T19:30:16.253982
00-0036223,2023_10_IND_NE,2023,10,IND,4.44,-18.54,21.74,,,,,,,,,,2025-10-05T19:30:16.253982
00-0036139,2023_10_NYG_DAL,2023,10,DAL,3.07,14.36,25.0,,,,,,,,,,2025-10-05T19:30:16.253982
00-0038542,2023_10_ATL_ARI,2023,10,ATL,3.99,-9.9,18.18,,,,,,,,,,2025-10-05T19:30:16.253982
00-0033923,2023_10_CLE_BAL,2023,10,CLE,4.46,0.19,50.0,,,,,,,,,,2025-10-05T19:30:16.253982
00-0037746,2023_11_NYG_WAS,2023,11,WAS,3.93,14.59,5.88,,,,,,,,,,2025-10-05T19:30:16.253982
00-0037197,2023_11_PHI_KC,2023,11,KC,3.19,16.09,21.05,,,,,,,,,,2025-10-05T19:30:16.253982
00-0035250,2023_11_ARI_HOU,2023,11,HOU,3.25,17.41,0.0,,,,,,,,,,2025-10-05T19:30:16.253982
00-0031687,2023_11_LV_MIA,2023,11,MIA,4.57,-16.89,0.0,,,,,,,,,,2025-10-05T19:30:16.253982
00-0039165,2023_11_SEA_LA,2023,11,SEA,4.84,-12.74,20.0,,,,,,,,,,2025-10-05T19:30:16.253982
00-0033699,2023_11_LAC_GB,2023,11,LAC,3.25,29.24,0.0,,,,,,,,,,2025-10-05T19:30:16.253982
00-0030513,2023_11_NYJ_BUF,2023,11,BUF,3.53,0.11,20.0,,,,,,,,,,2025-10-05T19:30:16.253982
00-0036555,2023_11_DAL_CAR,2023,11,CAR,3.17,16.49,0.0,,,,,,,,,,2025-10-05T19:30:16.253982
00-0036973,2023_11_TEN_JAX,2023,11,JAX,4.94,-11.3,7.14,,,,,,,,,,2025-10-05T19:30:16.253982
00-0033923,2023_11_PIT_CLE,2023,11,CLE,4.91,-9.55,50.0,,,,,,,,,,2025-10-05T19:30:16.253982
00-0035700,2023_11_LV_MIA,2023,11,LV,4.35,-23.86,0.0,,,,,,,,,,2025-10-05T19:30:16.253982
00-0032764,2023_11_TEN_JAX,2023,11,TEN,4.03,-10.92,40.0,,,,,,,,,,2025-10-05T19:30:16.253982
00-0034184,2023_11_CIN_BAL,2023,11,BAL,3.31,24.37,50.0,,,,,,,,,,2025-10-05T19:30:16.253982
00-0034972,2023_11_MIN_DEN,2023,11,MIN,3.44,7.57,11.11,,,,,,,,,,2025-10-05T19:30:16.253982
00-0033280,2023_11_TB_SF,2023,11,SF,4.78,-11.86,71.43,,,,,,,,,,2025-10-05T19:30:16.253982
00-0038120,2023_11_NYJ_BUF,2023,11,NYJ,5.83,-8.51,20.0,,,,,,,,,,2025-10-05T19:30:16.253982
00-0035243,2023_11_DAL_CAR,2023,11,CAR,3.68,13.46,18.18,,,,,,,,,,2025-10-05T19:30:16.253982
00-0036275,2023_11_PHI_KC,2023,11,PHI,3.21,32.67,8.33,,,,,,,,,,2025-10-05T19:30:16.253982
00-0035261,2023_11_DAL_CAR,2023,11,DAL,3.69,17.92,8.33,,,,,,,,,,2025-10-05T19:30:16.253982
00-0034844,2023_11_NYG_WAS,2023,11,NYG,3.39,48.08,14.29,,,,,,,,,,2025-10-05T19:30:16.253982
00-0036265,2023_11_LAC_GB,2023,11,GB,5.68,-15.94,0.0,,,,,,,,,,2025-10-05T19:30:16.253982
00-0033897,2023_11_CIN_BAL,2023,11,CIN,3.26,-4.62,6.25,,,,,,,,,,2025-10-05T19:30:16.253982
00-0035685,2023_11_CHI_DET,2023,11,DET,2.72,16.02,16.67,,,,,,,,,,2025-10-05T19:30:16.253982
00-0036997,2023_11_MIN_DEN,2023,11,DEN,4.8,-7.47,9.09,,,,,,,,,,2025-10-05T19:30:16.253982
00-0037248,2023_11_NYJ_BUF,2023,11,BUF,3.9,-2.53,5.88,,,,,,,,,,2025-10-05T19:30:16.253982
00-0037267,2023_11_PIT_CLE,2023,11,CLE,6.45,-24.7,33.33,,,,,,,,,,2025-10-05T19:30:16.253982
00-0036893,2023_11_PIT_CLE,2023,11,PIT,5.41,12.42,8.33,,,,,,,,,,2025-10-05T19:30:16.253982
00-0033553,2023_11_ARI_HOU,2023,11,ARI,4.46,12.89,21.43,,,,,,,,,,2025-10-05T19:30:16.253982
00-0036906,2023_11_CHI_DET,2023,11,CHI,5.44,-6.2,62.5,,,,,,,,,,2025-10-05T19:30:16.253982
00-0039165,2023_12_SF_SEA,2023,12,SEA,4.39,-22.38,7.14,,,,,,,,,,2025-10-05T19:30:16.253982
00-0031687,2023_12_MIA_NYJ,2023,12,MIA,4.45,10.8,15.0,,,,,,,,,,2025-10-05T19:30:16.253982
00-0038542,2023_12_NO_ATL,2023,12,ATL,3.47,18.7,18.75,,,,,,,,,,2025-10-05T19:30:16.253982
00-0036875,2023_12_NE_NYG,2023,12,NE,3.1,19.75,28.57,,,,,,,,,,2025-10-05T19:30:16.253982
00-0035700,2023_12_KC_LV,2023,12,LV,3.27,37.58,5.0,,,,,,,,,,2025-10-05T19:30:16.253982
00-0036973,2023_12_JAX_HOU,2023,12,JAX,6.51,-11.76,25.0,,,,,,,,,,2025-10-05T19:30:16.253982
00-0037248,2023_12_BUF_PHI,2023,12,BUF,5.22,-26.73,0.0,,,,,,,,,,2025-10-05T19:30:16.253982
00-0034844,2023_12_NE_NYG,2023,12,NYG,4.04,9.95,0.0,,,,,,,,,,2025-10-05T19:30:16.253982
00-0037746,2023_12_WAS_DAL,2023,12,WAS,3.61,-23.82,20.0,,,,,,,,,,2025-10-05T19:30:16.253982
00-0039139,2023_12_GB_DET,2023,12,DET,3.61,-17.48,18.18,,,,,,,,,,2025-10-05T19:30:16.253982
00-0033280,2023_12_SF_SEA,2023,12,SF,2.98,44.7,31.58,,,,,,,,,,2025-10-05T19:30:16.253982
00-0036223,2023_12_TB_IND,2023,12,IND,2.79,36.5,40.0,,,,,,,,,,2025-10-05T19:30:16.253982
00-0036893,2023_12_PIT_CIN,2023,12,PIT,3.06,32.69,0.0,,,,,,,,,,2025-10-05T19:30:16.253982
00-0037256,2023_12_TB_IND,2023,12,TB,2.6,23.64,6.67,,,,,,,,,,2025-10-05T19:30:16.253982
00-0039021,2023_12_CHI_MIN,2023,12,CHI,4.19,-2.31,20.0,,,,,,,,,,2025-10-05T19:30:16.253982
00-0035685,2023_12_GB_DET,2023,12,DET,3.4,-4.69,33.33,,,,,,,,,,2025-10-05T19:30:16.253982
00-0037228,2023_12_PIT_CIN,2023,12,PIT,5.22,-6.25,0.0,,,,,,,,,,2025-10-05T19:30:16.253982
00-0034115,2023_12_MIA_NYJ,2023,12,MIA,3.6,-5.16,0.0,,,,,,,,,,2025-10-05T19:30:16.253982
00-0037263,2023_12_NO_ATL,2023,12,ATL,3.24,-2.22,10.0,,,,,,,,,,2025-10-05T19:30:16.253982
00-0033699,2023_12_BAL_LAC,2023,12,LAC,4.65,-0.22,20.0,,,,,,,,,,2025-10-05T19:30:16.253982
00-0036265,2023_12_GB_DET,2023,12,GB,4.12,-10.82,42.86,,,,,,,,,,2025-10-05T19:30:16.253982
00-0036997,2023_12_CLE_DEN,2023,12,DEN,4.64,2.68,44.44,,,,,,,,,,2025-10-05T19:30:16.253982
00-0035261,2023_12_WAS_DAL,2023,12,DAL,3.29,14.92,0.0,,,,,,,,,,2025-10-05T19:30:16.253982
00-0036555,2023_12_CAR_TEN,2023,12,CAR,4.32,-1.27,7.14,,,,,,,,,,2025-10-05T19:30:16.253982
00-0032764,2023_12_CAR_TEN,2023,12,TEN,4.4,22.59,33.33,,,,,,,,,,2025-10-05T19:30:16.253982
00-0037197,2023_12_KC_LV,2023,12,KC,4.14,-3.68,0.0,,,,,,,,,,2025-10-05T19:30:16.253982
00-0033906,2023_12_NO_ATL,2023,12,NO,3.74,-17.03,0.0,,,,,,,,,,2025-10-05T19:30:16.253982
00-0035243,2023_12_CAR_TEN,2023,12,CAR,7.67,-20.97,0.0,,,,,,,,,,2025-10-05T19:30:16.253982
00-0036275,2023_12_BUF_PHI,2023,12,PHI,3.24,16.81,0.0,,,,,,,,,,2025-10-05T19:30:16.253982
00-0036139,2024_12_DAL_WAS,2024,12,DAL,3.37,0.65,0.0,,,,,,,,,,2025-10-05T19:30:19.471207
00-0034972,2023_12_CHI_MIN,2023,12,MIN,3.46,7.72,30.0,,,,,,,,,,2025-10-05T19:30:16.253982
00-0033699,2023_13_LAC_NE,2023,13,LAC,10.93,-34.7,14.29,,,,,,,,,,2025-10-05T19:30:16.253982
00-0033906,2023_13_DET_NO,2023,13,NO,5.08,5.71,35.71,,,,,,,,,,2025-10-05T19:30:16.253982
00-0037256,2023_13_CAR_TB,2023,13,TB,3.55,1.77,10.0,,,,,,,,,,2025-10-05T19:30:16.253982
00-0033553,2023_13_ARI_PIT,2023,13,ARI,4.07,9.44,60.0,,,,,,,,,,2025-10-05T19:30:16.253982
00-0036893,2023_13_ARI_PIT,2023,13,PIT,3.85,-0.95,6.25,,,,,,,,,,2025-10-05T19:30:16.253982
00-0039165,2023_13_SEA_DAL,2023,13,SEA,4.38,-1.58,31.58,,,,,,,,,,2025-10-05T19:30:16.253982
00-0039032,2023_13_IND_TEN,2023,13,TEN,3.31,-12.04,12.5,,,,,,,,,,2025-10-05T19:30:16.253982
00-0031687,2023_13_MIA_WAS,2023,13,MIA,4.96,-9.33,18.18,,,,,,,,,,2025-10-05T19:30:16.253982
00-0033045,2023_13_LAC_NE,2023,13,NE,3.97,-11.57,0.0,,,,,,,,,,2025-10-05T19:30:16.253982
00-0036265,2023_13_KC_GB,2023,13,GB,4.05,9.89,33.33,,,,,,,,,,2025-10-05T19:30:16.253982
00-0035685,2023_13_DET_NO,2023,13,DET,4.88,-14.24,22.22,,,,,,,,,,2025-10-05T19:30:16.253982
00-0036328,2023_13_MIA_WAS,2023,13,WAS,4.34,2.57,0.0,,,,,,,,,,2025-10-05T19:30:16.253982
00-0033897,2023_13_CIN_JAX,2023,13,CIN,3.92,-17.22,15.79,,,,,,,,,,2025-10-05T19:30:16.253982
00-0038542,2023_13_ATL_NYJ,2023,13,ATL,6.41,-17.47,16.67,,,,,,,,,,2025-10-05T19:30:16.253982
00-0037258,2023_13_DEN_HOU,2023,13,HOU,5.87,-6.01,13.33,,,,,,,,,,2025-10-05T19:30:16.253982
00-0037197,2023_13_KC_GB,2023,13,KC,2.71,29.3,11.11,,,,,,,,,,2025-10-05T19:30:16.253982
00-0036997,2023_13_DEN_HOU,2023,13,DEN,3.85,-21.0,15.38,,,,,,,,,,2025-10-05T19:30:16.253982
00-0036251,2023_13_IND_TEN,2023,13,IND,4.56,-13.43,10.53,,,,,,,,,,2025-10-05T19:30:16.253982
00-0038120,2023_13_ATL_NYJ,2023,13,NYJ,14.04,-20.08,15.38,,,,,,,,,,2025-10-05T19:30:16.253982
00-0035261,2023_13_SEA_DAL,2023,13,DAL,4.33,-8.37,15.0,,,,,,,,,,2025-10-05T19:30:16.253982
00-0033923,2023_13_CLE_LA,2023,13,CLE,3.34,-7.06,41.67,,,,,,,,,,2025-10-05T19:30:16.253982
00-0033280,2023_13_SF_PHI,2023,13,SF,3.34,27.62,47.06,,,,,,,,,,2025-10-05T19:30:16.253982
00-0032764,2023_13_IND_TEN,2023,13,TEN,3.41,-9.32,9.52,,,,,,,,,,2025-10-05T19:30:16.253982
00-0039040,2023_13_MIA_WAS,2023,13,MIA,4.59,19.81,35.29,,,,,,,,,,2025-10-05T19:30:16.253982
00-0036555,2023_13_CAR_TB,2023,13,CAR,3.55,5.25,32.0,,,,,,,,,,2025-10-05T19:30:16.253982
00-0036973,2023_13_CIN_JAX,2023,13,JAX,4.15,0.99,36.36,,,,,,,,,,2025-10-05T19:30:16.253982
00-0034972,2023_14_MIN_LV,2023,14,MIN,2.46,23.37,0.0,,,,,,,,,,2025-10-05T19:30:16.253982
00-0036251,2023_14_IND_CIN,2023,14,IND,6.06,-19.22,7.69,,,,,,,,,,2025-10-05T19:30:16.253982
00-0035261,2023_14_PHI_DAL,2023,14,DAL,4.08,-2.38,12.5,,,,,,,,,,2025-10-05T19:30:16.253982
00-0035685,2023_14_DET_CHI,2023,14,DET,2.68,5.35,20.0,,,,,,,,,,2025-10-05T19:30:16.253982
00-0035700,2023_14_MIN_LV,2023,14,LV,5.57,-13.75,23.08,,,,,,,,,,2025-10-05T19:30:16.253982
00-0036265,2023_14_GB_NYG,2023,14,GB,3.93,-17.52,6.67,,,,,,,,,,2025-10-05T19:30:16.253982
00-0036973,2023_14_JAX_CLE,2023,14,JAX,6.54,-21.26,35.71,,,,,,,,,,2025-10-05T19:30:16.253982
00-0036275,2023_14_PHI_DAL,2023,14,PHI,3.86,-34.81,9.09,,,,,,,,,,2025-10-05T19:30:16.253982
00-0037276,2023_14_MIN_LV,2023,14,MIN,4.14,-7.95,33.33,,,,,,,,,,2025-10-05T19:30:16.253982
00-0032764,2023_14_TEN_MIA,2023,14,TEN,6.72,-22.13,23.53,,,,,,,,,,2025-10-05T19:30:16.253982
00-0033925,2023_14_DET_CHI,2023,14,CHI,3.43,5.5,9.09,,,,,,,,,,2025-10-05T19:30:16.253982
00-0033948,2023_14_CAR_NO,2023,14,NO,3.7,1.21,18.18,,,,,,,,,,2025-10-05T19:30:16.253982
00-0034844,2023_14_GB_NYG,2023,14,NYG,3.99,36.62,25.0,,,,,,,,,,2025-10-05T19:30:16.253982
00-0039139,2023_14_DET_CHI,2023,14,DET,3.69,10.83,27.27,,,,,,,,,,2025-10-05T19:30:16.253982
00-0037248,2023_14_BUF_KC,2023,14,BUF,2.92,-4.29,10.0,,,,,,,,,,2025-10-05T19:30:16.253982
00-0035243,2023_14_CAR_NO,2023,14,CAR,2.96,31.28,10.0,,,,,,,,,,2025-10-05T19:30:16.253982
00-0036893,2023_14_NE_PIT,2023,14,PIT,5.54,-13.22,8.33,,,,,,,,,,2025-10-05T19:30:16.253982
00-0033897,2023_14_IND_CIN,2023,14,CIN,3.95,-3.83,23.81,,,,,,,,,,2025-10-05T19:30:16.253982
00-0033923,2023_14_JAX_CLE,2023,14,CLE,6.04,-14.95,40.0,,,,,,,,,,2025-10-05T19:30:16.253982
00-0038542,2023_14_TB_ATL,2023,14,ATL,4.38,-10.24,20.0,,,,,,,,,,2025-10-05T19:30:16.253982
00-0033280,2023_14_SEA_SF,2023,14,SF,3.01,97.23,25.0,,,,,,,,,,2025-10-05T19:30:16.253982
00-0036360,2023_14_BUF_KC,2023,14,KC,4.31,-12.26,0.0,,,,,,,,,,2025-10-05T19:30:16.253982
00-0038120,2023_14_HOU_NYJ,2023,14,NYJ,4.85,7.31,20.0,,,,,,,,,,2025-10-05T19:30:16.253982
00-0033906,2023_14_CAR_NO,2023,14,NO,3.56,-3.37,8.33,,,,,,,,,,2025-10-05T19:30:16.253982
00-0036997,2023_14_DEN_LAC,2023,14,DEN,4.82,-3.02,5.88,,,,,,,,,,2025-10-05T19:30:16.253982
00-0033045,2023_14_NE_PIT,2023,14,NE,3.82,-1.69,59.09,,,,,,,,,,2025-10-05T19:30:16.253982
00-0037256,2023_14_TB_ATL,2023,14,TB,3.26,-20.7,4.0,,,,,,,,,,2025-10-05T19:30:16.253982
00-0031687,2023_14_TEN_MIA,2023,14,MIA,5.1,3.99,14.29,,,,,,,,,,2025-10-05T19:30:16.253982
00-0036555,2023_14_CAR_NO,2023,14,CAR,3.97,-11.0,4.35,,,,,,,,,,2025-10-05T19:30:16.253982
00-0037267,2023_14_JAX_CLE,2023,14,CLE,5.06,16.64,25.0,,,,,,,,,,2025-10-05T19:30:16.253982
00-0035250,2023_14_HOU_NYJ,2023,14,HOU,3.0,16.19,23.08,,,,,,,,,,2025-10-05T19:30:16.253982
00-0033699,2023_14_DEN_LAC,2023,14,LAC,3.06,-2.01,0.0,,,,,,,,,,2025-10-05T19:30:16.253982
00-0036139,2023_14_PHI_DAL,2023,14,DAL,3.49,-2.15,8.33,,,,,,,,,,2025-10-05T19:30:16.253982
00-0031687,2023_15_NYJ_MIA,2023,15,MIA,7.6,-5.07,46.67,,,,,,,,,,2025-10-05T19:30:16.253982
00-0037256,2023_15_TB_GB,2023,15,TB,3.13,14.61,33.33,,,,,,,,,,2025-10-05T19:30:16.253982
00-0038045,2023_15_LAC_LV,2023,15,LAC,4.84,-15.92,0.0,,,,,,,,,,2025-10-05T19:30:16.253982
00-0037263,2023_15_ATL_CAR,2023,15,ATL,4.24,-13.26,21.43,,,,,,,,,,2025-10-05T19:30:16.253982
00-0036893,2023_15_PIT_IND,2023,15,PIT,4.87,-12.77,8.33,,,,,,,,,,2025-10-05T19:30:16.253982
00-0037120,2023_15_PIT_IND,2023,15,IND,2.67,21.9,45.45,,,,,,,,,,2025-10-05T19:30:16.253982
00-0034184,2023_15_BAL_JAX,2023,15,BAL,4.26,7.71,68.75,,,,,,,,,,2025-10-05T19:30:16.253982
00-0036360,2023_15_KC_NE,2023,15,KC,4.91,-6.46,0.0,,,,,,,,,,2025-10-05T19:30:16.253982
00-0036973,2023_15_BAL_JAX,2023,15,JAX,5.33,-11.3,10.0,,,,,,,,,,2025-10-05T19:30:16.253982
00-0033906,2023_15_NYG_NO,2023,15,NO,4.34,-11.27,25.0,,,,,,,,,,2025-10-05T19:30:16.253982
00-0036555,2023_15_ATL_CAR,2023,15,CAR,3.79,24.7,9.09,,,,,,,,,,2025-10-05T19:30:16.253982
00-0035261,2023_15_DAL_BUF,2023,15,DAL,2.95,-3.02,0.0,,,,,,,,,,2025-10-05T19:30:16.253982
00-0035685,2023_15_DEN_DET,2023,15,DET,3.19,-6.05,11.76,,,,,,,,,,2025-10-05T19:30:16.253982
00-0036997,2023_15_DEN_DET,2023,15,DEN,5.66,-19.46,8.33,,,,,,,,,,2025-10-05T19:30:16.253982
00-0038040,2023_15_LAC_LV,2023,15,LV,3.39,17.29,11.76,,,,,,,,,,2025-10-05T19:30:16.253982
00-0036275,2023_15_PHI_SEA,2023,15,PHI,3.83,-5.75,5.56,,,,,,,,,,2025-10-05T19:30:16.253982
00-0033045,2023_15_KC_NE,2023,15,NE,6.12,-7.34,18.18,,,,,,,,,,2025-10-05T19:30:16.253982
00-0033280,2023_15_SF_ARI,2023,15,SF,3.12,23.62,11.11,,,,,,,,,,2025-10-05T19:30:16.253982
00-0036984,2023_15_PIT_IND,2023,15,IND,3.01,8.82,47.06,,,,,,,,,,2025-10-05T19:30:16.253982
00-0037276,2023_15_MIN_CIN,2023,15,MIN,2.94,22.85,17.39,,,,,,,,,,2025-10-05T19:30:16.253982
00-0033553,2023_15_SF_ARI,2023,15,ARI,2.93,31.72,0.0,,,,,,,,,,2025-10-05T19:30:16.253982
00-0035250,2023_15_HOU_TEN,2023,15,HOU,3.45,16.76,11.54,,,,,,,,,,2025-10-05T19:30:16.253982
00-0039139,2023_15_DEN_DET,2023,15,DET,2.83,44.01,0.0,,,,,,,,,,2025-10-05T19:30:16.253982
00-0038611,2023_15_WAS_LA,2023,15,WAS,4.08,5.73,30.0,,,,,,,,,,2025-10-05T19:30:16.253982
00-0038134,2023_15_PHI_SEA,2023,15,SEA,4.36,11.17,5.26,,,,,,,,,,2025-10-05T19:30:16.253982
00-0032764,2023_15_HOU_TEN,2023,15,TEN,20.55,-22.69,6.25,,,,,,,,,,2025-10-05T19:30:16.253982
00-0037228,2023_15_PIT_IND,2023,15,PIT,4.01,-7.72,10.0,,,,,,,,,,2025-10-05T19:30:16.253982
00-0033897,2023_15_MIN_CIN,2023,15,CIN,3.08,16.42,30.0,,,,,,,,,,2025-10-05T19:30:16.253982
00-0033293,2023_15_TB_GB,2023,15,GB,3.68,-1.23,23.08,,,,,,,,,,2025-10-05T19:30:16.253982
00-0037248,2023_15_DAL_BUF,2023,15,BUF,2.83,73.78,32.0,,,,,,,,,,2025-10-05T19:30:16.253982
00-0037197,2023_16_LV_KC,2023,16,KC,6.48,-10.98,9.09,,,,,,,,,,2025-10-05T19:30:16.253982
00-0036997,2023_16_NE_DEN,2023,16,DEN,7.16,-10.96,9.09,,,,,,,,,,2025-10-05T19:30:16.253982
00-0035685,2023_16_DET_MIN,2023,16,DET,4.28,-14.47,29.41,,,,,,,,,,2025-10-05T19:30:16.253982
00-0034975,2023_16_BAL_SF,2023,16,BAL,6.19,-24.48,0.0,,,,,,,,,,2025-10-05T19:30:16.253982
00-0033897,2023_16_CIN_PIT,2023,16,CIN,4.15,-14.61,9.09,,,,,,,,,,2025-10-05T19:30:16.253982
00-0038542,2023_16_IND_ATL,2023,16,ATL,4.01,33.45,8.33,,,,,,,,,,2025-10-05T19:30:16.253982
00-0032764,2023_16_SEA_TEN,2023,16,TEN,3.99,2.3,36.84,,,,,,,,,,2025-10-05T19:30:16.253982
00-0038611,2023_16_WAS_NYJ,2023,16,WAS,2.77,21.28,0.0,,,,,,,,,,2025-10-05T19:30:16.253982
00-0037267,2023_16_CLE_HOU,2023,16,CLE,9.02,-42.52,0.0,,,,,,,,,,2025-10-05T19:30:16.253982
00-0038040,2023_16_LV_KC,2023,16,LV,2.89,68.29,22.73,,,,,,,,,,2025-10-05T19:30:16.253982
00-0037248,2023_16_BUF_LAC,2023,16,BUF,4.56,-13.77,5.0,,,,,,,,,,2025-10-05T19:30:16.253982
00-0034844,2023_16_NYG_PHI,2023,16,NYG,3.61,-34.29,8.7,,,,,,,,,,2025-10-05T19:30:16.253982
00-0036223,2023_16_IND_ATL,2023,16,IND,4.53,-10.69,16.67,,,,,,,,,,2025-10-05T19:30:16.253982
00-0036906,2023_16_ARI_CHI,2023,16,CHI,3.49,15.87,35.0,,,,,,,,,,2025-10-05T19:30:16.253982
00-0033699,2023_16_BUF_LAC,2023,16,LAC,3.61,1.52,6.67,,,,,,,,,,2025-10-05T19:30:16.253982
00-0033293,2023_16_GB_CAR,2023,16,GB,3.06,46.42,14.29,,,,,,,,,,2025-10-05T19:30:16.253982
00-0034681,2023_16_JAX_TB,2023,16,TB,6.11,-16.47,30.0,,,,,,,,,,2025-10-05T19:30:16.253982
00-0035261,2023_16_DAL_MIA,2023,16,DAL,4.66,-7.23,8.33,,,,,,,,,,2025-10-05T19:30:16.253982
00-0031687,2023_16_DAL_MIA,2023,16,MIA,4.26,-13.69,18.18,,,,,,,,,,2025-10-05T19:30:16.253982
00-0033553,2023_16_ARI_CHI,2023,16,ARI,5.08,-10.12,8.33,,,,,,,,,,2025-10-05T19:30:16.253982
00-0036555,2023_16_GB_CAR,2023,16,CAR,5.48,-4.72,25.0,,,,,,,,,,2025-10-05T19:30:16.253982
00-0033280,2023_16_BAL_SF,2023,16,SF,3.26,33.17,21.43,,,,,,,,,,2025-10-05T19:30:16.253982
00-0036893,2023_16_CIN_PIT,2023,16,PIT,3.73,19.15,26.32,,,,,,,,,,2025-10-05T19:30:16.253982
00-0038134,2023_16_SEA_TEN,2023,16,SEA,5.59,-15.69,6.25,,,,,,,,,,2025-10-05T19:30:16.253982
00-0033045,2023_16_NE_DEN,2023,16,NE,5.55,-13.25,16.67,,,,,,,,,,2025-10-05T19:30:16.253982
00-0036275,2023_16_NYG_PHI,2023,16,PHI,4.17,-4.77,30.0,,,,,,,,,,2025-10-05T19:30:16.253982
00-0039139,2023_16_DET_MIN,2023,16,DET,4.11,1.28,20.0,,,,,,,,,,2025-10-05T19:30:16.253982
00-0038120,2023_16_WAS_NYJ,2023,16,NYJ,3.77,12.85,30.0,,,,,,,,,,2025-10-05T19:30:16.253982
00-0037256,2023_16_JAX_TB,2023,16,TB,6.48,-34.85,30.0,,,,,,,,,,2025-10-05T19:30:16.253982
00-0033045,2023_17_NE_BUF,2023,17,NE,4.66,-0.71,0.0,,,,,,,,,,2025-10-05T19:30:16.253982
00-0038134,2023_17_PIT_SEA,2023,17,SEA,4.31,7.91,40.0,,,,,,,,,,2025-10-05T19:30:16.253982
00-0035685,2023_17_DET_DAL,2023,17,DET,3.29,-0.31,7.14,,,,,,,,,,2025-10-05T19:30:16.253982
00-0034844,2023_17_LA_NYG,2023,17,NYG,3.89,-8.82,8.33,,,,,,,,,,2025-10-05T19:30:16.253982
00-0038040,2023_17_LV_IND,2023,17,LV,3.89,-22.36,10.0,,,,,,,,,,2025-10-05T19:30:16.253982
00-0038542,2023_17_ATL_CHI,2023,17,ATL,4.28,0.72,0.0,,,,,,,,,,2025-10-05T19:30:16.253982
00-0033923,2023_17_NYJ_CLE,2023,17,CLE,4.35,-7.14,40.0,,,,,,,,,,2025-10-05T19:30:16.253982
00-0037248,2023_17_NE_BUF,2023,17,BUF,4.45,-12.84,6.25,,,,,,,,,,2025-10-05T19:30:16.253982
00-0033699,2023_17_LAC_DEN,2023,17,LAC,4.14,-18.88,15.38,,,,,,,,,,2025-10-05T19:30:16.253982
00-0037197,2023_17_CIN_KC,2023,17,KC,2.53,50.04,5.56,,,,,,,,,,2025-10-05T19:30:16.253982
00-0034184,2023_17_MIA_BAL,2023,17,BAL,3.5,1.35,43.75,,,,,,,,,,2025-10-05T19:30:16.253982
00-0036223,2023_17_LV_IND,2023,17,IND,3.39,-9.22,4.76,,,,,,,,,,2025-10-05T19:30:16.253982
00-0038555,2023_17_CAR_JAX,2023,17,JAX,4.34,-1.32,10.0,,,,,,,,,,2025-10-05T19:30:16.253982
00-0036997,2023_17_LAC_DEN,2023,17,DEN,4.78,-10.94,33.33,,,,,,,,,,2025-10-05T19:30:16.253982
00-0036906,2023_17_ATL_CHI,2023,17,CHI,3.06,28.11,44.44,,,,,,,,,,2025-10-05T19:30:16.253982
00-0033280,2023_17_SF_WAS,2023,17,SF,3.99,9.76,35.71,,,,,,,,,,2025-10-05T19:30:16.253982
00-0037228,2023_17_PIT_SEA,2023,17,PIT,3.75,38.98,15.38,,,,,,,,,,2025-10-05T19:30:16.253982
00-0035250,2023_17_TEN_HOU,2023,17,HOU,3.12,9.08,6.25,,,,,,,,,,2025-10-05T19:30:16.253982
00-0035261,2023_17_DET_DAL,2023,17,DAL,4.84,5.4,0.0,,,,,,,,,,2025-10-05T19:30:16.253982
00-0039139,2023_17_DET_DAL,2023,17,DET,6.39,-17.24,6.67,,,,,,,,,,2025-10-05T19:30:16.253982
00-0039040,2023_17_MIA_BAL,2023,17,MIA,2.87,10.7,21.43,,,,,,,,,,2025-10-05T19:30:16.253982
00-0037267,2023_17_NYJ_CLE,2023,17,CLE,4.23,9.8,33.33,,,,,,,,,,2025-10-05T19:30:16.253982
00-0036275,2023_17_ARI_PHI,2023,17,PHI,3.43,-13.69,0.0,,,,,,,,,,2025-10-05T19:30:16.253982
00-0033906,2023_17_NO_TB,2023,17,NO,3.89,7.98,20.0,,,,,,,,,,2025-10-05T19:30:16.253982
00-0036973,2023_17_CAR_JAX,2023,17,JAX,3.31,25.89,25.0,,,,,,,,,,2025-10-05T19:30:16.253982
00-0036567,2023_17_SF_WAS,2023,17,SF,3.56,20.28,47.06,,,,,,,,,,2025-10-05T19:30:16.253982
00-0032764,2023_17_TEN_HOU,2023,17,TEN,4.01,-6.79,25.0,,,,,,,,,,2025-10-05T19:30:16.253982
00-0036893,2023_17_PIT_SEA,2023,17,PIT,3.55,41.38,44.44,,,,,,,,,,2025-10-05T19:30:16.253982
00-0033553,2023_17_ARI_PHI,2023,17,ARI,3.74,32.75,15.38,,,,,,,,,,2025-10-05T19:30:16.253982
00-0037256,2023_17_NO_TB,2023,17,TB,4.43,1.59,0.0,,,,,,,,,,2025-10-05T19:30:16.253982
00-0036555,2023_17_CAR_JAX,2023,17,CAR,3.75,-3.88,18.18,,,,,,,,,,2025-10-05T19:30:16.253982
00-0033948,2023_17_NO_TB,2023,17,NO,4.46,-9.72,57.89,,,,,,,,,,2025-10-05T19:30:16.253982
00-0038120,2023_17_NYJ_CLE,2023,17,NYJ,3.3,28.1,23.08,,,,,,,,,,2025-10-05T19:30:16.253982
00-0033293,2023_17_GB_MIN,2023,17,GB,2.81,17.65,30.0,,,,,,,,,,2025-10-05T19:30:16.253982
00-0033897,2023_17_CIN_KC,2023,17,CIN,5.73,-19.6,9.52,,,,,,,,,,2025-10-05T19:30:16.253982
00-0037276,2023_17_GB_MIN,2023,17,MIN,3.47,-12.45,10.0,,,,,,,,,,2025-10-05T19:30:16.253982
00-0039040,2023_18_BUF_MIA,2023,18,MIA,4.25,22.37,0.0,,,,,,,,,,2025-10-05T19:30:16.253982
00-0036269,2023_18_KC_LAC,2023,18,KC,4.34,-5.2,5.0,,,,,,,,,,2025-10-05T19:30:16.253982
00-0038040,2023_18_DEN_LV,2023,18,LV,3.88,-5.78,8.0,,,,,,,,,,2025-10-05T19:30:16.253982
00-0036893,2023_18_PIT_BAL,2023,18,PIT,3.37,13.55,53.85,,,,,,,,,,2025-10-05T19:30:16.253982
00-0035261,2023_18_DAL_WAS,2023,18,DAL,3.36,-1.98,11.76,,,,,,,,,,2025-10-05T19:30:16.253982
00-0033553,2023_18_SEA_ARI,2023,18,ARI,3.11,63.37,22.22,,,,,,,,,,2025-10-05T19:30:16.253982
00-0036555,2023_18_TB_CAR,2023,18,CAR,4.19,2.83,52.17,,,,,,,,,,2025-10-05T19:30:16.253982
00-0037276,2023_18_MIN_DET,2023,18,MIN,3.31,5.02,8.33,,,,,,,,,,2025-10-05T19:30:16.253982
00-0037248,2023_18_BUF_MIA,2023,18,BUF,6.77,-25.48,7.69,,,,,,,,,,2025-10-05T19:30:16.253982
00-0033897,2023_18_CLE_CIN,2023,18,CIN,2.78,45.49,42.86,,,,,,,,,,2025-10-05T19:30:16.253982
00-0038098,2023_18_CLE_CIN,2023,18,CLE,4.0,10.19,0.0,,,,,,,,,,2025-10-05T19:30:16.253982
00-0037256,2023_18_TB_CAR,2023,18,TB,3.93,-11.25,36.84,,,,,,,,,,2025-10-05T19:30:16.253982
00-0035685,2023_18_MIN_DET,2023,18,DET,3.56,4.32,50.0,,,,,,,,,,2025-10-05T19:30:16.253982
00-0036223,2023_18_HOU_IND,2023,18,IND,2.84,45.93,6.67,,,,,,,,,,2025-10-05T19:30:16.253982
00-0032764,2023_18_JAX_TEN,2023,18,TEN,2.55,80.46,47.37,,,,,,,,,,2025-10-05T19:30:16.253982
00-0035250,2023_18_HOU_IND,2023,18,HOU,5.18,-25.23,20.83,,,,,,,,,,2025-10-05T19:30:16.253982
00-0033293,2023_18_CHI_GB,2023,18,GB,3.51,16.08,18.18,,,,,,,,,,2025-10-05T19:30:16.253982
00-0038597,2023_18_CLE_CIN,2023,18,CIN,4.81,9.85,54.55,,,,,,,,,,2025-10-05T19:30:16.253982
00-0038134,2023_18_SEA_ARI,2023,18,SEA,4.15,7.47,5.88,,,,,,,,,,2025-10-05T19:30:16.253982
00-0038542,2023_18_ATL_NO,2023,18,ATL,8.6,-18.57,18.18,,,,,,,,,,2025-10-05T19:30:16.253982
00-0036973,2023_18_JAX_TEN,2023,18,JAX,3.95,-21.03,6.25,,,,,,,,,,2025-10-05T19:30:16.253982
00-0034184,2023_18_PIT_BAL,2023,18,BAL,3.15,-2.4,30.0,,,,,,,,,,2025-10-05T19:30:16.253982
00-0034844,2023_18_PHI_NYG,2023,18,NYG,5.43,-4.57,11.11,,,,,,,,,,2025-10-05T19:30:16.253982
00-0036906,2023_18_CHI_GB,2023,18,CHI,6.34,-39.41,41.67,,,,,,,,,,2025-10-05T19:30:16.253982
00-0038120,2023_18_NYJ_NE,2023,18,NYJ,4.23,24.7,16.22,,,,,,,,,,2025-10-05T19:30:16.253982
00-0038551,2023_18_ATL_NO,2023,18,NO,3.16,8.96,7.69,,,,,,,,,,2025-10-05T19:30:16.253982
00-0033699,2023_18_KC_LAC,2023,18,LAC,11.23,-12.74,10.0,,,,,,,,,,2025-10-05T19:30:16.253982
00-0036567,2023_18_LA_SF,2023,18,SF,4.39,4.48,42.86,,,,,,,,,,2025-10-05T19:30:16.253982
00-0033045,2023_18_NYJ_NE,2023,18,NE,4.2,-2.09,7.69,,,,,,,,,,2025-10-05T19:30:16.253982
00-0039139,2023_18_MIN_DET,2023,18,DET,7.45,-16.92,53.85,,,,,,,,,,2025-10-05T19:30:16.253982
00-0033948,2023_18_ATL_NO,2023,18,NO,5.75,-27.81,7.14,,,,,,,,,,2025-10-05T19:30:16.253982
00-0033553,2024_01_ARI_BUF,2024,1,ARI,5.66,-22.44,12.5,,,,,,,,,,2025-10-05T19:30:19.471207
00-0038120,2024_01_NYJ_SF,2024,1,NYJ,4.85,-8.69,12.5,,,,,,,,,,2025-10-05T19:30:19.471207
00-0036875,2024_01_NE_CIN,2024,1,NE,3.51,21.92,24.0,,,,,,,,,,2025-10-05T19:30:19.471207
00-0033906,2024_01_CAR_NO,2024,1,NO,3.64,8.35,26.67,,,,,,,,,,2025-10-05T19:30:19.471207
00-0035250,2024_01_MIN_NYG,2024,1,NYG,4.0,0.42,0.0,,,,,,,,,,2025-10-05T19:30:19.471207
00-0035700,2024_01_GB_PHI,2024,1,GB,3.39,37.96,6.25,,,,,,,,,,2025-10-05T19:30:19.471207
00-0036893,2024_01_PIT_ATL,2024,1,PIT,4.93,-5.62,10.0,,,,,,,,,,2025-10-05T19:30:19.471207
00-0033045,2024_01_DAL_CLE,2024,1,DAL,3.72,-16.52,20.0,,,,,,,,,,2025-10-05T19:30:19.471207
00-0036973,2024_01_JAX_MIA,2024,1,JAX,5.82,-7.83,16.67,,,,,,,,,,2025-10-05T19:30:19.471207
00-0034844,2024_01_GB_PHI,2024,1,PHI,3.09,26.84,25.0,,,,,,,,,,2025-10-05T19:30:19.471207
00-0036158,2024_01_LV_LAC,2024,1,LAC,1.68,98.1,20.0,,,,,,,,,,2025-10-05T19:30:19.471207
00-0035685,2024_01_LA_DET,2024,1,DET,3.01,12.55,5.88,,,,,,,,,,2025-10-05T19:30:19.471207
00-0038794,2024_01_DEN_SEA,2024,1,DEN,5.94,-9.09,10.0,,,,,,,,,,2025-10-05T19:30:19.471207
00-0033897,2024_01_HOU_IND,2024,1,HOU,3.42,17.17,26.67,,,,,,,,,,2025-10-05T19:30:19.471207
00-0037267,2024_01_DAL_CLE,2024,1,CLE,3.97,-4.45,8.33,,,,,,,,,,2025-10-05T19:30:19.471207
00-0038040,2024_01_LV_LAC,2024,1,LV,5.07,-8.38,0.0,,,,,,,,,,2025-10-05T19:30:19.471207
00-0038555,2024_01_JAX_MIA,2024,1,JAX,3.02,18.82,8.33,,,,,,,,,,2025-10-05T19:30:19.471207
00-0039040,2024_01_JAX_MIA,2024,1,MIA,6.42,-26.58,10.0,,,,,,,,,,2025-10-05T19:30:19.471207
00-0037248,2024_01_ARI_BUF,2024,1,BUF,4.51,-11.76,26.32,,,,,,,,,,2025-10-05T19:30:19.471207
00-0034184,2024_01_LV_LAC,2024,1,LAC,4.7,-17.92,45.45,,,,,,,,,,2025-10-05T19:30:19.471207
00-0039139,2024_01_LA_DET,2024,1,DET,5.0,-5.24,27.27,,,,,,,,,,2025-10-05T19:30:19.471207
00-0032764,2024_01_BAL_KC,2024,1,BAL,4.01,4.27,38.46,,,,,,,,,,2025-10-05T19:30:19.471207
00-0036223,2024_01_HOU_IND,2024,1,IND,4.09,-11.71,12.5,,,,,,,,,,2025-10-05T19:30:19.471207
00-0033948,2024_01_CAR_NO,2024,1,NO,4.41,-22.44,9.09,,,,,,,,,,2025-10-05T19:30:19.471207
00-0038134,2024_01_DEN_SEA,2024,1,SEA,3.74,8.18,15.0,,,,,,,,,,2025-10-05T19:30:19.471207
00-0033293,2024_01_MIN_NYG,2024,1,MIN,3.21,38.99,0.0,,,,,,,,,,2025-10-05T19:30:19.471207
00-0037256,2024_01_WAS_TB,2024,1,TB,7.84,-32.2,13.33,,,,,,,,,,2025-10-05T19:30:19.471207
00-0037197,2024_01_BAL_KC,2024,1,KC,4.71,-14.94,26.67,,,,,,,,,,2025-10-05T19:30:19.471207
00-0038542,2024_01_PIT_ATL,2024,1,ATL,4.85,-8.99,38.89,,,,,,,,,,2025-10-05T19:30:19.471207
00-0036275,2024_01_TEN_CHI,2024,1,CHI,6.68,-9.18,10.0,,,,,,,,,,2025-10-05T19:30:19.471207
00-0035261,2024_01_TEN_CHI,2024,1,TEN,3.36,13.88,0.0,,,,,,,,,,2025-10-05T19:30:19.471207
00-0037525,2024_01_NYJ_SF,2024,1,SF,3.68,30.11,50.0,,,,,,,,,,2025-10-05T19:30:19.471207
00-0037746,2024_01_WAS_TB,2024,1,WAS,4.21,-5.83,33.33,,,,,,,,,,2025-10-05T19:30:19.471207
00-0035700,2024_02_IND_GB,2024,2,GB,3.57,23.68,25.0,,,,,,,,,,2025-10-05T19:30:19.471207
00-0037256,2024_02_TB_DET,2024,2,TB,7.17,-12.51,30.0,,,,,,,,,,2025-10-05T19:30:19.471207
00-0039165,2024_02_SEA_NE,2024,2,SEA,5.11,-12.19,14.29,,,,,,,,,,2025-10-05T19:30:19.471207
00-0036875,2024_02_SEA_NE,2024,2,NE,3.4,5.98,33.33,,,,,,,,,,2025-10-05T19:30:19.471207
00-0035250,2024_02_NYG_WAS,2024,2,NYG,3.08,-2.14,0.0,,,,,,,,,,2025-10-05T19:30:19.471207
00-0033906,2024_02_NO_DAL,2024,2,NO,3.56,20.15,45.0,,,,,,,,,,2025-10-05T19:30:19.471207
00-0035685,2024_02_TB_DET,2024,2,DET,4.85,-6.59,27.27,,,,,,,,,,2025-10-05T19:30:19.471207
00-0036893,2024_02_PIT_DEN,2024,2,PIT,3.77,-14.19,29.41,,,,,,,,,,2025-10-05T19:30:19.471207
00-0036158,2024_02_LAC_CAR,2024,2,LAC,2.64,41.33,23.53,,,,,,,,,,2025-10-05T19:30:19.471207
00-0038120,2024_02_NYJ_TEN,2024,2,NYJ,4.09,16.74,0.0,,,,,,,,,,2025-10-05T19:30:19.471207
00-0037276,2024_02_SF_MIN,2024,2,MIN,2.72,26.27,40.0,,,,,,,,,,2025-10-05T19:30:19.471207
00-0032764,2024_02_LV_BAL,2024,2,BAL,3.79,15.72,22.22,,,,,,,,,,2025-10-05T19:30:19.471207
00-0039139,2024_02_TB_DET,2024,2,DET,3.52,20.11,30.77,,,,,,,,,,2025-10-05T19:30:19.471207
00-0036275,2024_02_CHI_HOU,2024,2,CHI,10.65,-44.39,7.14,,,,,,,,,,2025-10-05T19:30:19.471207
00-0036251,2024_02_CIN_KC,2024,2,CIN,5.34,-4.21,41.67,,,,,,,,,,2025-10-05T19:30:19.471207
00-0033553,2024_02_LA_ARI,2024,2,ARI,3.32,26.81,4.76,,,,,,,,,,2025-10-05T19:30:19.471207
00-0034844,2024_02_ATL_PHI,2024,2,PHI,3.64,-6.65,13.64,,,,,,,,,,2025-10-05T19:30:19.471207
00-0036973,2024_02_CLE_JAX,2024,2,JAX,3.89,6.16,15.38,,,,,,,,,,2025-10-05T19:30:19.471207
00-0035261,2024_02_NYJ_TEN,2024,2,TEN,4.85,-13.0,29.41,,,,,,,,,,2025-10-05T19:30:19.471207
00-0036555,2024_02_LAC_CAR,2024,2,CAR,2.82,6.8,0.0,,,,,,,,,,2025-10-05T19:30:19.471207
00-0037248,2024_02_BUF_MIA,2024,2,BUF,2.37,39.48,36.36,,,,,,,,,,2025-10-05T19:30:19.471207
00-0036328,2024_02_SEA_NE,2024,2,NE,2.27,54.32,36.36,,,,,,,,,,2025-10-05T19:30:19.471207
00-0039040,2024_02_BUF_MIA,2024,2,MIA,3.8,-26.31,9.09,,,,,,,,,,2025-10-05T19:30:19.471207
00-0039921,2024_02_LA_ARI,2024,2,ARI,16.78,-32.28,9.09,,,,,,,,,,2025-10-05T19:30:19.471207
00-0034184,2024_02_LAC_CAR,2024,2,LAC,4.2,-17.58,16.67,,,,,,,,,,2025-10-05T19:30:19.471207
00-0038542,2024_02_ATL_PHI,2024,2,ATL,3.2,22.94,7.14,,,,,,,,,,2025-10-05T19:30:19.471207
00-0036223,2024_02_IND_GB,2024,2,IND,2.5,55.03,16.67,,,,,,,,,,2025-10-05T19:30:19.471207
00-0037525,2024_02_SF_MIN,2024,2,SF,3.4,23.87,25.0,,,,,,,,,,2025-10-05T19:30:19.471207
00-0033925,2024_02_CLE_JAX,2024,2,CLE,5.24,-8.78,28.57,,,,,,,,,,2025-10-05T19:30:19.471207
00-0036997,2024_02_PIT_DEN,2024,2,DEN,8.12,-35.96,63.64,,,,,,,,,,2025-10-05T19:30:19.471207
00-0037197,2024_02_CIN_KC,2024,2,KC,2.9,13.32,0.0,,,,,,,,,,2025-10-05T19:30:19.471207
00-0037746,2024_02_NYG_WAS,2024,2,WAS,2.61,68.69,11.76,,,,,,,,,,2025-10-05T19:30:19.471207
00-0035685,2024_03_DET_ARI,2024,3,DET,3.63,6.22,30.43,,,,,,,,,,2025-10-05T19:30:19.471207
00-0039040,2024_03_MIA_SEA,2024,3,MIA,5.78,-16.56,18.18,,,,,,,,,,2025-10-05T19:30:19.471207
00-0035250,2024_03_NYG_CLE,2024,3,NYG,3.5,15.01,68.75,,,,,,,,,,2025-10-05T19:30:19.471207
00-0038797,2024_03_GB_TEN,2024,3,GB,3.94,0.5,0.0,,,,,,,,,,2025-10-05T19:30:19.471207
00-0033293,2024_03_HOU_MIN,2024,3,MIN,3.23,17.64,47.37,,,,,,,,,,2025-10-05T19:30:19.471207
00-0036893,2024_03_LAC_PIT,2024,3,PIT,4.33,-2.43,5.56,,,,,,,,,,2025-10-05T19:30:19.471207
00-0038040,2024_03_CAR_LV,2024,3,LV,3.85,-3.22,0.0,,,,,,,,,,2025-10-05T19:30:19.471207
00-0038120,2024_03_NE_NYJ,2024,3,NYJ,4.3,3.74,25.0,,,,,,,,,,2025-10-05T19:30:19.471207
00-0037525,2024_03_SF_LA,2024,3,SF,4.04,28.77,36.84,,,,,,,,,,2025-10-05T19:30:19.471207
00-0036223,2024_03_CHI_IND,2024,3,IND,3.32,15.18,26.09,,,,,,,,,,2025-10-05T19:30:19.471207
00-0036251,2024_03_WAS_CIN,2024,3,CIN,4.17,-4.54,16.67,,,,,,,,,,2025-10-05T19:30:19.471207
00-0039794,2024_03_NE_NYJ,2024,3,NYJ,3.32,12.43,27.27,,,,,,,,,,2025-10-05T19:30:19.471207
00-0037267,2024_03_NYG_CLE,2024,3,CLE,3.77,-2.33,10.0,,,,,,,,,,2025-10-05T19:30:19.471207
00-0032764,2024_03_BAL_DAL,2024,3,BAL,2.97,45.19,40.0,,,,,,,,,,2025-10-05T19:30:19.471207
00-0039325,2024_03_KC_ATL,2024,3,KC,2.93,3.76,17.65,,,,,,,,,,2025-10-05T19:30:19.471207
00-0037746,2024_03_WAS_CIN,2024,3,WAS,5.66,-9.16,18.75,,,,,,,,,,2025-10-05T19:30:19.471207
00-0039139,2024_03_DET_ARI,2024,3,DET,3.53,1.18,12.5,,,,,,,,,,2025-10-05T19:30:19.471207
00-0033906,2024_03_PHI_NO,2024,3,NO,5.52,-23.67,15.38,,,,,,,,,,2025-10-05T19:30:19.471207
00-0038542,2024_03_KC_ATL,2024,3,ATL,8.28,-20.92,12.5,,,,,,,,,,2025-10-05T19:30:19.471207
00-0036555,2024_03_CAR_LV,2024,3,CAR,3.0,32.94,28.57,,,,,,,,,,2025-10-05T19:30:19.471207
00-0034844,2024_03_PHI_NO,2024,3,PHI,2.32,86.53,11.76,,,,,,,,,,2025-10-05T19:30:19.471207
00-0036275,2024_03_CHI_IND,2024,3,CHI,11.03,-29.7,15.38,,,,,,,,,,2025-10-05T19:30:19.471207
00-0037248,2024_03_JAX_BUF,2024,3,BUF,4.64,-14.39,27.27,,,,,,,,,,2025-10-05T19:30:19.471207
00-0039165,2024_03_MIA_SEA,2024,3,SEA,3.16,15.57,16.67,,,,,,,,,,2025-10-05T19:30:19.471207
00-0035700,2024_03_GB_TEN,2024,3,GB,4.82,-11.45,21.43,,,,,,,,,,2025-10-05T19:30:19.471207
00-0036973,2024_03_JAX_BUF,2024,3,JAX,2.36,21.5,9.09,,,,,,,,,,2025-10-05T19:30:19.471207
00-0036158,2024_03_LAC_PIT,2024,3,LAC,5.81,-32.53,26.67,,,,,,,,,,2025-10-05T19:30:19.471207
00-0035250,2024_04_DAL_NYG,2024,4,NYG,10.56,-23.71,50.0,,,,,,,,,,2025-10-05T19:30:19.471207
00-0034844,2024_04_PHI_TB,2024,4,PHI,2.23,49.64,40.0,,,,,,,,,,2025-10-05T19:30:19.471207
00-0032764,2024_04_BUF_BAL,2024,4,BAL,2.51,119.42,12.5,,,,,,,,,,2025-10-05T19:30:19.471207
00-0036414,2024_04_JAX_HOU,2024,4,HOU,5.61,-13.74,15.38,,,,,,,,,,2025-10-05T19:30:19.471207
00-0037256,2024_04_PHI_TB,2024,4,TB,4.81,9.95,30.0,,,,,,,,,,2025-10-05T19:30:19.471207
00-0035685,2024_04_SEA_DET,2024,4,DET,5.14,-6.64,58.33,,,,,,,,,,2025-10-05T19:30:19.471207
00-0036251,2024_04_CIN_CAR,2024,4,CIN,5.48,-5.38,46.67,,,,,,,,,,2025-10-05T19:30:19.471207
00-0039139,2024_04_SEA_DET,2024,4,DET,3.08,9.86,14.29,,,,,,,,,,2025-10-05T19:30:19.471207
00-0038120,2024_04_DEN_NYJ,2024,4,NYJ,25.74,-16.22,40.0,,,,,,,,,,2025-10-05T19:30:19.471207
00-0036997,2024_04_DEN_NYJ,2024,4,DEN,2.94,12.79,12.5,,,,,,,,,,2025-10-05T19:30:19.471207
00-0036158,2024_04_KC_LAC,2024,4,LAC,5.42,-23.21,0.0,,,,,,,,,,2025-10-05T19:30:19.471207
00-0035261,2024_04_TEN_MIA,2024,4,TEN,4.34,25.78,40.91,,,,,,,,,,2025-10-05T19:30:19.471207
00-0036275,2024_04_LA_CHI,2024,4,CHI,3.3,25.26,31.25,,,,,,,,,,2025-10-05T19:30:19.471207
00-0033553,2024_04_WAS_ARI,2024,4,ARI,3.14,22.7,22.22,,,,,,,,,,2025-10-05T19:30:19.471207
00-0036875,2024_04_NE_SF,2024,4,NE,4.47,7.84,30.77,,,,,,,,,,2025-10-05T19:30:19.471207
00-0039040,2024_04_TEN_MIA,2024,4,MIA,9.73,-28.34,0.0,,,,,,,,,,2025-10-05T19:30:19.471207
00-0036893,2024_04_PIT_IND,2024,4,PIT,8.58,-29.63,23.08,,,,,,,,,,2025-10-05T19:30:19.471207
00-0038040,2024_04_CLE_LV,2024,4,LV,4.93,-11.23,41.18,,,,,,,,,,2025-10-05T19:30:19.471207
00-0038134,2024_04_SEA_DET,2024,4,SEA,4.07,40.65,50.0,,,,,,,,,,2025-10-05T19:30:19.471207
00-0036555,2024_04_CIN_CAR,2024,4,CAR,2.72,38.5,33.33,,,,,,,,,,2025-10-05T19:30:19.471207
00-0036973,2024_04_JAX_HOU,2024,4,JAX,3.97,14.9,45.45,,,,,,,,,,2025-10-05T19:30:19.471207
00-0037746,2024_04_WAS_ARI,2024,4,WAS,3.5,6.72,0.0,,,,,,,,,,2025-10-05T19:30:19.471207
00-0036139,2024_04_DAL_NYG,2024,4,DAL,3.69,2.5,18.18,,,,,,,,,,2025-10-05T19:30:19.471207
00-0039032,2024_04_TEN_MIA,2024,4,TEN,5.59,-12.92,13.33,,,,,,,,,,2025-10-05T19:30:19.471207
00-0033293,2024_04_MIN_GB,2024,4,MIN,4.31,-14.41,22.73,,,,,,,,,,2025-10-05T19:30:19.471207
00-0033923,2024_04_KC_LAC,2024,4,KC,3.0,5.36,7.14,,,,,,,,,,2025-10-05T19:30:19.471207
00-0039361,2024_04_PHI_TB,2024,4,TB,3.7,13.44,20.0,,,,,,,,,,2025-10-05T19:30:19.471207
00-0037267,2024_04_CLE_LV,2024,4,CLE,3.3,23.49,0.0,,,,,,,,,,2025-10-05T19:30:19.471207
00-0033906,2024_04_NO_ATL,2024,4,NO,4.35,-1.46,15.79,,,,,,,,,,2025-10-05T19:30:19.471207
00-0037525,2024_04_NE_SF,2024,4,SF,3.98,37.34,54.17,,,,,,,,,,2025-10-05T19:30:19.471207
00-0038597,2024_04_CIN_CAR,2024,4,CIN,3.29,24.34,33.33,,,,,,,,,,2025-10-05T19:30:19.471207
00-0036223,2024_04_PIT_IND,2024,4,IND,3.52,7.54,23.81,,,,,,,,,,2025-10-05T19:30:19.471207
00-0039874,2024_05_MIA_NE,2024,5,MIA,3.48,21.06,23.08,,,,,,,,,,2025-10-05T19:30:19.471207
00-0033553,2024_05_ARI_SF,2024,5,ARI,3.41,10.08,31.58,,,,,,,,,,2025-10-05T19:30:19.471207
00-0038597,2024_05_BAL_CIN,2024,5,CIN,3.89,-2.98,33.33,,,,,,,,,,2025-10-05T19:30:19.471207
00-0037276,2024_05_NYJ_MIN,2024,5,MIN,6.61,-25.55,14.29,,,,,,,,,,2025-10-05T19:30:19.471207
00-0038542,2024_05_TB_ATL,2024,5,ATL,4.58,17.45,16.67,,,,,,,,,,2025-10-05T19:30:19.471207
00-0036139,2024_05_DAL_PIT,2024,5,DAL,3.39,0.4,20.0,,,,,,,,,,2025-10-05T19:30:19.471207
00-0033923,2024_05_NO_KC,2024,5,KC,4.17,-17.14,7.41,,,,,,,,,,2025-10-05T19:30:19.471207
00-0034972,2024_05_LV_DEN,2024,5,LV,4.77,-14.29,13.33,,,,,,,,,,2025-10-05T19:30:19.471207
00-0038555,2024_05_IND_JAX,2024,5,JAX,2.53,61.32,30.77,,,,,,,,,,2025-10-05T19:30:19.471207
00-0036997,2024_05_LV_DEN,2024,5,DEN,3.55,13.55,38.46,,,,,,,,,,2025-10-05T19:30:19.471207
00-0033854,2024_05_BUF_HOU,2024,5,HOU,6.36,-15.18,13.33,,,,,,,,,,2025-10-05T19:30:19.471207
00-0036275,2024_05_CAR_CHI,2024,5,CHI,4.49,-12.19,19.05,,,,,,,,,,2025-10-05T19:30:19.471207
00-0036984,2024_05_IND_JAX,2024,5,IND,3.02,2.97,50.0,,,,,,,,,,2025-10-05T19:30:19.471207
00-0036555,2024_05_CAR_CHI,2024,5,CAR,2.37,44.3,7.69,,,,,,,,,,2025-10-05T19:30:19.471207
00-0039021,2024_05_CAR_CHI,2024,5,CHI,4.08,-8.94,40.0,,,,,,,,,,2025-10-05T19:30:19.471207
00-0037525,2024_05_ARI_SF,2024,5,SF,3.05,39.4,0.0,,,,,,,,,,2025-10-05T19:30:19.471207
00-0037248,2024_05_BUF_HOU,2024,5,BUF,3.8,-14.75,35.0,,,,,,,,,,2025-10-05T19:30:19.471207
00-0033906,2024_05_NO_KC,2024,5,NO,8.69,-8.25,9.09,,,,,,,,,,2025-10-05T19:30:19.471207
00-0036875,2024_05_MIA_NE,2024,5,NE,2.71,36.2,25.0,,,,,,,,,,2025-10-05T19:30:19.471207
00-0031687,2024_05_MIA_NE,2024,5,MIA,4.17,-10.5,21.05,,,,,,,,,,2025-10-05T19:30:19.471207
00-0036893,2024_05_DAL_PIT,2024,5,PIT,5.5,-10.87,42.86,,,,,,,,,,2025-10-05T19:30:19.471207
00-0035700,2024_05_GB_LA,2024,5,GB,4.3,6.21,15.79,,,,,,,,,,2025-10-05T19:30:19.471207
00-0039384,2024_05_NYG_SEA,2024,5,NYG,2.84,46.75,16.67,,,,,,,,,,2025-10-05T19:30:19.471207
00-0032764,2024_05_BAL_CIN,2024,5,BAL,2.97,44.65,33.33,,,,,,,,,,2025-10-05T19:30:19.471207
00-0037256,2024_05_TB_ATL,2024,5,TB,2.7,36.27,20.0,,,,,,,,,,2025-10-05T19:30:19.471207
00-0033925,2024_06_CLE_PHI,2024,6,CLE,4.16,-19.11,0.0,,,,,,,,,,2025-10-05T19:30:19.471207
00-0035700,2024_06_ARI_GB,2024,6,GB,4.4,-0.56,5.56,,,,,,,,,,2025-10-05T19:30:19.471207
00-0033906,2024_06_TB_NO,2024,6,NO,4.3,-12.4,38.46,,,,,,,,,,2025-10-05T19:30:19.471207
00-0034844,2024_06_CLE_PHI,2024,6,PHI,5.22,-22.94,44.44,,,,,,,,,,2025-10-05T19:30:19.471207
00-0038951,2024_06_TB_NO,2024,6,TB,2.34,47.41,21.43,,,,,,,,,,2025-10-05T19:30:19.471207
00-0038597,2024_06_CIN_NYG,2024,6,CIN,4.14,5.96,10.0,,,,,,,,,,2025-10-05T19:30:19.471207
00-0039363,2024_06_SF_SEA,2024,6,SF,2.57,63.75,40.0,,,,,,,,,,2025-10-05T19:30:19.471207
00-0035261,2024_06_IND_TEN,2024,6,TEN,2.91,-1.41,0.0,,,,,,,,,,2025-10-05T19:30:19.471207
00-0038120,2024_06_BUF_NYJ,2024,6,NYJ,3.37,23.97,0.0,,,,,,,,,,2025-10-05T19:30:19.471207
00-0036328,2024_06_HOU_NE,2024,6,NE,8.2,-19.82,23.08,,,,,,,,,,2025-10-05T19:30:19.471207
00-0037263,2024_06_ATL_CAR,2024,6,ATL,3.31,17.47,22.22,,,,,,,,,,2025-10-05T19:30:19.471207
00-0039139,2024_06_DET_DAL,2024,6,DET,4.13,-0.91,8.33,,,,,,,,,,2025-10-05T19:30:19.471207
00-0039875,2024_06_BUF_NYJ,2024,6,BUF,3.69,7.24,20.0,,,,,,,,,,2025-10-05T19:30:19.471207
00-0035685,2024_06_DET_DAL,2024,6,DET,3.15,25.31,41.67,,,,,,,,,,2025-10-05T19:30:19.471207
00-0032764,2024_06_WAS_BAL,2024,6,BAL,3.28,34.32,62.5,,,,,,,,,,2025-10-05T19:30:19.471207
00-0033897,2024_06_HOU_NE,2024,6,HOU,2.59,54.7,53.85,,,,,,,,,,2025-10-05T19:30:19.471207
00-0036275,2024_06_JAX_CHI,2024,6,CHI,3.39,14.98,17.65,,,,,,,,,,2025-10-05T19:30:19.471207
00-0036984,2024_06_IND_TEN,2024,6,IND,7.7,-15.37,16.67,,,,,,,,,,2025-10-05T19:30:19.471207
00-0036893,2024_06_PIT_LV,2024,6,PIT,2.64,62.89,14.29,,,,,,,,,,2025-10-05T19:30:19.471207
00-0039361,2024_06_TB_NO,2024,6,TB,3.58,21.01,14.29,,,,,,,,,,2025-10-05T19:30:19.471207
00-0039384,2024_06_CIN_NYG,2024,6,NYG,4.98,-21.29,11.76,,,,,,,,,,2025-10-05T19:30:19.471207
00-0038134,2024_06_SF_SEA,2024,6,SEA,6.01,-19.33,7.14,,,,,,,,,,2025-10-05T19:30:19.471207
00-0036158,2024_06_LAC_DEN,2024,6,LAC,4.07,26.58,24.0,,,,,,,,,,2025-10-05T19:30:19.471207
00-0036555,2024_06_ATL_CAR,2024,6,CAR,3.14,13.5,5.56,,,,,,,,,,2025-10-05T19:30:19.471207
00-0038542,2024_06_ATL_CAR,2024,6,ATL,3.78,24.87,0.0,,,,,,,,,,2025-10-05T19:30:19.471207
00-0034972,2024_06_PIT_LV,2024,6,LV,5.47,-22.97,21.43,,,,,,,,,,2025-10-05T19:30:19.471207
00-0038555,2024_07_NE_JAX,2024,7,JAX,3.09,18.83,38.46,,,,,,,,,,2025-10-05T19:30:19.471207
00-0033293,2024_07_DET_MIN,2024,7,MIN,3.22,34.71,21.43,,,,,,,,,,2025-10-05T19:30:19.471207
00-0037256,2024_07_BAL_TB,2024,7,TB,3.3,-9.64,20.0,,,,,,,,,,2025-10-05T19:30:19.471207
00-0038134,2024_07_SEA_ATL,2024,7,SEA,3.68,15.29,14.29,,,,,,,,,,2025-10-05T19:30:19.471207
00-0037228,2024_07_NYJ_PIT,2024,7,PIT,4.24,-8.67,8.33,,,,,,,,,,2025-10-05T19:30:19.471207
00-0036158,2024_07_LAC_ARI,2024,7,LAC,5.67,-14.36,14.29,,,,,,,,,,2025-10-05T19:30:19.471207
00-0036997,2024_07_DEN_NO,2024,7,DEN,2.64,4.4,21.43,,,,,,,,,,2025-10-05T19:30:19.471207
00-0035261,2024_07_TEN_BUF,2024,7,TEN,4.45,-4.44,0.0,,,,,,,,,,2025-10-05T19:30:19.471207
00-0033923,2024_07_KC_SF,2024,7,KC,3.89,-0.46,13.64,,,,,,,,,,2025-10-05T19:30:19.471207
00-0037248,2024_07_TEN_BUF,2024,7,BUF,5.08,4.21,8.33,,,,,,,,,,2025-10-05T19:30:19.471207
00-0034972,2024_07_LV_LA,2024,7,LV,3.47,5.06,13.04,,,,,,,,,,2025-10-05T19:30:19.471207
00-0032764,2024_07_BAL_TB,2024,7,BAL,2.25,99.42,33.33,,,,,,,,,,2025-10-05T19:30:19.471207
00-0037120,2024_07_MIA_IND,2024,7,IND,4.11,4.61,21.43,,,,,,,,,,2025-10-05T19:30:19.471207
00-0038120,2024_07_NYJ_PIT,2024,7,NYJ,5.37,-14.98,8.33,,,,,,,,,,2025-10-05T19:30:19.471207
00-0037746,2024_07_CAR_WAS,2024,7,WAS,2.62,17.04,16.67,,,,,,,,,,2025-10-05T19:30:19.471207
00-0036893,2024_07_NYJ_PIT,2024,7,PIT,4.0,16.71,4.76,,,,,,,,,,2025-10-05T19:30:19.471207
00-0036919,2024_07_PHI_NYG,2024,7,PHI,3.31,-2.79,7.69,,,,,,,,,,2025-10-05T19:30:19.471207
00-0033897,2024_07_HOU_GB,2024,7,HOU,3.77,24.43,20.0,,,,,,,,,,2025-10-05T19:30:19.471207
00-0035700,2024_07_HOU_GB,2024,7,GB,2.88,20.55,16.67,,,,,,,,,,2025-10-05T19:30:19.471207
00-0039040,2024_07_MIA_IND,2024,7,MIA,3.38,6.0,6.67,,,,,,,,,,2025-10-05T19:30:19.471207
00-0038597,2024_07_CIN_CLE,2024,7,CIN,5.76,-3.13,40.0,,,,,,,,,,2025-10-05T19:30:19.471207
00-0038542,2024_07_SEA_ATL,2024,7,ATL,3.76,26.89,4.76,,,,,,,,,,2025-10-05T19:30:19.471207
00-0036555,2024_07_CAR_WAS,2024,7,CAR,4.94,-21.7,5.88,,,,,,,,,,2025-10-05T19:30:19.471207
00-0031687,2024_07_MIA_IND,2024,7,MIA,4.92,2.51,9.09,,,,,,,,,,2025-10-05T19:30:19.471207
00-0034844,2024_07_PHI_NYG,2024,7,PHI,2.15,92.42,11.76,,,,,,,,,,2025-10-05T19:30:19.471207
00-0034791,2024_07_CIN_CLE,2024,7,CLE,6.19,-4.24,18.18,,,,,,,,,,2025-10-05T19:30:19.471207
00-0039139,2024_07_DET_MIN,2024,7,DET,2.7,39.03,6.67,,,,,,,,,,2025-10-05T19:30:19.471207
00-0037525,2024_07_KC_SF,2024,7,SF,3.92,10.54,35.71,,,,,,,,,,2025-10-05T19:30:19.471207
00-0033553,2024_07_LAC_ARI,2024,7,ARI,4.29,15.07,15.79,,,,,,,,,,2025-10-05T19:30:19.471207
00-0033906,2024_08_NO_LAC,2024,8,NO,2.77,25.84,10.0,,,,,,,,,,2025-10-05T19:30:19.471207
00-0032764,2024_08_BAL_CLE,2024,8,BAL,2.7,44.11,54.55,,,,,,,,,,2025-10-05T19:30:19.471207
00-0037263,2024_08_ATL_TB,2024,8,ATL,5.92,3.59,50.0,,,,,,,,,,2025-10-05T19:30:19.471207
00-0036555,2024_08_CAR_DEN,2024,8,CAR,3.94,10.16,53.33,,,,,,,,,,2025-10-05T19:30:19.471207
00-0036158,2024_08_NO_LAC,2024,8,LAC,5.12,-20.51,35.29,,,,,,,,,,2025-10-05T19:30:19.471207
00-0039139,2024_08_TEN_DET,2024,8,DET,2.33,72.13,9.09,,,,,,,,,,2025-10-05T19:30:19.471207
00-0033923,2024_08_KC_LV,2024,8,KC,4.51,-24.79,19.05,,,,,,,,,,2025-10-05T19:30:19.471207
00-0038597,2024_08_PHI_CIN,2024,8,CIN,5.29,-16.76,8.33,,,,,,,,,,2025-10-05T19:30:19.471207
00-0035261,2024_08_TEN_DET,2024,8,TEN,3.91,9.32,40.0,,,,,,,,,,2025-10-05T19:30:19.471207
00-0034844,2024_08_PHI_CIN,2024,8,PHI,3.42,5.15,36.36,,,,,,,,,,2025-10-05T19:30:19.471207
00-0035700,2024_08_GB_JAX,2024,8,GB,3.32,34.73,24.0,,,,,,,,,,2025-10-05T19:30:19.471207
00-0037746,2024_08_CHI_WAS,2024,8,WAS,4.08,-4.45,12.5,,,,,,,,,,2025-10-05T19:30:19.471207
00-0037248,2024_08_BUF_SEA,2024,8,BUF,3.03,43.41,23.53,,,,,,,,,,2025-10-05T19:30:19.471207
00-0036223,2024_08_IND_HOU,2024,8,IND,3.61,28.69,40.0,,,,,,,,,,2025-10-05T19:30:19.471207
00-0034972,2024_08_KC_LV,2024,8,LV,11.51,-26.23,35.71,,,,,,,,,,2025-10-05T19:30:19.471207
00-0033045,2024_08_DAL_SF,2024,8,DAL,4.06,0.41,0.0,,,,,,,,,,2025-10-05T19:30:19.471207
00-0033553,2024_08_ARI_MIA,2024,8,ARI,5.85,3.37,55.0,,,,,,,,,,2025-10-05T19:30:19.471207
00-0038555,2024_08_GB_JAX,2024,8,JAX,4.14,-1.18,16.67,,,,,,,,,,2025-10-05T19:30:19.471207
00-0039384,2024_08_NYG_PIT,2024,8,NYG,2.41,36.32,10.0,,,,,,,,,,2025-10-05T19:30:19.471207
00-0039794,2024_08_NYJ_NE,2024,8,NYJ,4.88,-21.72,16.67,,,,,,,,,,2025-10-05T19:30:19.471207
00-0039363,2024_08_DAL_SF,2024,8,SF,3.39,25.43,64.29,,,,,,,,,,2025-10-05T19:30:19.471207
00-0033293,2024_08_MIN_LA,2024,8,MIN,4.98,-16.61,15.79,,,,,,,,,,2025-10-05T19:30:19.471207
00-0039040,2024_08_ARI_MIA,2024,8,MIA,2.18,31.46,0.0,,,,,,,,,,2025-10-05T19:30:19.471207
00-0034791,2024_08_BAL_CLE,2024,8,CLE,4.91,1.79,25.0,,,,,,,,,,2025-10-05T19:30:19.471207
00-0038120,2024_08_NYJ_NE,2024,8,NYJ,3.87,1.97,12.5,,,,,,,,,,2025-10-05T19:30:19.471207
00-0036893,2024_08_NYG_PIT,2024,8,PIT,3.04,38.49,21.05,,,,,,,,,,2025-10-05T19:30:19.471207
00-0038542,2024_08_ATL_TB,2024,8,ATL,4.13,1.77,23.08,,,,,,,,,,2025-10-05T19:30:19.471207
00-0033897,2024_08_IND_HOU,2024,8,HOU,3.93,6.66,16.0,,,,,,,,,,2025-10-05T19:30:19.471207
00-0036875,2024_08_NYJ_NE,2024,8,NE,6.65,-20.99,5.0,,,,,,,,,,2025-10-05T19:30:19.471207
00-0036997,2024_08_CAR_DEN,2024,8,DEN,5.77,-24.22,17.65,,,,,,,,,,2025-10-05T19:30:19.471207
00-0036275,2024_08_CHI_WAS,2024,8,CHI,2.77,17.36,5.56,,,,,,,,,,2025-10-05T19:30:19.471207
00-0034844,2024_09_JAX_PHI,2024,9,PHI,3.52,29.05,11.11,,,,,,,,,,2025-10-05T19:30:19.471207
00-0037248,2024_09_MIA_BUF,2024,9,BUF,3.17,10.09,40.0,,,,,,,,,,2025-10-05T19:30:19.471207
00-0033553,2024_09_CHI_ARI,2024,9,ARI,3.08,15.68,22.22,,,,,,,,,,2025-10-05T19:30:19.471207
00-0033699,2024_09_WAS_NYG,2024,9,WAS,4.05,-0.39,18.18,,,,,,,,,,2025-10-05T19:30:19.471207
00-0036875,2024_09_NE_TEN,2024,9,NE,8.52,-13.69,30.0,,,,,,,,,,2025-10-05T19:30:19.471207
00-0036555,2024_09_NO_CAR,2024,9,CAR,3.03,14.31,26.67,,,,,,,,,,2025-10-05T19:30:19.471207
00-0036158,2024_09_LAC_CLE,2024,9,LAC,2.66,25.82,14.29,,,,,,,,,,2025-10-05T19:30:19.471207
00-0038134,2024_09_LA_SEA,2024,9,SEA,4.17,-6.76,20.0,,,,,,,,,,2025-10-05T19:30:19.471207
00-0031687,2024_09_MIA_BUF,2024,9,MIA,3.95,3.89,0.0,,,,,,,,,,2025-10-05T19:30:19.471207
00-0033293,2024_09_IND_MIN,2024,9,MIN,5.53,-18.38,28.57,,,,,,,,,,2025-10-05T19:30:19.471207
00-0035700,2024_09_DET_GB,2024,9,GB,2.61,52.16,23.08,,,,,,,,,,2025-10-05T19:30:19.471207
00-0033906,2024_09_NO_CAR,2024,9,NO,3.67,3.49,20.69,,,,,,,,,,2025-10-05T19:30:19.471207
00-0036997,2024_09_DEN_BAL,2024,9,DEN,4.24,-7.97,25.0,,,,,,,,,,2025-10-05T19:30:19.471207
00-0038120,2024_09_HOU_NYJ,2024,9,NYJ,4.23,3.81,33.33,,,,,,,,,,2025-10-05T19:30:19.471207
00-0032764,2024_09_DEN_BAL,2024,9,BAL,4.68,-9.21,30.43,,,,,,,,,,2025-10-05T19:30:19.471207
00-0038597,2024_09_LV_CIN,2024,9,CIN,3.58,27.38,18.52,,,,,,,,,,2025-10-05T19:30:19.471207
00-0038611,2024_09_WAS_NYG,2024,9,WAS,3.01,9.01,18.18,,,,,,,,,,2025-10-05T19:30:19.471207
00-0039040,2024_09_MIA_BUF,2024,9,MIA,3.71,-6.03,16.67,,,,,,,,,,2025-10-05T19:30:19.471207
00-0033897,2024_09_HOU_NYJ,2024,9,HOU,3.84,15.32,0.0,,,,,,,,,,2025-10-05T19:30:19.471207
00-0036223,2024_09_IND_MIN,2024,9,IND,3.69,-6.27,15.38,,,,,,,,,,2025-10-05T19:30:19.471207
00-0036275,2024_09_CHI_ARI,2024,9,CHI,4.98,-18.98,6.25,,,,,,,,,,2025-10-05T19:30:19.471207
00-0038542,2024_09_DAL_ATL,2024,9,ATL,4.6,3.91,0.0,,,,,,,,,,2025-10-05T19:30:19.471207
00-0033923,2024_09_TB_KC,2024,9,KC,3.53,-6.32,37.04,,,,,,,,,,2025-10-05T19:30:19.471207
00-0035261,2024_09_NE_TEN,2024,9,TEN,3.93,18.73,21.43,,,,,,,,,,2025-10-05T19:30:19.471207
00-0034791,2024_09_LAC_CLE,2024,9,CLE,6.02,-5.95,0.0,,,,,,,,,,2025-10-05T19:30:19.471207
00-0039384,2024_09_WAS_NYG,2024,9,NYG,3.53,-23.41,6.25,,,,,,,,,,2025-10-05T19:30:19.471207
00-0035685,2024_09_DET_GB,2024,9,DET,3.76,4.19,23.53,,,,,,,,,,2025-10-05T19:30:19.471207
00-0036139,2024_09_DAL_ATL,2024,9,DAL,2.87,3.93,0.0,,,,,,,,,,2025-10-05T19:30:19.471207
00-0039139,2024_09_DET_GB,2024,9,DET,2.9,11.48,18.18,,,,,,,,,,2025-10-05T19:30:19.471207
00-0037228,2024_10_PIT_WAS,2024,10,PIT,3.44,-3.71,7.14,,,,,,,,,,2025-10-05T19:30:19.471207
00-0036555,2024_10_NYG_CAR,2024,10,CAR,3.04,70.56,14.29,,,,,,,,,,2025-10-05T19:30:19.471207
00-0037256,2024_10_SF_TB,2024,10,TB,4.46,-4.51,20.0,,,,,,,,,,2025-10-05T19:30:19.471207
00-0039921,2024_10_NYJ_ARI,2024,10,ARI,3.23,18.17,10.0,,,,,,,,,,2025-10-05T19:30:19.471207
00-0039139,2024_10_DET_HOU,2024,10,DET,5.31,-18.27,5.26,,,,,,,,,,2025-10-05T19:30:19.471207
00-0033553,2024_10_NYJ_ARI,2024,10,ARI,5.51,-2.91,25.0,,,,,,,,,,2025-10-05T19:30:19.471207
00-0037248,2024_10_BUF_IND,2024,10,BUF,3.38,13.49,5.26,,,,,,,,,,2025-10-05T19:30:19.471207
00-0033897,2024_10_DET_HOU,2024,10,HOU,8.71,-48.4,44.0,,,,,,,,,,2025-10-05T19:30:19.471207
00-0033699,2024_10_PIT_WAS,2024,10,WAS,4.45,-9.13,30.77,,,,,,,,,,2025-10-05T19:30:19.471207
00-0035685,2024_10_DET_HOU,2024,10,DET,4.97,-18.53,25.0,,,,,,,,,,2025-10-05T19:30:19.471207
00-0037263,2024_10_ATL_NO,2024,10,ATL,3.36,-1.47,45.45,,,,,,,,,,2025-10-05T19:30:19.471207
00-0034184,2024_10_TEN_LAC,2024,10,LAC,3.0,-0.34,30.0,,,,,,,,,,2025-10-05T19:30:19.471207
00-0038542,2024_10_ATL_NO,2024,10,ATL,3.71,35.65,20.0,,,,,,,,,,2025-10-05T19:30:19.471207
00-0033906,2024_10_ATL_NO,2024,10,NO,4.77,-15.46,35.29,,,,,,,,,,2025-10-05T19:30:19.471207
00-0039361,2024_10_SF_TB,2024,10,TB,3.16,18.11,15.38,,,,,,,,,,2025-10-05T19:30:19.471207
00-0036893,2024_10_PIT_WAS,2024,10,PIT,6.07,-32.48,52.38,,,,,,,,,,2025-10-05T19:30:19.471207
00-0033923,2024_10_DEN_KC,2024,10,KC,5.13,-20.05,7.14,,,,,,,,,,2025-10-05T19:30:19.471207
00-0039040,2024_10_MIA_LA,2024,10,MIA,5.12,-6.34,0.0,,,,,,,,,,2025-10-05T19:30:19.471207
00-0036275,2024_10_NE_CHI,2024,10,CHI,4.69,-6.5,31.25,,,,,,,,,,2025-10-05T19:30:19.471207
00-0036158,2024_10_TEN_LAC,2024,10,LAC,4.48,-9.21,13.33,,,,,,,,,,2025-10-05T19:30:19.471207
00-0039384,2024_10_NYG_CAR,2024,10,NYG,3.05,7.78,22.22,,,,,,,,,,2025-10-05T19:30:19.471207
00-0038120,2024_10_NYJ_ARI,2024,10,NYJ,3.79,4.9,0.0,,,,,,,,,,2025-10-05T19:30:19.471207
00-0036223,2024_10_BUF_IND,2024,10,IND,3.22,30.33,4.76,,,,,,,,,,2025-10-05T19:30:19.471207
00-0039373,2024_10_DEN_KC,2024,10,DEN,3.58,-16.43,21.43,,,,,,,,,,2025-10-05T19:30:19.471207
00-0033293,2024_10_MIN_JAX,2024,10,MIN,3.04,-12.77,17.65,,,,,,,,,,2025-10-05T19:30:19.471207
00-0036414,2024_10_MIN_JAX,2024,10,MIN,5.34,-33.38,30.77,,,,,,,,,,2025-10-05T19:30:19.471207
00-0033280,2024_10_SF_TB,2024,10,SF,5.99,-34.08,53.85,,,,,,,,,,2025-10-05T19:30:19.471207
00-0038597,2024_10_CIN_BAL,2024,10,CIN,4.23,-19.95,15.38,,,,,,,,,,2025-10-05T19:30:19.471207
00-0032764,2024_10_CIN_BAL,2024,10,BAL,4.16,1.26,12.5,,,,,,,,,,2025-10-05T19:30:19.471207
00-0034844,2024_10_PHI_DAL,2024,10,PHI,4.01,0.95,7.14,,,,,,,,,,2025-10-05T19:30:19.471207
00-0036973,2024_10_MIN_JAX,2024,10,JAX,3.27,2.67,18.18,,,,,,,,,,2025-10-05T19:30:19.471207
00-0036875,2024_10_NE_CHI,2024,10,NE,4.05,3.57,45.0,,,,,,,,,,2025-10-05T19:30:19.471207
00-0036139,2024_10_PHI_DAL,2024,10,DAL,3.32,-17.28,0.0,,,,,,,,,,2025-10-05T19:30:19.471207
00-0036973,2024_11_JAX_DET,2024,11,JAX,7.73,-31.84,8.33,,,,,,,,,,2025-10-05T19:30:19.471207
00-0035685,2024_11_JAX_DET,2024,11,DET,3.31,2.65,13.33,,,,,,,,,,2025-10-05T19:30:19.471207
00-0038134,2024_11_SEA_SF,2024,11,SEA,5.67,-16.99,14.29,,,,,,,,,,2025-10-05T19:30:19.471207
00-0032764,2024_11_BAL_PIT,2024,11,BAL,3.1,11.6,23.08,,,,,,,,,,2025-10-05T19:30:19.471207
00-0035700,2024_11_GB_CHI,2024,11,GB,3.36,2.42,16.67,,,,,,,,,,2025-10-05T19:30:19.471207
00-0033906,2024_11_CLE_NO,2024,11,NO,4.52,-6.03,50.0,,,,,,,,,,2025-10-05T19:30:19.471207
00-0033923,2024_11_KC_BUF,2024,11,KC,3.19,-2.63,14.29,,,,,,,,,,2025-10-05T19:30:19.471207
00-0039040,2024_11_LV_MIA,2024,11,MIA,4.12,-9.53,17.65,,,,,,,,,,2025-10-05T19:30:19.471207
00-0034791,2024_11_CLE_NO,2024,11,CLE,3.9,-9.92,36.36,,,,,,,,,,2025-10-05T19:30:19.471207
00-0038120,2024_11_IND_NYJ,2024,11,NYJ,3.43,19.2,6.25,,,,,,,,,,2025-10-05T19:30:19.471207
00-0037746,2024_11_WAS_PHI,2024,11,WAS,3.49,-16.95,6.25,,,,,,,,,,2025-10-05T19:30:19.471207
00-0036893,2024_11_BAL_PIT,2024,11,PIT,4.46,-21.38,33.33,,,,,,,,,,2025-10-05T19:30:19.471207
00-0036158,2024_11_CIN_LAC,2024,11,LAC,3.19,32.67,18.18,,,,,,,,,,2025-10-05T19:30:19.471207
00-0036223,2024_11_IND_NYJ,2024,11,IND,5.66,-23.27,12.5,,,,,,,,,,2025-10-05T19:30:19.471207
00-0033293,2024_11_MIN_TEN,2024,11,MIN,5.96,-19.72,13.33,,,,,,,,,,2025-10-05T19:30:19.471207
00-0033280,2024_11_SEA_SF,2024,11,SF,4.64,6.57,10.53,,,,,,,,,,2025-10-05T19:30:19.471207
00-0036875,2024_11_LA_NE,2024,11,NE,3.88,6.06,15.0,,,,,,,,,,2025-10-05T19:30:19.471207
00-0039139,2024_11_JAX_DET,2024,11,DET,3.61,12.68,18.18,,,,,,,,,,2025-10-05T19:30:19.471207
00-0039021,2024_11_GB_CHI,2024,11,CHI,3.5,4.93,50.0,,,,,,,,,,2025-10-05T19:30:19.471207
00-0038542,2024_11_ATL_DEN,2024,11,ATL,4.51,-4.52,0.0,,,,,,,,,,2025-10-05T19:30:19.471207
00-0033897,2024_11_HOU_DAL,2024,11,HOU,3.53,43.79,35.0,,,,,,,,,,2025-10-05T19:30:19.471207
00-0034844,2024_11_WAS_PHI,2024,11,PHI,3.12,21.99,23.08,,,,,,,,,,2025-10-05T19:30:19.471207
00-0036139,2024_11_HOU_DAL,2024,11,DAL,4.28,5.36,20.0,,,,,,,,,,2025-10-05T19:30:19.471207
00-0038597,2024_11_CIN_LAC,2024,11,CIN,3.88,-1.51,13.64,,,,,,,,,,2025-10-05T19:30:19.471207
00-0036414,2024_11_MIN_TEN,2024,11,MIN,5.28,-14.7,20.0,,,,,,,,,,2025-10-05T19:30:19.471207
00-0036275,2024_11_GB_CHI,2024,11,CHI,3.17,18.27,35.71,,,,,,,,,,2025-10-05T19:30:19.471207
00-0036223,2024_12_DET_IND,2024,12,IND,4.81,-11.07,9.09,,,,,,,,,,2025-10-05T19:30:19.471207
00-0039040,2024_12_NE_MIA,2024,12,MIA,5.26,-10.89,40.0,,,,,,,,,,2025-10-05T19:30:19.471207
00-0033280,2024_12_SF_GB,2024,12,SF,5.7,-5.51,18.18,,,,,,,,,,2025-10-05T19:30:19.471207
00-0037228,2024_12_PIT_CLE,2024,12,PIT,4.39,8.4,45.45,,,,,,,,,,2025-10-05T19:30:19.471207
00-0039139,2024_12_DET_IND,2024,12,DET,4.2,-4.01,19.05,,,,,,,,,,2025-10-05T19:30:19.471207
00-0039361,2024_12_TB_NYG,2024,12,TB,2.72,48.86,8.33,,,,,,,,,,2025-10-05T19:30:19.471207
00-0034844,2024_12_PHI_LA,2024,12,PHI,2.31,149.77,34.62,,,,,,,,,,2025-10-05T19:30:19.471207
00-0035261,2024_12_TEN_HOU,2024,12,TEN,3.66,3.14,33.33,,,,,,,,,,2025-10-05T19:30:19.471207
00-0032764,2024_12_BAL_LAC,2024,12,BAL,3.1,24.32,41.67,,,,,,,,,,2025-10-05T19:30:19.471207
00-0033897,2024_12_TEN_HOU,2024,12,HOU,9.62,-28.83,7.14,,,,,,,,,,2025-10-05T19:30:19.471207
00-0036555,2024_12_KC_CAR,2024,12,CAR,4.13,6.41,12.5,,,,,,,,,,2025-10-05T19:30:19.471207
00-0036275,2024_12_MIN_CHI,2024,12,CHI,7.2,-27.31,46.15,,,,,,,,,,2025-10-05T19:30:19.471207
00-0037256,2024_12_TB_NYG,2024,12,TB,4.88,-0.63,16.67,,,,,,,,,,2025-10-05T19:30:19.471207
00-0034791,2024_12_PIT_CLE,2024,12,CLE,4.31,-1.19,40.0,,,,,,,,,,2025-10-05T19:30:19.471207
00-0038134,2024_12_ARI_SEA,2024,12,SEA,6.9,-6.86,12.5,,,,,,,,,,2025-10-05T19:30:19.471207
00-0036893,2024_12_PIT_CLE,2024,12,PIT,5.99,-7.52,56.25,,,,,,,,,,2025-10-05T19:30:19.471207
00-0035700,2024_12_SF_GB,2024,12,GB,3.84,20.38,30.77,,,,,,,,,,2025-10-05T19:30:19.471207
00-0033923,2024_12_KC_CAR,2024,12,KC,3.48,-8.19,12.5,,,,,,,,,,2025-10-05T19:30:19.471207
00-0033293,2024_12_MIN_CHI,2024,12,MIN,3.53,23.2,27.27,,,,,,,,,,2025-10-05T19:30:19.471207
00-0033897,2024_13_HOU_JAX,2024,13,HOU,3.96,30.0,35.0,,,,,,,,,,2025-10-05T19:30:19.471207
00-0037248,2024_13_SF_BUF,2024,13,BUF,2.39,53.82,14.29,,,,,,,,,,2025-10-05T19:30:19.471207
00-0036875,2024_13_IND_NE,2024,13,NE,3.76,5.58,27.78,,,,,,,,,,2025-10-05T19:30:19.471207
00-0039361,2024_13_TB_CAR,2024,13,TB,2.84,24.13,32.0,,,,,,,,,,2025-10-05T19:30:19.471207
00-0038542,2024_13_LAC_ATL,2024,13,ATL,4.54,-18.31,11.54,,,,,,,,,,2025-10-05T19:30:19.471207
00-0038597,2024_13_PIT_CIN,2024,13,CIN,3.3,31.43,25.0,,,,,,,,,,2025-10-05T19:30:19.471207
00-0038120,2024_13_SEA_NYJ,2024,13,NYJ,4.24,-3.89,8.33,,,,,,,,,,2025-10-05T19:30:19.471207
00-0037256,2024_13_TB_CAR,2024,13,TB,2.72,26.79,18.18,,,,,,,,,,2025-10-05T19:30:19.471207
00-0039875,2024_13_SF_BUF,2024,13,BUF,3.13,23.53,54.55,,,,,,,,,,2025-10-05T19:30:19.471207
00-0036139,2024_13_NYG_DAL,2024,13,DAL,3.18,44.34,36.36,,,,,,,,,,2025-10-05T19:30:19.471207
00-0036893,2024_13_PIT_CIN,2024,13,PIT,3.89,21.81,18.75,,,,,,,,,,2025-10-05T19:30:19.471207
00-0036555,2024_13_TB_CAR,2024,13,CAR,4.43,-0.56,66.67,,,,,,,,,,2025-10-05T19:30:19.471207
00-0032104,2024_13_LV_KC,2024,13,LV,3.5,-8.23,10.0,,,,,,,,,,2025-10-05T19:30:19.471207
00-0036275,2024_13_CHI_DET,2024,13,CHI,4.78,-14.41,27.27,,,,,,,,,,2025-10-05T19:30:19.471207
00-0036223,2024_13_IND_NE,2024,13,IND,4.3,-17.87,24.0,,,,,,,,,,2025-10-05T19:30:19.471207
00-0035685,2024_13_CHI_DET,2024,13,DET,3.88,-1.61,14.29,,,,,,,,,,2025-10-05T19:30:19.471207
00-0036973,2024_13_HOU_JAX,2024,13,JAX,4.25,-10.71,38.46,,,,,,,,,,2025-10-05T19:30:19.471207
00-0034844,2024_13_PHI_BAL,2024,13,PHI,3.64,15.84,47.83,,,,,,,,,,2025-10-05T19:30:19.471207
00-0032764,2024_13_PHI_BAL,2024,13,BAL,4.12,-15.54,0.0,,,,,,,,,,2025-10-05T19:30:19.471207
00-0037746,2024_13_TEN_WAS,2024,13,WAS,2.57,30.32,25.0,,,,,,,,,,2025-10-05T19:30:19.471207
00-0038794,2024_13_CLE_DEN,2024,13,DEN,3.63,3.7,35.71,,,,,,,,,,2025-10-05T19:30:19.471207
00-0035700,2024_13_MIA_GB,2024,13,GB,5.41,1.19,15.79,,,,,,,,,,2025-10-05T19:30:19.471207
00-0033553,2024_13_ARI_MIN,2024,13,ARI,4.05,-18.14,47.06,,,,,,,,,,2025-10-05T19:30:19.471207
00-0037525,2024_13_SF_BUF,2024,13,SF,2.64,14.71,0.0,,,,,,,,,,2025-10-05T19:30:19.471207
00-0038134,2024_13_SEA_NYJ,2024,13,SEA,5.6,-8.02,25.0,,,,,,,,,,2025-10-05T19:30:19.471207
00-0033906,2024_13_LA_NO,2024,13,NO,4.07,10.04,21.74,,,,,,,,,,2025-10-05T19:30:19.471207
00-0038611,2024_13_TEN_WAS,2024,13,WAS,2.18,31.99,15.38,,,,,,,,,,2025-10-05T19:30:19.471207
00-0037509,2024_13_LV_KC,2024,13,LV,3.61,2.86,8.33,,,,,,,,,,2025-10-05T19:30:19.471207
00-0036275,2024_14_CHI_SF,2024,14,CHI,5.59,-29.02,35.71,,,,,,,,,,2025-10-05T19:30:19.471207
00-0039798,2024_14_NYJ_MIA,2024,14,NYJ,4.17,4.65,30.0,,,,,,,,,,2025-10-05T19:30:19.471207
00-0039384,2024_14_NO_NYG,2024,14,NYG,4.66,-18.38,37.5,,,,,,,,,,2025-10-05T19:30:19.471207
00-0038597,2024_14_CIN_DAL,2024,14,CIN,3.52,-0.98,0.0,,,,,,,,,,2025-10-05T19:30:19.471207
00-0036139,2024_14_CIN_DAL,2024,14,DAL,2.59,41.22,22.22,,,,,,,,,,2025-10-05T19:30:19.471207
00-0037267,2024_14_CLE_PIT,2024,14,CLE,7.37,-20.0,0.0,,,,,,,,,,2025-10-05T19:30:19.471207
00-0033553,2024_14_SEA_ARI,2024,14,ARI,3.77,-0.43,5.56,,,,,,,,,,2025-10-05T19:30:19.471207
00-0037256,2024_14_LV_TB,2024,14,TB,3.25,24.03,52.94,,,,,,,,,,2025-10-05T19:30:19.471207
00-0037509,2024_14_LV_TB,2024,14,LV,2.85,30.49,40.0,,,,,,,,,,2025-10-05T19:30:19.471207
00-0036893,2024_14_CLE_PIT,2024,14,PIT,5.33,1.07,75.0,,,,,,,,,,2025-10-05T19:30:19.471207
00-0033906,2024_14_NO_NYG,2024,14,NO,6.18,-7.06,23.53,,,,,,,,,,2025-10-05T19:30:19.471207
00-0039040,2024_14_NYJ_MIA,2024,14,MIA,7.41,-27.61,42.86,,,,,,,,,,2025-10-05T19:30:19.471207
00-0035261,2024_14_JAX_TEN,2024,14,TEN,3.9,15.9,33.33,,,,,,,,,,2025-10-05T19:30:19.471207
00-0039139,2024_14_GB_DET,2024,14,DET,6.23,-22.88,20.0,,,,,,,,,,2025-10-05T19:30:19.471207
00-0034844,2024_14_CAR_PHI,2024,14,PHI,3.01,27.71,5.0,,,,,,,,,,2025-10-05T19:30:19.471207
00-0036555,2024_14_CAR_PHI,2024,14,CAR,4.55,1.83,19.23,,,,,,,,,,2025-10-05T19:30:19.471207
00-0034184,2024_14_LAC_KC,2024,14,LAC,4.17,3.74,30.0,,,,,,,,,,2025-10-05T19:30:19.471207
00-0038542,2024_14_ATL_MIN,2024,14,ATL,4.6,10.43,18.18,,,,,,,,,,2025-10-05T19:30:19.471207
00-0039165,2024_14_SEA_ARI,2024,14,SEA,2.77,41.24,22.73,,,,,,,,,,2025-10-05T19:30:19.471207
00-0035685,2024_14_GB_DET,2024,14,DET,4.24,7.25,50.0,,,,,,,,,,2025-10-05T19:30:19.471207
00-0038551,2024_14_NO_NYG,2024,14,NO,7.5,4.43,10.0,,,,,,,,,,2025-10-05T19:30:19.471207
00-0037197,2024_14_LAC_KC,2024,14,KC,3.2,2.42,7.14,,,,,,,,,,2025-10-05T19:30:19.471207
00-0033293,2024_14_ATL_MIN,2024,14,MIN,3.21,20.18,15.38,,,,,,,,,,2025-10-05T19:30:19.471207
00-0035700,2024_14_GB_DET,2024,14,GB,3.99,1.89,50.0,,,,,,,,,,2025-10-05T19:30:19.471207
00-0034791,2024_14_CLE_PIT,2024,14,CLE,3.88,9.54,9.09,,,,,,,,,,2025-10-05T19:30:19.471207
00-0038555,2024_14_JAX_TEN,2024,14,JAX,4.92,4.94,27.78,,,,,,,,,,2025-10-05T19:30:19.471207
00-0039794,2024_14_NYJ_MIA,2024,14,NYJ,4.0,-0.07,9.09,,,,,,,,,,2025-10-05T19:30:19.471207
00-0039363,2024_14_CHI_SF,2024,14,SF,3.44,6.09,20.0,,,,,,,,,,2025-10-05T19:30:19.471207
00-0032764,2024_15_BAL_NYG,2024,15,BAL,3.24,19.29,35.71,,,,,,,,,,2025-10-05T19:30:19.471207
00-0036275,2024_15_CHI_MIN,2024,15,CHI,4.05,0.46,47.37,,,,,,,,,,2025-10-05T19:30:19.471207
00-0036875,2024_15_NE_ARI,2024,15,NE,3.21,11.42,30.77,,,,,,,,,,2025-10-05T19:30:19.471207
00-0036555,2024_15_DAL_CAR,2024,15,CAR,5.16,-13.96,0.0,,,,,,,,,,2025-10-05T19:30:19.471207
00-0036973,2024_15_NYJ_JAX,2024,15,JAX,3.71,9.4,14.29,,,,,,,,,,2025-10-05T19:30:19.471207
00-0037248,2024_15_BUF_DET,2024,15,BUF,2.7,33.65,21.43,,,,,,,,,,2025-10-05T19:30:19.471207
00-0033553,2024_15_NE_ARI,2024,15,ARI,2.88,49.89,56.25,,,,,,,,,,2025-10-05T19:30:19.471207
00-0037263,2024_15_ATL_LV,2024,15,ATL,5.15,5.68,33.33,,,,,,,,,,2025-10-05T19:30:19.471207
00-0033923,2024_15_KC_CLE,2024,15,KC,4.33,-4.29,38.46,,,,,,,,,,2025-10-05T19:30:19.471207
00-0038597,2024_15_CIN_TEN,2024,15,CIN,3.57,-33.06,8.0,,,,,,,,,,2025-10-05T19:30:19.471207
00-0036139,2024_15_DAL_CAR,2024,15,DAL,2.9,31.03,12.0,,,,,,,,,,2025-10-05T19:30:19.471207
00-0037746,2024_15_WAS_NO,2024,15,WAS,5.35,-15.09,23.81,,,,,,,,,,2025-10-05T19:30:19.471207
00-0033293,2024_15_CHI_MIN,2024,15,MIN,3.65,4.41,5.56,,,,,,,,,,2025-10-05T19:30:19.471207
00-0037256,2024_15_TB_LAC,2024,15,TB,4.52,-2.59,6.67,,,,,,,,,,2025-10-05T19:30:19.471207
00-0037197,2024_15_KC_CLE,2024,15,KC,5.06,-12.46,15.38,,,,,,,,,,2025-10-05T19:30:19.471207
00-0039361,2024_15_TB_LAC,2024,15,TB,2.65,21.72,6.67,,,,,,,,,,2025-10-05T19:30:19.471207
00-0034844,2024_15_PIT_PHI,2024,15,PHI,4.39,-18.83,5.26,,,,,,,,,,2025-10-05T19:30:19.471207
00-0039040,2024_15_MIA_HOU,2024,15,MIA,5.18,-31.42,8.33,,,,,,,,,,2025-10-05T19:30:19.471207
00-0033897,2024_15_MIA_HOU,2024,15,HOU,9.36,-31.22,50.0,,,,,,,,,,2025-10-05T19:30:19.471207
00-0038555,2024_15_NYJ_JAX,2024,15,JAX,3.86,-4.88,27.27,,,,,,,,,,2025-10-05T19:30:19.471207
00-0035700,2024_15_GB_SEA,2024,15,GB,3.81,-0.15,7.69,,,,,,,,,,2025-10-05T19:30:19.471207
00-0036414,2024_15_CHI_MIN,2024,15,MIN,6.23,-10.04,10.0,,,,,,,,,,2025-10-05T19:30:19.471207
00-0039384,2024_15_BAL_NYG,2024,15,NYG,4.39,0.55,30.0,,,,,,,,,,2025-10-05T19:30:19.471207
00-0035261,2024_15_CIN_TEN,2024,15,TEN,5.59,-24.85,17.65,,,,,,,,,,2025-10-05T19:30:19.471207
00-0038542,2024_15_ATL_LV,2024,15,ATL,3.71,42.72,9.09,,,,,,,,,,2025-10-05T19:30:19.471207
00-0036223,2024_15_IND_DEN,2024,15,IND,3.2,20.41,22.73,,,,,,,,,,2025-10-05T19:30:19.471207
00-0039363,2024_15_LA_SF,2024,15,SF,4.65,-7.3,31.25,,,,,,,,,,2025-10-05T19:30:19.471207
00-0037746,2024_16_PHI_WAS,2024,16,WAS,5.0,-4.7,0.0,,,,,,,,,,2025-10-05T19:30:19.471207
00-0036139,2024_16_TB_DAL,2024,16,DAL,7.61,-27.13,53.85,,,,,,,,,,2025-10-05T19:30:19.471207
00-0038597,2024_16_CLE_CIN,2024,16,CIN,3.15,35.24,33.33,,,,,,,,,,2025-10-05T19:30:19.471207
00-0036223,2024_16_TEN_IND,2024,16,IND,2.25,102.18,41.38,,,,,,,,,,2025-10-05T19:30:19.471207
00-0038120,2024_16_LA_NYJ,2024,16,NYJ,4.44,-13.58,14.29,,,,,,,,,,2025-10-05T19:30:19.471207
00-0036875,2024_16_NE_BUF,2024,16,NE,3.6,13.53,0.0,,,,,,,,,,2025-10-05T19:30:19.471207
00-0035700,2024_16_NO_GB,2024,16,GB,3.6,17.21,46.15,,,,,,,,,,2025-10-05T19:30:19.471207
00-0036555,2024_16_ARI_CAR,2024,16,CAR,2.64,74.0,40.0,,,,,,,,,,2025-10-05T19:30:19.471207
00-0033897,2024_16_HOU_KC,2024,16,HOU,3.97,1.46,21.43,,,,,,,,,,2025-10-05T19:30:19.471207
00-0038555,2024_16_JAX_LV,2024,16,JAX,4.06,6.29,33.33,,,,,,,,,,2025-10-05T19:30:19.471207
00-0038542,2024_16_NYG_ATL,2024,16,ATL,4.45,11.57,4.55,,,,,,,,,,2025-10-05T19:30:19.471207
00-0033553,2024_16_ARI_CAR,2024,16,ARI,2.51,33.1,20.0,,,,,,,,,,2025-10-05T19:30:19.471207
00-0036328,2024_16_NE_BUF,2024,16,NE,6.21,-7.17,0.0,,,,,,,,,,2025-10-05T19:30:19.471207
00-0033923,2024_16_HOU_KC,2024,16,KC,2.99,-9.67,18.18,,,,,,,,,,2025-10-05T19:30:19.471207
00-0039361,2024_16_TB_DAL,2024,16,TB,3.88,11.18,6.25,,,,,,,,,,2025-10-05T19:30:19.471207
00-0033293,2024_16_MIN_SEA,2024,16,MIN,4.34,-19.69,5.56,,,,,,,,,,2025-10-05T19:30:19.471207
00-0039040,2024_16_SF_MIA,2024,16,MIA,3.32,8.31,17.65,,,,,,,,,,2025-10-05T19:30:19.471207
00-0039032,2024_16_TEN_IND,2024,16,TEN,5.0,-0.49,20.0,,,,,,,,,,2025-10-05T19:30:19.471207
00-0034184,2024_16_DEN_LAC,2024,16,LAC,3.37,23.4,50.0,,,,,,,,,,2025-10-05T19:30:19.471207
00-0037248,2024_16_NE_BUF,2024,16,BUF,2.56,47.71,9.09,,,,,,,,,,2025-10-05T19:30:19.471207
00-0037267,2024_16_CLE_CIN,2024,16,CLE,2.3,56.74,0.0,,,,,,,,,,2025-10-05T19:30:19.471207
00-0037228,2024_16_PIT_BAL,2024,16,PIT,3.68,-2.34,16.67,,,,,,,,,,2025-10-05T19:30:19.471207
00-0034972,2024_16_JAX_LV,2024,16,LV,5.44,-29.34,16.67,,,,,,,,,,2025-10-05T19:30:19.471207
00-0032764,2024_16_PIT_BAL,2024,16,BAL,2.67,41.25,33.33,,,,,,,,,,2025-10-05T19:30:19.471207
00-0039139,2024_16_DET_CHI,2024,16,DET,3.64,15.97,17.39,,,,,,,,,,2025-10-05T19:30:19.471207
00-0038797,2024_16_NO_GB,2024,16,GB,3.99,17.25,54.55,,,,,,,,,,2025-10-05T19:30:19.471207
00-0037263,2024_16_NYG_ATL,2024,16,ATL,7.75,4.18,0.0,,,,,,,,,,2025-10-05T19:30:19.471207
00-0034844,2024_16_PHI_WAS,2024,16,PHI,3.32,57.43,17.24,,,,,,,,,,2025-10-05T19:30:19.471207
00-0033293,2024_17_GB_MIN,2024,17,MIN,4.36,-7.17,0.0,,,,,,,,,,2025-10-05T19:30:19.471207
00-0037746,2024_17_ATL_WAS,2024,17,WAS,3.29,-17.3,7.69,,,,,,,,,,2025-10-05T19:30:19.471207
00-0039040,2024_17_MIA_CLE,2024,17,MIA,8.03,-12.57,60.0,,,,,,,,,,2025-10-05T19:30:19.471207
00-0032104,2024_17_LV_NO,2024,17,LV,2.88,24.44,20.0,,,,,,,,,,2025-10-05T19:30:19.471207
00-0038794,2024_17_DEN_CIN,2024,17,DEN,2.78,22.35,0.0,,,,,,,,,,2025-10-05T19:30:19.471207
00-0036924,2024_17_ARI_LA,2024,17,ARI,3.11,4.04,23.08,,,,,,,,,,2025-10-05T19:30:19.471207
00-0037228,2024_17_KC_PIT,2024,17,PIT,2.79,11.77,0.0,,,,,,,,,,2025-10-05T19:30:19.471207
00-0036328,2024_17_LAC_NE,2024,17,NE,3.21,24.74,0.0,,,,,,,,,,2025-10-05T19:30:19.471207
00-0038597,2024_17_DEN_CIN,2024,17,CIN,4.97,-0.06,20.0,,,,,,,,,,2025-10-05T19:30:19.471207
00-0034844,2024_17_DAL_PHI,2024,17,PHI,3.55,31.06,3.23,,,,,,,,,,2025-10-05T19:30:19.471207
00-0036139,2024_17_DAL_PHI,2024,17,DAL,3.63,17.67,0.0,,,,,,,,,,2025-10-05T19:30:19.471207
00-0038555,2024_17_TEN_JAX,2024,17,JAX,4.03,-14.81,27.27,,,,,,,,,,2025-10-05T19:30:19.471207
00-0032764,2024_17_BAL_HOU,2024,17,BAL,3.03,-5.58,29.63,,,,,,,,,,2025-10-05T19:30:19.471207
00-0036223,2024_17_IND_NYG,2024,17,IND,3.95,6.97,15.63,,,,,,,,,,2025-10-05T19:30:19.471207
00-0034972,2024_17_LV_NO,2024,17,LV,4.63,-4.67,20.0,,,,,,,,,,2025-10-05T19:30:19.471207
00-0039361,2024_17_CAR_TB,2024,17,TB,3.53,30.49,15.0,,,,,,,,,,2025-10-05T19:30:19.471207
00-0036275,2024_17_SEA_CHI,2024,17,CHI,4.25,-19.74,0.0,,,,,,,,,,2025-10-05T19:30:19.471207
00-0035700,2024_17_GB_MIN,2024,17,GB,3.38,-6.03,11.76,,,,,,,,,,2025-10-05T19:30:19.471207
00-0039165,2024_17_SEA_CHI,2024,17,SEA,4.19,-5.33,13.33,,,,,,,,,,2025-10-05T19:30:19.471207
00-0039139,2024_17_DET_SF,2024,17,DET,3.29,38.29,16.67,,,,,,,,,,2025-10-05T19:30:19.471207
00-0036973,2024_17_TEN_JAX,2024,17,JAX,4.2,-1.7,13.33,,,,,,,,,,2025-10-05T19:30:19.471207
00-0036893,2024_17_KC_PIT,2024,17,PIT,3.13,8.15,7.69,,,,,,,,,,2025-10-05T19:30:19.471207
00-0039384,2024_17_IND_NYG,2024,17,NYG,4.99,0.06,25.0,,,,,,,,,,2025-10-05T19:30:19.471207
00-0038454,2024_17_BAL_HOU,2024,17,BAL,7.15,-21.24,9.09,,,,,,,,,,2025-10-05T19:30:19.471207
00-0036158,2024_17_LAC_NE,2024,17,LAC,4.43,-13.64,26.32,,,,,,,,,,2025-10-05T19:30:19.471207
00-0033925,2024_17_MIA_CLE,2024,17,CLE,3.84,-4.77,15.38,,,,,,,,,,2025-10-05T19:30:19.471207
00-0039032,2024_17_TEN_JAX,2024,17,TEN,3.6,8.81,10.0,,,,,,,,,,2025-10-05T19:30:19.471207
00-0037248,2024_17_NYJ_BUF,2024,17,BUF,4.45,-4.67,26.67,,,,,,,,,,2025-10-05T19:30:19.471207
00-0038542,2024_17_ATL_WAS,2024,17,ATL,4.4,23.37,17.65,,,,,,,,,,2025-10-05T19:30:19.471207
00-0038120,2024_17_NYJ_BUF,2024,17,NYJ,4.31,-6.48,0.0,,,,,,,,,,2025-10-05T19:30:19.471207
00-0036328,2024_18_BUF_NE,2024,18,NE,5.14,-13.83,25.0,,,,,,,,,,2025-10-05T19:30:19.471207
00-0036139,2024_18_WAS_DAL,2024,18,DAL,3.98,-22.3,13.64,,,,,,,,,,2025-10-05T19:30:19.471207
00-0039373,2024_18_KC_DEN,2024,18,DEN,5.15,-13.42,41.67,,,,,,,,,,2025-10-05T19:30:19.471207
00-0037248,2024_18_BUF_NE,2024,18,BUF,4.37,-5.4,20.0,,,,,,,,,,2025-10-05T19:30:19.471207
00-0038555,2024_18_JAX_IND,2024,18,JAX,3.98,-0.51,28.57,,,,,,,,,,2025-10-05T19:30:19.471207
00-0038797,2024_18_CHI_GB,2024,18,GB,3.4,1.78,7.14,,,,,,,,,,2025-10-05T19:30:19.471207
00-0033925,2024_18_CLE_BAL,2024,18,CLE,4.14,-10.98,10.0,,,,,,,,,,2025-10-05T19:30:19.471207
00-0038542,2024_18_CAR_ATL,2024,18,ATL,3.57,33.93,21.43,,,,,,,,,,2025-10-05T19:30:19.471207
00-0039384,2024_18_NYG_PHI,2024,18,NYG,4.03,3.75,0.0,,,,,,,,,,2025-10-05T19:30:19.471207
00-0039165,2024_18_SEA_LA,2024,18,SEA,4.46,9.78,14.29,,,,,,,,,,2025-10-05T19:30:19.471207
00-0035243,2024_18_CAR_ATL,2024,18,CAR,3.92,-20.0,11.76,,,,,,,,,,2025-10-05T19:30:19.471207
00-0036919,2024_18_NYG_PHI,2024,18,PHI,12.52,-29.88,36.36,,,,,,,,,,2025-10-05T19:30:19.471207
00-0039875,2024_18_BUF_NE,2024,18,BUF,4.53,10.65,26.67,,,,,,,,,,2025-10-05T19:30:19.471207
00-0036906,2024_18_CIN_PIT,2024,18,CIN,3.43,-28.43,5.0,,,,,,,,,,2025-10-05T19:30:19.471207
00-0037617,2024_18_LAC_LV,2024,18,LAC,4.72,-9.13,50.0,,,,,,,,,,2025-10-05T19:30:19.471207
00-0032764,2024_18_CLE_BAL,2024,18,BAL,2.57,87.36,60.0,,,,,,,,,,2025-10-05T19:30:19.471207
00-0036893,2024_18_CIN_PIT,2024,18,PIT,5.33,-11.37,8.33,,,,,,,,,,2025-10-05T19:30:19.471207
00-0036223,2024_18_JAX_IND,2024,18,IND,3.03,-2.54,0.0,,,,,,,,,,2025-10-05T19:30:19.471207
00-0038794,2024_18_KC_DEN,2024,18,DEN,7.17,-29.68,18.75,,,,,,,,,,2025-10-05T19:30:19.471207
00-0039139,2024_18_MIN_DET,2024,18,DET,3.49,15.83,13.04,,,,,,,,,,2025-10-05T19:30:19.471207
00-0035261,2024_18_HOU_TEN,2024,18,TEN,5.4,-24.39,13.64,,,,,,,,,,2025-10-05T19:30:19.471207
00-0039361,2024_18_NO_TB,2024,18,TB,4.23,15.4,21.05,,,,,,,,,,2025-10-05T19:30:19.471207
00-0033293,2024_18_MIN_DET,2024,18,MIN,3.96,7.34,10.0,,,,,,,,,,2025-10-05T19:30:19.471207
00-0036973,2024_18_JAX_IND,2024,18,JAX,5.34,-23.18,23.08,,,,,,,,,,2025-10-05T19:30:19.471207
00-0039040,2024_18_MIA_NYJ,2024,18,MIA,2.53,57.52,45.45,,,,,,,,,,2025-10-05T19:30:19.471207
00-0035973,2024_18_SF_ARI,2024,18,SF,2.92,30.71,17.65,,,,,,,,,,2025-10-05T19:30:19.471207
00-0036158,2024_18_LAC_LV,2024,18,LAC,4.59,-11.15,27.78,,,,,,,,,,2025-10-05T19:30:19.471207
00-0036275,2024_18_CHI_GB,2024,18,CHI,5.04,-19.53,20.0,,,,,,,,,,2025-10-05T19:30:19.471207
00-0037258,2024_18_HOU_TEN,2024,18,HOU,2.14,117.24,36.84,,,,,,,,,,2025-10-05T19:30:19.471207
00-0038120,2024_18_MIA_NYJ,2024,18,NYJ,4.48,-1.74,8.33,,,,,,,,,,2025-10-05T19:30:19.471207
00-0039746,2024_18_NYG_PHI,2024,18,PHI,4.42,-8.29,10.0,,,,,,,,,,2025-10-05T19:30:19.471207
00-0036924,2024_18_SF_ARI,2024,18,ARI,6.18,-31.45,35.29,,,,,,,,,,2025-10-05T19:30:19.471207
