team,season,week,off_epa_play,def_epa_play,off_success_rate,def_success_rate,games_played,redzone_td_pct,third_down_pct
ARI,2024,1,0.14116284251213074,0.19135740399360657,0.44736841320991516,0.612500011920929,1,1.0,0.6153846153846154
ARI,2024,2,0.2337215393781662,0.039650578051805496,0.5192307829856873,0.5753424763679504,2,1.0,0.6
ARI,2024,3,0.11694267392158508,0.02236143872141838,0.5043859481811523,0.5584415793418884,3,1.0,0.4722222222222222
ARI,2024,4,0.07435785233974457,0.11608879268169403,0.5066666603088379,0.5714285969734192,4,1.0,0.44680851063829785
ARI,2024,5,0.06327555328607559,0.08431592583656311,0.5053476095199585,0.5535714030265808,5,1.0,0.42105263157894735
ARI,2024,6,0.03089393675327301,0.09809236973524094,0.5033407807350159,0.5507246255874634,6,1.0,0.4117647058823529
ARI,2024,7,0.038120437413454056,0.09920457005500793,0.5057471394538879,0.541889488697052,7,1.0,0.4025974025974026
ARI,2024,8,0.06340061873197556,0.11139556020498276,0.5090909004211426,0.5414710640907288,8,1.0,0.41304347826086957
ARI,2024,9,0.061182960867881775,0.07521143555641174,0.508849561214447,0.5136986374855042,9,1.0,0.4095238095238095
ARI,2024,10,0.08532872051000595,0.06462423503398895,0.5180240273475647,0.5137844681739807,10,1.0,0.42857142857142855
ARI,2024,11,0.08532872051000595,0.06462423503398895,0.5180240273475647,0.5137844681739807,10,1.0,0.42857142857142855
ARI,2024,12,0.06339693069458008,0.05595741048455238,0.5066991448402405,0.5040000081062317,11,0.9090909090909091,0.408
ARI,2024,13,0.05896807089447975,0.0530654601752758,0.5064935088157654,0.5116772651672363,12,0.9166666666666666,0.4142857142857143
ARI,2024,14,0.044014476239681244,0.056314270943403244,0.5054401755332947,0.5121951103210449,13,0.9230769230769231,0.40789473684210525
ARI,2024,15,0.054277122020721436,0.05335751548409462,0.5036563277244568,0.5174311995506287,14,0.9285714285714286,0.43452380952380953
ARI,2024,16,0.059251464903354645,0.06274493038654327,0.5042229890823364,0.5131467580795288,15,0.9333333333333333,0.43243243243243246
ARI,2024,17,0.05036144703626633,0.05669425055384636,0.5035238862037659,0.5103999972343445,16,0.9375,0.4371859296482412
ARI,2024,18,0.06276989728212357,0.04973108693957329,0.5077036023139954,0.5093075037002563,17,0.9411764705882353,0.4312796208530806
BUF,2024,1,0.19135740399360657,0.14116284251213074,0.612500011920929,0.44736841320991516,1,1.0,0.25
BUF,2024,2,0.15791070461273193,-0.06202030926942825,0.5285714268684387,0.46060606837272644,2,1.0,0.2857142857142857
BUF,2024,3,0.22463244199752808,-0.09726852178573608,0.5345622301101685,0.4488188922405243,3,1.0,0.375
BUF,2024,4,0.12792018055915833,-0.029773475602269173,0.49829351902008057,0.46932515501976013,4,1.0,0.32608695652173914
BUF,2024,5,0.09440310299396515,-0.029206248000264168,0.46933332085609436,0.46341463923454285,5,1.0,0.2903225806451613
BUF,2024,6,0.10064887255430222,-0.012508532963693142,0.4772234261035919,0.4601227045059204,6,1.0,0.30666666666666664
BUF,2024,7,0.1096467450261116,-0.03398146852850914,0.47932329773902893,0.45517241954803467,7,1.0,0.313953488372093
BUF,2024,8,0.1213795617222786,-0.04081333056092262,0.4864000082015991,0.4583333432674408,8,1.0,0.35294117647058826
BUF,2024,9,0.13199062645435333,-0.01360912062227726,0.49787235260009766,0.4710743725299835,9,1.0,0.3739130434782609
BUF,2024,10,0.11868046224117279,-0.02861928753554821,0.49623116850852966,0.47146400809288025,10,1.0,0.3893129770992366
BUF,2024,11,0.12069978564977646,-0.023039624094963074,0.4937712252140045,0.4765714406967163,11,1.0,0.4189189189189189
BUF,2024,12,0.12069978564977646,-0.023039624094963074,0.4937712252140045,0.4765714406967163,11,1.0,0.4189189189189189
BUF,2024,13,0.12251220643520355,-0.03911083936691284,0.4947589039802551,0.4680851101875305,12,1.0,0.42592592592592593
BUF,2024,14,0.1369033008813858,-0.01152027677744627,0.4990328848361969,0.4763284921646118,13,1.0,0.4393063583815029
BUF,2024,15,0.1551358997821808,0.005455478094518185,0.5071174502372742,0.4823633134365082,14,1.0,0.43548387096774194
BUF,2024,16,0.15006889402866364,0.007615725509822369,0.5058430433273315,0.4848979711532593,15,1.0,0.4271356783919598
BUF,2024,17,0.15008464455604553,-0.0040395623072981834,0.5058456659317017,0.48424288630485535,16,1.0,0.4325581395348837
BUF,2024,18,0.13575047254562378,-0.003607159713283181,0.5,0.48115941882133484,17,1.0,0.43043478260869567
BAL,2024,1,0.020795855671167374,0.12418383359909058,0.557894766330719,0.4714285731315613,1,1.0,0.4375
BAL,2024,2,-0.00580076826736331,0.07432275265455246,0.5081967115402222,0.48322147130966187,2,1.0,0.3333333333333333
BAL,2024,3,0.03440941497683525,0.0698150172829628,0.4962121248245239,0.45528456568717957,3,1.0,0.35
BAL,2024,4,0.07167896628379822,0.018353646621108055,0.5059523582458496,0.4409937858581543,4,1.0,0.3877551020408163
BAL,2024,5,0.11132347583770752,0.056464627385139465,0.5243619680404663,0.4527845084667206,5,1.0,0.453125
BAL,2024,6,0.12323401123285294,0.07032110542058945,0.5272373557090759,0.46232178807258606,6,1.0,0.4868421052631579
BAL,2024,7,0.1451416015625,0.0733727216720581,0.5271186232566833,0.47288134694099426,7,1.0,0.47619047619047616
BAL,2024,8,0.1332724541425705,0.07906102389097214,0.5221238732337952,0.4785185158252716,8,1.0,0.4479166666666667
BAL,2024,9,0.15293176472187042,0.05673527717590332,0.5293333530426025,0.46517738699913025,9,1.0,0.4423076923076923
BAL,2024,10,0.15810495615005493,0.06915587186813354,0.528279185295105,0.47141191363334656,10,1.0,0.46153846153846156
BAL,2024,11,0.13003501296043396,0.05165871977806091,0.5186813473701477,0.4654088020324707,11,1.0,0.4461538461538462
BAL,2024,12,0.13807375729084015,0.05456533282995224,0.5161943435668945,0.4687800109386444,12,1.0,0.45517241379310347
BAL,2024,13,0.12221606820821762,0.0539863221347332,0.506950855255127,0.47132617235183716,13,1.0,0.4506172839506173
BAL,2024,14,0.12221606820821762,0.0539863221347332,0.506950855255127,0.47132617235183716,13,1.0,0.4506172839506173
BAL,2024,15,0.13400520384311676,0.04754003509879112,0.5117289423942566,0.46666666865348816,14,1.0,0.47398843930635837
BAL,2024,16,0.1361151784658432,0.039602138102054596,0.5146579742431641,0.4671361446380615,15,1.0,0.4673913043478261
BAL,2024,17,0.14311419427394867,0.023370547220110893,0.5176380276679993,0.462907999753952,16,1.0,0.46632124352331605
BAL,2024,18,0.14005626738071442,0.00849365908652544,0.5140388607978821,0.4564606845378876,17,1.0,0.46859903381642515
KC,2024,1,0.12418383359909058,0.020795855671167374,0.4714285731315613,0.557894766330719,1,1.0,0.4
KC,2024,2,0.05546107143163681,0.0365062914788723,0.5067567825317383,0.5397727489471436,2,1.0,0.3
KC,2024,3,0.06667160987854004,0.023591624572873116,0.5319148898124695,0.5158730149269104,3,1.0,0.35294117647058826
KC,2024,4,0.02534894086420536,-0.03233764320611954,0.5161290168762207,0.4709480106830597,4,1.0,0.42
KC,2024,5,0.041777074337005615,-0.041755542159080505,0.5282555222511292,0.4545454680919647,5,1.0,0.4153846153846154
KC,2024,6,0.041777074337005615,-0.041755542159080505,0.5282555222511292,0.4545454680919647,5,1.0,0.4153846153846154
KC,2024,7,0.04369848221540451,-0.052998609840869904,0.5315682291984558,0.460721880197525,6,1.0,0.4430379746835443
KC,2024,8,0.047905996441841125,-0.05149948224425316,0.53125,0.4660550355911255,7,1.0,0.49473684210526314
KC,2024,9,0.0617082342505455,-0.029923835769295692,0.5325443744659424,0.4635332226753235,8,1.0,0.5221238938053098
KC,2024,10,0.057219088077545166,-0.028105441480875015,0.5211640000343323,0.4595375657081604,9,1.0,0.5114503816793893
KC,2024,11,0.055957697331905365,-0.009423245675861835,0.5224242210388184,0.46084722876548767,10,1.0,0.5106382978723404
KC,2024,12,0.07431414723396301,0.004511092323809862,0.529540479183197,0.465737521648407,11,1.0,0.5159235668789809
KC,2024,13,0.06473665684461594,-0.0010556108318269253,0.5154536366462708,0.46308016777038574,12,1.0,0.5028571428571429
KC,2024,14,0.06677331775426865,0.004910928197205067,0.5169880390167236,0.45988258719444275,13,1.0,0.5025906735751295
KC,2024,15,0.055388979613780975,-0.018484486266970634,0.509737491607666,0.4585232436656952,14,1.0,0.4928909952606635
KC,2024,16,0.05879243463277817,-0.013643957674503326,0.5098658204078674,0.4564846456050873,15,1.0,0.49777777777777776
KC,2024,17,0.06630796194076538,-0.022113757207989693,0.5093075037002563,0.4564873278141022,16,1.0,0.48523206751054854
KC,2024,18,0.05305319279432297,-0.0004126960411667824,0.5021551847457886,0.4633604884147644,17,1.0,0.46963562753036436
NO,2024,1,0.19670653343200684,-0.37482163310050964,0.4938271641731262,0.38461539149284363,1,1.0,0.5714285714285714
NO,2024,2,0.2629700005054474,-0.21629908680915833,0.5424836874008179,0.42424243688583374,2,1.0,0.6086956521739131
NO,2024,3,0.13405568897724152,-0.17665143311023712,0.4841628968715668,0.41129031777381897,3,1.0,0.5555555555555556
NO,2024,4,0.10886254906654358,-0.11740321666002274,0.49358972907066345,0.41433021426200867,4,1.0,0.5510204081632653
NO,2024,5,0.07350216060876846,-0.06828071922063828,0.4724409580230713,0.449760764837265,5,1.0,0.5245901639344263
NO,2024,6,0.009739394299685955,-0.041899602860212326,0.4693446159362793,0.4660194218158722,6,1.0,0.4868421052631579
NO,2024,7,-0.037174973636865616,-0.027338040992617607,0.45989304780960083,0.47651007771492004,7,1.0,0.4574468085106383
NO,2024,8,-0.0611063577234745,-0.018903981894254684,0.44801223278045654,0.4647058844566345,8,0.875,0.4017857142857143
NO,2024,9,-0.04503349959850311,-0.01413721963763237,0.4466666579246521,0.46205058693885803,9,0.8888888888888888,0.3937007874015748
NO,2024,10,-0.04261517524719238,-0.016630081459879875,0.4439024329185486,0.469822496175766,10,0.9,0.39285714285714285
NO,2024,11,-0.021500958129763603,-0.022112036123871803,0.4501679837703705,0.46260684728622437,11,0.9090909090909091,0.4
NO,2024,12,-0.021500958129763603,-0.022112036123871803,0.4501679837703705,0.46260684728622437,11,0.9090909090909091,0.4
NO,2024,13,-0.021866794675588608,-0.01261975709348917,0.4482051134109497,0.4651394486427307,12,0.8333333333333334,0.3939393939393939
NO,2024,14,-0.03245841711759567,-0.027826348319649696,0.4439208209514618,0.4537205100059509,13,0.8461538461538461,0.3901098901098901
NO,2024,15,-0.03120379149913788,-0.022963030263781548,0.44198405742645264,0.45819398760795593,14,0.8571428571428571,0.38461538461538464
NO,2024,16,-0.04505690559744835,-0.005093511193990707,0.4370308518409729,0.46171873807907104,15,0.8571428571428571,0.38461538461538464
NO,2024,17,-0.057258449494838715,-0.0014453366165980697,0.4350547790527344,0.46058395504951477,16,0.8,0.3665158371040724
NO,2024,18,-0.050515640527009964,0.006380900274962187,0.4393828213214874,0.4618556797504425,17,0.8125,0.3559322033898305
CAR,2024,1,-0.37482163310050964,0.19670653343200684,0.38461539149284363,0.4938271641731262,1,1.0,0.15384615384615385
CAR,2024,2,-0.37866541743278503,0.12625423073768616,0.3496503531932831,0.5031055808067322,2,0.5,0.11538461538461539
CAR,2024,3,-0.16653180122375488,0.05928300693631172,0.4170212745666504,0.5103734731674194,3,0.6666666666666666,0.21951219512195122
CAR,2024,4,-0.10964720696210861,0.09549914300441742,0.44720497727394104,0.5061728358268738,4,0.75,0.29310344827586204
CAR,2024,5,-0.12589502334594727,0.10465610027313232,0.4422110617160797,0.49394673109054565,5,0.6,0.29577464788732394
CAR,2024,6,-0.11915819346904755,0.12068822979927063,0.4442148804664612,0.5010101199150085,6,0.6666666666666666,0.3132530120481928
CAR,2024,7,-0.14076437056064606,0.1351628601551056,0.44505494832992554,0.5129533410072327,7,0.7142857142857143,0.3118279569892473
CAR,2024,8,-0.13849756121635437,0.125370591878891,0.4455128312110901,0.5082706809043884,8,0.75,0.3090909090909091
CAR,2024,9,-0.12112922966480255,0.11768709868192673,0.4446043074131012,0.49934297800064087,9,0.7777777777777778,0.31666666666666665
CAR,2024,10,-0.11043604463338852,0.09790883213281631,0.44315245747566223,0.5058547854423523,10,0.8,0.3235294117647059
CAR,2024,11,-0.11043604463338852,0.09790883213281631,0.44315245747566223,0.5058547854423523,10,0.8,0.3235294117647059
CAR,2024,12,-0.08674386143684387,0.11174142360687256,0.4497663676738739,0.5143160223960876,11,0.8181818181818182,0.32450331125827814
CAR,2024,13,-0.08568689972162247,0.09803900122642517,0.45502644777297974,0.5128939747810364,12,0.8333333333333334,0.3273809523809524
CAR,2024,14,-0.07887116819620132,0.09400296211242676,0.4503891170024872,0.508474588394165,13,0.8461538461538461,0.33513513513513515
CAR,2024,15,-0.07962992042303085,0.10053561627864838,0.4519927501678467,0.5111662745475769,14,0.8571428571428571,0.33
CAR,2024,16,-0.06043156981468201,0.10186459869146347,0.4526404142379761,0.5111624598503113,15,0.8666666666666667,0.33796296296296297
CAR,2024,17,-0.06415507942438126,0.11611374467611313,0.45396825671195984,0.5172662138938904,16,0.875,0.3333333333333333
CAR,2024,18,-0.0392305888235569,0.1213855892419815,0.4602230489253998,0.5252525210380554,17,0.8823529411764706,0.3445378151260504
DAL,2024,1,-0.03779791668057442,-0.2442834973335266,0.4166666567325592,0.29591837525367737,1,1.0,0.26666666666666666
DAL,2024,2,-0.05630575120449066,0.002125863451510668,0.4385964870452881,0.42352941632270813,2,0.5,0.3448275862068966
DAL,2024,3,-0.013163724914193153,0.041860632598400116,0.4291044771671295,0.43824702501296997,3,0.6666666666666666,0.41304347826086957
DAL,2024,4,0.012568391859531403,0.03600569814443588,0.4483775794506073,0.4341317415237427,4,0.75,0.3793103448275862
DAL,2024,5,0.03072361648082733,0.03513699024915695,0.4583333432674408,0.4476885497570038,5,0.8,0.4266666666666667
DAL,2024,6,-0.019457168877124786,0.08069314062595367,0.4545454680919647,0.45766130089759827,6,0.6666666666666666,0.4111111111111111
DAL,2024,7,-0.019457168877124786,0.08069314062595367,0.4545454680919647,0.45766130089759827,6,0.6666666666666666,0.4111111111111111
DAL,2024,8,-0.013423919677734375,0.084625244140625,0.45652174949645996,0.4672413766384125,7,0.7142857142857143,0.4077669902912621
DAL,2024,9,-0.01687476597726345,0.07709105312824249,0.45375722646713257,0.46483179926872253,8,0.75,0.3879310344827586
DAL,2024,10,-0.0628129243850708,0.06568702310323715,0.4524120092391968,0.46684709191322327,9,0.6666666666666666,0.3712121212121212
DAL,2024,11,-0.08135268092155457,0.07005052268505096,0.44572749733924866,0.46585366129875183,10,0.6,0.36486486486486486
DAL,2024,12,-0.07098936289548874,0.05660144239664078,0.4487447738647461,0.46263736486434937,11,0.6363636363636364,0.3558282208588957
DAL,2024,13,-0.06978852301836014,0.03968906030058861,0.4461391866207123,0.46277666091918945,12,0.6666666666666666,0.3756906077348066
DAL,2024,14,-0.06310045719146729,0.04656261205673218,0.45026642084121704,0.4680851101875305,13,0.6923076923076923,0.3711340206185567
DAL,2024,15,-0.04520663991570473,0.037599239498376846,0.4571664035320282,0.46845290064811707,14,0.7142857142857143,0.375
DAL,2024,16,-0.03905303776264191,0.03679606318473816,0.45517775416374207,0.47546258568763733,15,0.7333333333333333,0.3721973094170404
DAL,2024,17,-0.051418740302324295,0.04822986200451851,0.4529540538787842,0.4780966639518738,16,0.75,0.37815126050420167
DAL,2024,18,-0.04503929987549782,0.0510651096701622,0.45207342505455017,0.4803149700164795,17,0.7647058823529411,0.38132295719844356
CLE,2024,1,-0.2442834973335266,-0.03779791668057442,0.29591837525367737,0.4166666567325592,1,1.0,0.125
CLE,2024,2,-0.10605983436107635,-0.03626835346221924,0.3655914068222046,0.43670886754989624,2,1.0,0.15625
CLE,2024,3,-0.15060950815677643,-0.07577487081289291,0.38805970549583435,0.4354838728904724,3,1.0,0.2127659574468085
CLE,2024,4,-0.14270707964897156,-0.07554894685745239,0.39002931118011475,0.43653249740600586,4,1.0,0.22413793103448276
CLE,2024,5,-0.15232022106647491,-0.05050469934940338,0.38641685247421265,0.42716050148010254,5,1.0,0.20270270270270271
CLE,2024,6,-0.13979244232177734,-0.0442516952753067,0.39165011048316956,0.4318181872367859,6,0.8333333333333334,0.2
CLE,2024,7,-0.14754566550254822,-0.051941417157649994,0.38602328300476074,0.42369839549064636,7,0.8571428571428571,0.24324324324324326
CLE,2024,8,-0.11457531154155731,-0.03752896934747696,0.4023323655128479,0.43255814909935,8,0.75,0.2755905511811024
CLE,2024,9,-0.13320837914943695,-0.04026482254266739,0.405370831489563,0.42222222685813904,9,0.7777777777777778,0.2827586206896552
CLE,2024,10,-0.13320837914943695,-0.04026482254266739,0.405370831489563,0.42222222685813904,9,0.7777777777777778,0.2827586206896552
CLE,2024,11,-0.1269340217113495,-0.016704389825463295,0.4043528139591217,0.4312736392021179,10,0.7,0.27672955974842767
CLE,2024,12,-0.12068334221839905,-0.02025279588997364,0.4086589217185974,0.42873433232307434,11,0.7272727272727273,0.2631578947368421
CLE,2024,13,-0.1102423295378685,-0.010568840429186821,0.41382575035095215,0.43659043312072754,12,0.75,0.28125
CLE,2024,14,-0.11593085527420044,-0.011971551924943924,0.4137630760669708,0.43624159693717957,13,0.7692307692307693,0.2727272727272727
CLE,2024,15,-0.12950536608695984,-0.017434436827898026,0.4153720438480377,0.43524229526519775,14,0.7142857142857143,0.27601809954751133
CLE,2024,16,-0.13476863503456116,-0.014437135308980942,0.4115384519100189,0.4423236548900604,15,0.7333333333333333,0.2777777777777778
CLE,2024,17,-0.14489789307117462,-0.018125956878066063,0.4094827473163605,0.4398437440395355,16,0.6875,0.2857142857142857
CLE,2024,18,-0.15061743557453156,-0.011197060346603394,0.40599456429481506,0.44102564454078674,17,0.7058823529411765,0.2899628252788104
SEA,2024,1,-0.04761457443237305,-0.13299542665481567,0.47058823704719543,0.37634408473968506,1,0.0,0.3076923076923077
SEA,2024,2,0.007468983065336943,-0.056356772780418396,0.5,0.4301675856113434,2,0.5,0.4
SEA,2024,3,-0.017297551035881042,-0.1511586457490921,0.4741035997867584,0.39922481775283813,3,0.6666666666666666,0.3488372093023256
SEA,2024,4,0.011960270814597607,-0.050421569496393204,0.48882681131362915,0.43558281660079956,4,0.75,0.3888888888888889
SEA,2024,5,-0.02145357057452202,-0.0415223129093647,0.4931506812572479,0.4490291178226471,5,0.8,0.36363636363636365
SEA,2024,6,-0.012289010919630527,0.008119621314108372,0.4859813153743744,0.4615384638309479,6,0.8333333333333334,0.36470588235294116
SEA,2024,7,0.01072707585990429,-0.015180724672973156,0.4820261299610138,0.46587032079696655,7,0.8571428571428571,0.37755102040816324
SEA,2024,8,-0.0002541443973314017,0.012716135941445827,0.48235294222831726,0.47422680258750916,8,0.875,0.3584905660377358
SEA,2024,9,-0.020202722400426865,0.006304333917796612,0.47631242871284485,0.46701163053512573,9,0.8888888888888888,0.34959349593495936
SEA,2024,10,-0.020202722400426865,0.006304333917796612,0.47631242871284485,0.46701163053512573,9,0.8888888888888888,0.34959349593495936
SEA,2024,11,-0.013164198957383633,0.005243813153356314,0.4783625602722168,0.46705883741378784,10,0.9,0.35766423357664234
SEA,2024,12,-0.01487424224615097,-0.008031566627323627,0.4721029996871948,0.4609544575214386,11,0.9090909090909091,0.3684210526315789
SEA,2024,13,-0.016418611630797386,-0.018301814794540405,0.46488624811172485,0.456175297498703,12,0.9166666666666666,0.3630952380952381
SEA,2024,14,-0.008103054948151112,-0.025997158139944077,0.46892139315605164,0.4592117369174957,13,0.9230769230769231,0.3675675675675676
SEA,2024,15,-0.02012638933956623,-0.018184762448072433,0.46666666865348816,0.46456021070480347,14,0.8571428571428571,0.365
SEA,2024,16,-0.016100896522402763,-0.008725479245185852,0.47096261382102966,0.46730461716651917,15,0.8666666666666667,0.3584905660377358
SEA,2024,17,-0.020447200164198875,-0.016635634005069733,0.4700984060764313,0.46310240030288696,16,0.8125,0.36
SEA,2024,18,-0.009603741578757763,-0.010260281153023243,0.4752333164215088,0.4648686945438385,17,0.8235294117647058,0.3670886075949367
DEN,2024,1,-0.13299542665481567,-0.04761457443237305,0.37634408473968506,0.47058823704719543,1,1.0,0.2631578947368421
DEN,2024,2,-0.12713639438152313,-0.02887551300227642,0.4082840383052826,0.42514970898628235,2,0.5,0.22580645161290322
DEN,2024,3,-0.05701971426606178,-0.09948541969060898,0.46000000834465027,0.4430379867553711,3,0.6666666666666666,0.23404255319148937
DEN,2024,4,-0.0987873449921608,-0.13409912586212158,0.43865031003952026,0.41566264629364014,4,0.75,0.22580645161290322
DEN,2024,5,-0.07176607102155685,-0.14213141798973083,0.44525548815727234,0.4124700129032135,5,0.8,0.22972972972972974
DEN,2024,6,-0.0683186873793602,-0.09954886138439178,0.4522821605205536,0.421875,6,0.8333333333333334,0.2247191011235955
DEN,2024,7,-0.049102652817964554,-0.12738485634326935,0.46536412835121155,0.41999998688697815,7,0.8571428571428571,0.24
DEN,2024,8,-0.034719016402959824,-0.126837819814682,0.46687209606170654,0.42330384254455566,8,0.875,0.29914529914529914
DEN,2024,9,-0.04452149197459221,-0.08220793306827545,0.4544217586517334,0.4399999976158142,9,0.8888888888888888,0.3106060606060606
DEN,2024,10,-0.041616372764110565,-0.07242540270090103,0.45185184478759766,0.43855422735214233,10,0.9,0.3287671232876712
DEN,2024,11,-0.013172024860978127,-0.08058759570121765,0.46049660444259644,0.438189834356308,11,0.9090909090909091,0.34177215189873417
DEN,2024,12,-0.004493242595344782,-0.08102678507566452,0.4609053432941437,0.44366899132728577,12,0.9166666666666666,0.3448275862068966
DEN,2024,13,0.003053013700991869,-0.07499877363443375,0.46546831727027893,0.4451438784599304,13,0.9230769230769231,0.35294117647058826
DEN,2024,14,0.003053013700991869,-0.07499877363443375,0.46546831727027893,0.4451438784599304,13,0.9230769230769231,0.35294117647058826
DEN,2024,15,-0.010880454443395138,-0.09845646470785141,0.4604569375514984,0.43853819370269775,14,0.9285714285714286,0.35121951219512193
DEN,2024,16,-0.00032177643151953816,-0.07911237329244614,0.46273547410964966,0.4447040557861328,15,0.9333333333333333,0.3532110091743119
DEN,2024,17,0.006379042752087116,-0.06406917423009872,0.46332046389579773,0.45395684242248535,16,0.9375,0.3521739130434783
DEN,2024,18,0.02579963393509388,-0.07245149463415146,0.46960926055908203,0.44892287254333496,17,0.9411764705882353,0.37142857142857144
GB,2024,1,0.09159693866968155,0.10358545184135437,0.47058823704719543,0.5263158082962036,1,1.0,0.35714285714285715
GB,2024,2,0.046807996928691864,0.01877634786069393,0.4345238208770752,0.5,2,1.0,0.46875
GB,2024,3,0.05190637707710266,-0.059262312948703766,0.4257028102874756,0.5,3,1.0,0.43478260869565216
GB,2024,4,0.01784476637840271,-0.04282207414507866,0.4356725215911865,0.5,4,1.0,0.4098360655737705
GB,2024,5,0.015781180933117867,-0.04976696893572807,0.43675416707992554,0.5085158348083496,5,1.0,0.39436619718309857
GB,2024,6,0.041057039052248,-0.06223849579691887,0.45490196347236633,0.5061728358268738,6,1.0,0.4186046511627907
GB,2024,7,0.03967677056789398,-0.04793151468038559,0.458119660615921,0.5026548504829407,7,1.0,0.4166666666666667
GB,2024,8,0.05191344767808914,-0.03471260517835617,0.46222221851348877,0.5031152367591858,8,1.0,0.40540540540540543
GB,2024,9,0.04049477353692055,-0.02034125104546547,0.46357616782188416,0.5028011202812195,9,1.0,0.3951612903225806
GB,2024,10,0.04049477353692055,-0.02034125104546547,0.46357616782188416,0.5028011202812195,9,1.0,0.3951612903225806
GB,2024,11,0.055805105715990067,-0.003742005443200469,0.46855732798576355,0.5018773674964905,10,1.0,0.3875968992248062
GB,2024,12,0.06447738409042358,-0.0250550489872694,0.47603121399879456,0.493071585893631,11,1.0,0.3958333333333333
GB,2024,13,0.08036507666110992,-0.015411903150379658,0.47884416580200195,0.4952879548072815,12,1.0,0.4
GB,2024,14,0.08268193155527115,-0.007142338901758194,0.4797687828540802,0.4995233416557312,13,1.0,0.4012345679012346
GB,2024,15,0.08308800309896469,-0.01971150003373623,0.4838998317718506,0.4951111078262329,14,1.0,0.4034090909090909
GB,2024,16,0.09470587968826294,-0.03428417816758156,0.48585689067840576,0.4870292842388153,15,1.0,0.4031413612565445
GB,2024,17,0.0869901180267334,-0.03376613184809685,0.487099289894104,0.4883359372615814,16,1.0,0.41262135922330095
GB,2024,18,0.07224716246128082,-0.03947780653834343,0.48489314317703247,0.48280906677246094,17,1.0,0.4074074074074074
PHI,2024,1,0.10358545184135437,0.09159693866968155,0.5263158082962036,0.47058823704719543,1,1.0,0.35714285714285715
PHI,2024,2,0.09648020565509796,0.11375703662633896,0.5027624368667603,0.4873417615890503,2,1.0,0.39285714285714285
PHI,2024,3,0.035389047116041183,0.032590750604867935,0.46590909361839294,0.44690266251564026,3,1.0,0.38636363636363635
PHI,2024,4,0.020466843619942665,0.0785246342420578,0.4702380895614624,0.46562498807907104,4,1.0,0.39655172413793105
PHI,2024,5,0.020466843619942665,0.0785246342420578,0.4702380895614624,0.46562498807907104,4,1.0,0.39655172413793105
PHI,2024,6,0.014249256812036037,0.050133880227804184,0.46746987104415894,0.4570707082748413,5,0.8,0.3835616438356164
PHI,2024,7,0.033871863037347794,-0.00024781448883004487,0.46385541558265686,0.4472573697566986,6,0.8333333333333334,0.3333333333333333
PHI,2024,8,0.07060172408819199,-0.0023851150181144476,0.47386759519577026,0.4485294222831726,7,0.8571428571428571,0.35353535353535354
PHI,2024,9,0.062180276960134506,-0.009736268781125546,0.46786248683929443,0.44517186284065247,8,0.875,0.3728813559322034
PHI,2024,10,0.05268404632806778,-0.061879049986600876,0.4694960117340088,0.4446064233779907,9,0.8888888888888888,0.37209302325581395
PHI,2024,11,0.05406918376684189,-0.058089930564165115,0.4684898853302002,0.45039165019989014,10,0.9,0.3931034482758621
PHI,2024,12,0.07528773695230484,-0.05402519553899765,0.47362756729125977,0.45562130212783813,11,0.9090909090909091,0.4074074074074074
PHI,2024,13,0.0730961337685585,-0.0536293089389801,0.47609561681747437,0.45085468888282776,12,0.9166666666666666,0.40229885057471265
PHI,2024,14,0.07061132043600082,-0.049364540725946426,0.4740259647369385,0.4465161859989166,13,0.9230769230769231,0.41397849462365593
PHI,2024,15,0.07402488589286804,-0.05131017789244652,0.4744027256965637,0.44753944873809814,14,0.9285714285714286,0.4264705882352941
PHI,2024,16,0.07650096714496613,-0.043048590421676636,0.4727272689342499,0.45047372579574585,15,0.9333333333333333,0.42081447963800905
PHI,2024,17,0.08535851538181305,-0.056494250893592834,0.47548291087150574,0.4483037292957306,16,0.9375,0.4177215189873418
PHI,2024,18,0.08007820695638657,-0.05787912383675575,0.47342658042907715,0.44716691970825195,17,0.9411764705882353,0.4103585657370518
IND,2024,1,0.09467652440071106,0.12762077152729034,0.5423728823661804,0.5104166865348816,1,1.0,0.45454545454545453
IND,2024,2,-0.009182695299386978,0.06888042390346527,0.5,0.4581005573272705,2,1.0,0.3333333333333333
IND,2024,3,-0.05047909915447235,-0.0020343121141195297,0.4650000035762787,0.434628963470459,3,1.0,0.30303030303030304
IND,2024,4,-0.028634188696742058,-0.005840845871716738,0.46289753913879395,0.4538043439388275,4,1.0,0.375
IND,2024,5,0.02093561366200447,0.0353836752474308,0.47200000286102295,0.46621620655059814,5,1.0,0.4032258064516129
IND,2024,6,0.02142324484884739,0.025891300290822983,0.46405228972435,0.45769229531288147,6,1.0,0.43037974683544306
IND,2024,7,-0.0049346135929226875,-0.009491851553320885,0.45269015431404114,0.4561983346939087,7,1.0,0.41304347826086957
IND,2024,8,-0.0088147958740592,-0.010611222125589848,0.43910256028175354,0.4554597735404968,8,1.0,0.38095238095238093
IND,2024,9,-0.03568979725241661,-0.02399502694606781,0.4343434274196625,0.4622279107570648,9,0.8888888888888888,0.3706896551724138
IND,2024,10,-0.04905557632446289,-0.019866807386279106,0.4385510981082916,0.46444955468177795,10,0.9,0.36923076923076925
IND,2024,11,-0.03967100381851196,-0.01894424483180046,0.4365541338920593,0.46341463923454285,11,0.9090909090909091,0.3724137931034483
IND,2024,12,-0.04955984652042389,-0.0076426127925515175,0.43103447556495667,0.4684772193431854,12,0.8333333333333334,0.36075949367088606
IND,2024,13,-0.03720976412296295,-0.00030864181462675333,0.4411177635192871,0.4722222089767456,13,0.8461538461538461,0.3684210526315789
IND,2024,14,-0.03720976412296295,-0.00030864181462675333,0.4411177635192871,0.4722222089767456,13,0.8461538461538461,0.3684210526315789
IND,2024,15,-0.06620395928621292,-0.013327843509614468,0.4341864585876465,0.4670008420944214,14,0.7857142857142857,0.3602150537634409
IND,2024,16,-0.05188191682100296,-0.009631456807255745,0.4401019513607025,0.4693877696990967,15,0.8,0.3712871287128713
IND,2024,17,-0.042497992515563965,0.0054787034168839455,0.44767898321151733,0.4696296155452728,16,0.8125,0.3813953488372093
IND,2024,18,-0.03593777120113373,0.008620035834610462,0.45474451780319214,0.4697706699371338,17,0.8235294117647058,0.3782608695652174
HOU,2024,1,0.12762077152729034,0.09467652440071106,0.5104166865348816,0.5423728823661804,1,1.0,0.4444444444444444
HOU,2024,2,0.04057693853974342,-0.040956608951091766,0.45505619049072266,0.4563758373260498,2,0.5,0.35294117647058826
HOU,2024,3,-0.05796269327402115,0.014789685606956482,0.4166666567325592,0.46929824352264404,3,0.6666666666666666,0.2962962962962963
HOU,2024,4,-0.017887098714709282,0.039647508412599564,0.4338028132915497,0.46710526943206787,4,0.75,0.35294117647058826
HOU,2024,5,-0.019631726667284966,0.02583780512213707,0.4350797235965729,0.4455958604812622,5,0.8,0.3764705882352941
HOU,2024,6,0.0018943509785458446,-0.019199442118406296,0.4359464645385742,0.44703391194343567,6,0.8333333333333334,0.38
HOU,2024,7,0.006905896123498678,-0.01241374108940363,0.44186046719551086,0.45155394077301025,7,0.8571428571428571,0.3652173913043478
HOU,2024,8,0.0036284266971051693,-0.015238919295370579,0.4430014491081238,0.43829113245010376,8,0.875,0.3643410852713178
HOU,2024,9,0.004589237738400698,-0.0015399642288684845,0.43908628821372986,0.43971630930900574,9,0.8888888888888888,0.3581081081081081
HOU,2024,10,-0.008094449527561665,-0.009467792697250843,0.43707093596458435,0.44020354747772217,10,0.9,0.3619631901840491
HOU,2024,11,0.0019101282814517617,-0.03357695788145065,0.4387434422969818,0.4350282549858093,11,0.9090909090909091,0.35795454545454547
HOU,2024,12,-0.005679300520569086,-0.031051741912961006,0.4360465109348297,0.4373716711997986,12,0.9166666666666666,0.3507853403141361
HOU,2024,13,0.0009386648889631033,-0.027945425361394882,0.43744373321533203,0.43584907054901123,13,0.9230769230769231,0.35609756097560974
HOU,2024,14,0.0009386648889631033,-0.027945425361394882,0.43744373321533203,0.43584907054901123,13,0.9230769230769231,0.35609756097560974
HOU,2024,15,-0.005380172282457352,-0.03815865516662598,0.43877550959587097,0.43832021951675415,14,0.9285714285714286,0.3561643835616438
HOU,2024,16,-0.0016309451311826706,-0.028103921562433243,0.4380495548248291,0.4434499740600586,15,0.9333333333333333,0.36324786324786323
HOU,2024,17,-0.016009347513318062,-0.011546550318598747,0.4352762997150421,0.45057472586631775,16,0.875,0.357429718875502
HOU,2024,18,-0.012292047031223774,-0.016509631648659706,0.439513236284256,0.4479016065597534,17,0.8823529411764706,0.3622641509433962
MIA,2024,1,-0.006285218521952629,-0.04175207391381264,0.43529412150382996,0.4305555522441864,1,1.0,0.4444444444444444
MIA,2024,2,-0.12354006618261337,0.028733011335134506,0.45402297377586365,0.42424243688583374,2,1.0,0.4411764705882353
MIA,2024,3,-0.19923730194568634,-0.008690002374351025,0.4150197505950928,0.4218009412288666,3,0.6666666666666666,0.3541666666666667
MIA,2024,4,-0.21515041589736938,0.005991075187921524,0.40243902802467346,0.4208754301071167,4,0.75,0.3114754098360656
MIA,2024,5,-0.17850591242313385,-0.030190080404281616,0.40334129333496094,0.4190981388092041,5,0.8,0.3108108108108108
MIA,2024,6,-0.17850591242313385,-0.030190080404281616,0.40334129333496094,0.4190981388092041,5,0.8,0.3108108108108108
MIA,2024,7,-0.1865079551935196,-0.052242211997509,0.4107142984867096,0.4135667383670807,6,0.8333333333333334,0.3333333333333333
MIA,2024,8,-0.13483163714408875,-0.010029986500740051,0.42783504724502563,0.4314814805984497,7,0.8571428571428571,0.3904761904761905
MIA,2024,9,-0.09379573911428452,0.018991883844137192,0.44545453786849976,0.4516128897666931,8,0.875,0.40350877192982454
MIA,2024,10,-0.0912204384803772,-0.007823850028216839,0.4456671178340912,0.4554455578327179,9,0.8888888888888888,0.4094488188976378
MIA,2024,11,-0.050076402723789215,0.00553536880761385,0.45859086513519287,0.4611465036869049,10,0.9,0.4397163120567376
MIA,2024,12,-0.042470142245292664,-0.01564982533454895,0.46248599886894226,0.4558992087841034,11,0.9090909090909091,0.43506493506493504
MIA,2024,13,-0.03151379153132439,0.0067462860606610775,0.46741345524787903,0.460317462682724,12,0.9166666666666666,0.42011834319526625
MIA,2024,14,-0.009969177655875683,0.023409977555274963,0.48041045665740967,0.46950629353523254,13,0.9230769230769231,0.40782122905027934
MIA,2024,15,-0.02136809751391411,0.015311991795897484,0.4796536862850189,0.4690346121788025,14,0.9285714285714286,0.39690721649484534
MIA,2024,16,-0.007225431967526674,0.014917665161192417,0.4858299493789673,0.4716821610927582,15,0.9333333333333333,0.391304347826087
MIA,2024,17,-0.011242657899856567,-0.006942006293684244,0.48091602325439453,0.4650980532169342,16,0.9375,0.37727272727272726
MIA,2024,18,-0.01473420113325119,-0.0025079238694161177,0.4803149700164795,0.46602657437324524,17,0.9411764705882353,0.3706896551724138
JAX,2024,1,-0.04175207391381264,-0.006285218521952629,0.4305555522441864,0.43529412150382996,1,1.0,0.16666666666666666
JAX,2024,2,-0.038092631846666336,0.021262478083372116,0.4452054798603058,0.4393063485622406,2,1.0,0.2727272727272727
JAX,2024,3,-0.08525267243385315,0.12126456946134567,0.4382978677749634,0.47200000286102295,3,1.0,0.25
JAX,2024,4,-0.03650670871138573,0.11515652388334274,0.4437299072742462,0.47507330775260925,4,1.0,0.2708333333333333
JAX,2024,5,0.016811875626444817,0.1275351196527481,0.45994833111763,0.480369508266449,5,1.0,0.2711864406779661
JAX,2024,6,0.016054973006248474,0.14958108961582184,0.4559139907360077,0.490234375,6,1.0,0.30666666666666664
JAX,2024,7,0.04497253894805908,0.12746256589889526,0.47026023268699646,0.48047539591789246,7,1.0,0.3411764705882353
JAX,2024,8,0.04713990539312363,0.12799133360385895,0.47479674220085144,0.4815905690193176,8,1.0,0.3125
JAX,2024,9,0.03568867966532707,0.11366837471723557,0.4692082107067108,0.475452184677124,9,1.0,0.3177570093457944
JAX,2024,10,0.01881030946969986,0.0999748706817627,0.4654002785682678,0.4741676151752472,10,1.0,0.3305084745762712
JAX,2024,11,0.001132428995333612,0.1325310319662094,0.46268656849861145,0.4927234947681427,11,0.9090909090909091,0.3178294573643411
JAX,2024,12,0.001132428995333612,0.1325310319662094,0.46268656849861145,0.4927234947681427,11,0.9090909090909091,0.3178294573643411
JAX,2024,13,0.001722157932817936,0.12910541892051697,0.45842695236206055,0.48991355299949646,12,0.9166666666666666,0.32413793103448274
JAX,2024,14,-0.00029315671417862177,0.1141628623008728,0.4563409686088562,0.48430493474006653,13,0.9230769230769231,0.3333333333333333
JAX,2024,15,0.012257011607289314,0.1257210224866867,0.46742209792137146,0.4827875792980194,14,0.9285714285714286,0.3502824858757062
JAX,2024,16,-0.00497067254036665,0.10732400417327881,0.4578947424888611,0.47737908363342285,15,0.9333333333333333,0.3541666666666667
JAX,2024,17,0.003087510820478201,0.10176682472229004,0.45995044708251953,0.4783882796764374,16,0.9375,0.36893203883495146
JAX,2024,18,0.006728423293679953,0.09815020859241486,0.4607692360877991,0.4829235076904297,17,0.9411764705882353,0.3665158371040724
LA,2024,1,0.05288204550743103,0.09335210174322128,0.49462366104125977,0.5512820482254028,1,1.0,0.42857142857142855
LA,2024,2,-0.02894076146185398,0.20894716680049896,0.5094339847564697,0.5696202516555786,2,1.0,0.32
LA,2024,3,0.030812082812190056,0.18376541137695312,0.5064377784729004,0.5514403581619263,3,1.0,0.3684210526315789
LA,2024,4,0.0338752306997776,0.15298132598400116,0.5113268494606018,0.545171320438385,4,1.0,0.3877551020408163
LA,2024,5,0.009290700778365135,0.12466435134410858,0.5174999833106995,0.5251256227493286,5,1.0,0.4153846153846154
LA,2024,6,0.009290700778365135,0.12466435134410858,0.5174999833106995,0.5251256227493286,5,1.0,0.4153846153846154
LA,2024,7,-0.041108474135398865,0.049408990889787674,0.5053078532218933,0.49696969985961914,6,1.0,0.38666666666666666
LA,2024,8,-0.010769946500658989,0.05452977865934372,0.5044563412666321,0.49642857909202576,7,1.0,0.4044943820224719
LA,2024,9,-0.014966321177780628,0.02258875034749508,0.4916030466556549,0.4871406853199005,8,1.0,0.3942307692307692
LA,2024,10,-0.03653553128242493,0.014449313282966614,0.49056604504585266,0.48351648449897766,9,0.8888888888888888,0.3728813559322034
LA,2024,11,-0.015749135985970497,0.020806342363357544,0.4950617253780365,0.48602673411369324,10,0.9,0.36220472440944884
LA,2024,12,-0.015648141503334045,0.045657213777303696,0.4960629940032959,0.4895718991756439,11,0.9090909090909091,0.34057971014492755
LA,2024,13,-0.006148986984044313,0.03975222632288933,0.4963427484035492,0.4843907356262207,12,0.9166666666666666,0.348993288590604
LA,2024,14,0.01801913045346737,0.05979061871767044,0.5019011497497559,0.48928239941596985,13,0.9230769230769231,0.3855421686746988
LA,2024,15,0.012985187582671642,0.04518681392073631,0.49823322892189026,0.4803149700164795,14,0.8571428571428571,0.3756906077348066
LA,2024,16,0.015915604308247566,0.03415112942457199,0.49623429775238037,0.478723406791687,15,0.8666666666666667,0.3802083333333333
LA,2024,17,0.012567687779664993,0.02729317545890808,0.4944707751274109,0.47984790802001953,16,0.875,0.3798076923076923
LA,2024,18,0.0174803975969553,0.035705313086509705,0.4944320619106293,0.48449891805648804,17,0.8823529411764706,0.37668161434977576
DET,2024,1,0.09335210174322128,0.05288204550743103,0.5512820482254028,0.49462366104125977,1,1.0,0.46153846153846156
DET,2024,2,-0.004924613516777754,0.02396000735461712,0.49438202381134033,0.48076921701431274,2,1.0,0.41935483870967744
DET,2024,3,-0.005703703034669161,-0.026578351855278015,0.5057034492492676,0.4780701696872711,3,1.0,0.4222222222222222
DET,2024,4,0.06362968683242798,0.007652527652680874,0.5196374654769897,0.49253731966018677,4,1.0,0.43137254901960786
DET,2024,5,0.06362968683242798,0.007652527652680874,0.5196374654769897,0.49253731966018677,4,1.0,0.43137254901960786
DET,2024,6,0.11212480813264847,-0.04944847151637077,0.5168269276618958,0.4809523820877075,5,1.0,0.4126984126984127
DET,2024,7,0.1011742502450943,-0.04064691439270973,0.5101214647293091,0.4657258093357086,6,1.0,0.410958904109589
DET,2024,8,0.11046504974365234,-0.08643615990877151,0.5179211497306824,0.4611486494541168,7,1.0,0.40963855421686746
DET,2024,9,0.11016084253787994,-0.08279499411582947,0.5158730149269104,0.462797611951828,8,1.0,0.4020618556701031
DET,2024,10,0.08867134153842926,-0.08750542253255844,0.5077356100082397,0.45778363943099976,9,1.0,0.4144144144144144
DET,2024,11,0.1290050745010376,-0.09609919041395187,0.5261845588684082,0.45575758814811707,10,1.0,0.4297520661157025
DET,2024,12,0.12746849656105042,-0.10200891643762589,0.5258427262306213,0.4485458731651306,11,1.0,0.4485294117647059
DET,2024,13,0.12147702276706696,-0.0925450548529625,0.5236139893531799,0.447638601064682,12,1.0,0.44666666666666666
DET,2024,14,0.11755120009183884,-0.07880038768053055,0.5252808928489685,0.45062321424484253,13,1.0,0.45180722891566266
DET,2024,15,0.12309739738702774,-0.043578170239925385,0.5269922614097595,0.46248897910118103,14,1.0,0.45251396648044695
DET,2024,16,0.13326004147529602,-0.040826790034770966,0.5304487347602844,0.46299341320991516,15,1.0,0.4536082474226804
DET,2024,17,0.14610356092453003,-0.02532797120511532,0.5326821804046631,0.47190147638320923,16,1.0,0.46634615384615385
DET,2024,18,0.13956421613693237,-0.03834669664502144,0.5314487814903259,0.46555474400520325,17,1.0,0.46153846153846156
LAC,2024,1,-0.12475147843360901,-0.3124944567680359,0.3636363744735718,0.3918918967247009,1,1.0,0.25
LAC,2024,2,-0.033198487013578415,-0.3455946743488312,0.4394904375076294,0.3525179922580719,2,1.0,0.40625
LAC,2024,3,-0.05631798133254051,-0.20041944086551666,0.4337899684906006,0.40454545617103577,3,0.6666666666666666,0.36363636363636365
LAC,2024,4,-0.09813991189002991,-0.17593877017498016,0.4047619104385376,0.4203389883041382,4,0.75,0.3508771929824561
LAC,2024,5,-0.09813991189002991,-0.17593877017498016,0.4047619104385376,0.4203389883041382,4,0.75,0.3508771929824561
LAC,2024,6,-0.052836380898952484,-0.15119041502475739,0.4190231263637543,0.4344262182712555,5,0.8,0.42105263157894735
LAC,2024,7,-0.026291653513908386,-0.11231937259435654,0.4304068386554718,0.4487471580505371,6,0.6666666666666666,0.4222222222222222
LAC,2024,8,-0.01604253239929676,-0.12860262393951416,0.4228675067424774,0.43609023094177246,7,0.7142857142857143,0.4019607843137255
LAC,2024,9,-0.021763451397418976,-0.14966067671775818,0.4121405780315399,0.43471336364746094,8,0.75,0.39316239316239315
LAC,2024,10,0.0004045710666105151,-0.1295977383852005,0.42406877875328064,0.4415954351425171,9,0.7777777777777778,0.3937007874015748
LAC,2024,11,0.004953053779900074,-0.11202265322208405,0.4305732548236847,0.4390547275543213,10,0.8,0.3829787234042553
LAC,2024,12,0.013082850724458694,-0.08161132037639618,0.43807339668273926,0.4433106482028961,11,0.8181818181818182,0.379746835443038
LAC,2024,13,0.002835686784237623,-0.08983390778303146,0.4351554214954376,0.446153849363327,12,0.75,0.37058823529411766
LAC,2024,14,0.008605146780610085,-0.0752146914601326,0.43396225571632385,0.4533458948135376,13,0.7692307692307693,0.375
LAC,2024,15,-0.0063283066265285015,-0.05510946735739708,0.4354688823223114,0.4624781906604767,14,0.7857142857142857,0.36649214659685864
LAC,2024,16,0.008768967352807522,-0.04163253307342529,0.4425237774848938,0.4646053612232208,15,0.8,0.3793103448275862
LAC,2024,17,0.026869000867009163,-0.05406210198998451,0.4508393406867981,0.4645061790943146,16,0.8125,0.39545454545454545
LAC,2024,18,0.03971611335873604,-0.05097334459424019,0.4583333432674408,0.46735143661499023,17,0.8235294117647058,0.4008438818565401
LV,2024,1,-0.3124944567680359,-0.12475147843360901,0.3918918967247009,0.3636363744735718,1,0.0,0.3333333333333333
LV,2024,2,-0.13557758927345276,-0.0766243040561676,0.4444444477558136,0.4121212065219879,2,0.5,0.35714285714285715
LV,2024,3,-0.11494890600442886,0.009226379916071892,0.4721029996871948,0.45136186480522156,3,0.6666666666666666,0.325
LV,2024,4,-0.10517283529043198,-0.017965395003557205,0.4642857015132904,0.43939393758773804,4,0.75,0.33962264150943394
LV,2024,5,-0.11995196342468262,-0.007758460007607937,0.45038166642189026,0.4457831382751465,5,0.8,0.36231884057971014
LV,2024,6,-0.14444974064826965,0.007520997431129217,0.45319148898124695,0.4457831382751465,6,0.8333333333333334,0.3375
LV,2024,7,-0.1641099452972412,-0.03397700935602188,0.44091710448265076,0.4446397125720978,7,0.7142857142857143,0.31958762886597936
LV,2024,8,-0.15000812709331512,-0.020175868645310402,0.4477379024028778,0.4556574821472168,8,0.75,0.3392857142857143
LV,2024,9,-0.14420367777347565,-0.0036739909555763006,0.450276255607605,0.46916890144348145,9,0.7777777777777778,0.3492063492063492
LV,2024,10,-0.14420367777347565,-0.0036739909555763006,0.450276255607605,0.46916890144348145,9,0.7777777777777778,0.3492063492063492
LV,2024,11,-0.11786376684904099,0.027855854481458664,0.4563590884208679,0.47946861386299133,10,0.8,0.37142857142857144
LV,2024,12,-0.11433174461126328,0.033224985003471375,0.4605116844177246,0.4781181514263153,11,0.8181818181818182,0.3630573248407643
LV,2024,13,-0.10919778794050217,0.027293486520648003,0.4584178626537323,0.4685942232608795,12,0.75,0.35294117647058826
LV,2024,14,-0.11074412614107132,0.02977190725505352,0.45727699995040894,0.4694444537162781,13,0.7692307692307693,0.3532608695652174
LV,2024,15,-0.12352818995714188,0.014379850588738918,0.4520905911922455,0.4607420265674591,14,0.7857142857142857,0.3484848484848485
LV,2024,16,-0.12425724416971207,-0.0015971784014254808,0.44874900579452515,0.45241934061050415,15,0.8,0.33796296296296297
LV,2024,17,-0.1124267429113388,-0.01602240465581417,0.4484574794769287,0.4495830237865448,16,0.8125,0.3574468085106383
LV,2024,18,-0.10660983622074127,-0.0009690013248473406,0.4520057439804077,0.45679888129234314,17,0.8235294117647058,0.3524590163934426
NYG,2024,1,-0.23459869623184204,0.09439460188150406,0.3820224702358246,0.46268656849861145,1,0.0,0.4
NYG,2024,2,-0.09407097101211548,0.11634033173322678,0.41401273012161255,0.46794870495796204,2,0.5,0.45161290322580644
NYG,2024,3,-0.1126757487654686,-0.010450126603245735,0.42105263471603394,0.45798319578170776,3,0.6666666666666666,0.391304347826087
NYG,2024,4,-0.07973341643810272,0.017156749963760376,0.4212121069431305,0.47249191999435425,4,0.5,0.359375
NYG,2024,5,-0.06486005336046219,-0.02153472602367401,0.4375,0.48071980476379395,5,0.6,0.3875
NYG,2024,6,-0.07696956396102905,-0.015952304005622864,0.44378697872161865,0.4779735803604126,6,0.6666666666666666,0.3917525773195876
NYG,2024,7,-0.10084453225135803,0.006913222372531891,0.4376068413257599,0.47299814224243164,7,0.5714285714285714,0.35964912280701755
NYG,2024,8,-0.09087400138378143,0.012914003804326057,0.43722304701805115,0.47665056586265564,8,0.5,0.3484848484848485
NYG,2024,9,-0.06853330135345459,0.034997936338186264,0.44238409399986267,0.4892086386680603,9,0.5555555555555556,0.36551724137931035
NYG,2024,10,-0.0680287554860115,0.02975565567612648,0.45518869161605835,0.4832041263580322,10,0.6,0.375
NYG,2024,11,-0.0680287554860115,0.02975565567612648,0.45518869161605835,0.4832041263580322,10,0.6,0.375
NYG,2024,12,-0.07678612321615219,0.045996811240911484,0.4532608687877655,0.4847058951854706,11,0.6363636363636364,0.38011695906432746
NYG,2024,13,-0.08237011730670929,0.03579529747366905,0.45418328046798706,0.47826087474823,12,0.6666666666666666,0.3709677419354839
NYG,2024,14,-0.09137386828660965,0.02005511336028576,0.4437386691570282,0.471331387758255,13,0.6923076923076923,0.3592233009708738
NYG,2024,15,-0.08760092407464981,0.03906047344207764,0.440978080034256,0.47865575551986694,14,0.7142857142857143,0.35585585585585583
NYG,2024,16,-0.10341934114694595,0.04085197299718857,0.4430379867553711,0.4817951023578644,15,0.7333333333333333,0.351931330472103
NYG,2024,17,-0.08287709206342697,0.0433695912361145,0.44477611780166626,0.48627451062202454,16,0.75,0.3588709677419355
NYG,2024,18,-0.08288747072219849,0.040408771485090256,0.4438920319080353,0.4834437072277069,17,0.7058823529411765,0.3549618320610687
MIN,2024,1,0.09439460188150406,-0.23459869623184204,0.46268656849861145,0.3820224702358246,1,1.0,0.45454545454545453
MIN,2024,2,0.01989121176302433,-0.18499484658241272,0.4962962865829468,0.4367816150188446,2,1.0,0.5217391304347826
MIN,2024,3,0.05682196840643883,-0.21043826639652252,0.4953271150588989,0.4038461446762085,3,1.0,0.45
MIN,2024,4,0.04041620343923569,-0.17432217299938202,0.49668875336647034,0.41926345229148865,4,1.0,0.4339622641509434
MIN,2024,5,0.014433536678552628,-0.17179885506629944,0.4822334945201874,0.42663657665252686,5,1.0,0.4057971014492754
MIN,2024,6,0.014433536678552628,-0.17179885506629944,0.4822334945201874,0.42663657665252686,5,1.0,0.4057971014492754
MIN,2024,7,0.013392123393714428,-0.13967512547969818,0.4659574329853058,0.4337811768054962,6,0.8333333333333334,0.4
MIN,2024,8,0.02312808856368065,-0.0973004549741745,0.4691588878631592,0.443535178899765,7,0.8571428571428571,0.39080459770114945
MIN,2024,9,0.001643254654482007,-0.11571056395769119,0.47580644488334656,0.4382352828979492,8,0.875,0.4
MIN,2024,10,0.00016401070752181113,-0.1213056743144989,0.47419804334640503,0.43673470616340637,9,0.7777777777777778,0.4
MIN,2024,11,0.00308577180840075,-0.12353245913982391,0.47139304876327515,0.42768850922584534,10,0.8,0.40458015267175573
MIN,2024,12,0.016688762232661247,-0.1058688536286354,0.47421523928642273,0.4336283206939697,11,0.8181818181818182,0.410958904109589
MIN,2024,13,0.01659155637025833,-0.09261947870254517,0.4838373363018036,0.4409136176109314,12,0.8333333333333334,0.3961038961038961
MIN,2024,14,0.037950411438941956,-0.08490835875272751,0.4870067238807678,0.44990891218185425,13,0.8461538461538461,0.41566265060240964
MIN,2024,15,0.03866510093212128,-0.09112169593572617,0.4902998208999634,0.4480135142803192,14,0.8571428571428571,0.41847826086956524
MIN,2024,16,0.044534776359796524,-0.0822739452123642,0.4913722276687622,0.4535433053970337,15,0.8666666666666667,0.40404040404040403
MIN,2024,17,0.03956053406000137,-0.07948333024978638,0.49235475063323975,0.4565701484680176,16,0.875,0.41037735849056606
MIN,2024,18,0.022886252030730247,-0.07270754128694534,0.4848703145980835,0.4598183035850525,17,0.8235294117647058,0.4052863436123348
CIN,2024,1,-0.03840472176671028,0.07777721434831619,0.49180328845977783,0.4938271641731262,1,1.0,0.3076923076923077
CIN,2024,2,0.014836707152426243,0.03657437115907669,0.5070422291755676,0.5157232880592346,2,1.0,0.2962962962962963
CIN,2024,3,0.11519065499305725,0.16132217645645142,0.534246563911438,0.5427350401878357,3,1.0,0.3783783783783784
CIN,2024,4,0.13867972791194916,0.12952634692192078,0.5231788158416748,0.5389407873153687,4,1.0,0.4230769230769231
CIN,2024,5,0.15086841583251953,0.15739001333713531,0.516539454460144,0.5504807829856873,5,1.0,0.4411764705882353
CIN,2024,6,0.13193440437316895,0.10538946092128754,0.5087336301803589,0.5364891290664673,6,0.8333333333333334,0.425
CIN,2024,7,0.09964670985937119,0.057972099632024765,0.4896421730518341,0.5074380040168762,7,0.8571428571428571,0.3870967741935484
CIN,2024,8,0.08607716113328934,0.08624128997325897,0.48585689067840576,0.5110132098197937,8,0.875,0.4339622641509434
CIN,2024,9,0.08973532915115356,0.06607601046562195,0.49639248847961426,0.5065445303916931,9,0.8888888888888888,0.4462809917355372
CIN,2024,10,0.0992111936211586,0.07948929071426392,0.49936628341674805,0.5076923370361328,10,0.9,0.45652173913043476
CIN,2024,11,0.08887658268213272,0.07593800127506256,0.4904601573944092,0.5053648352622986,11,0.9090909090909091,0.43870967741935485
CIN,2024,12,0.08887658268213272,0.07593800127506256,0.4904601573944092,0.5053648352622986,11,0.9090909090909091,0.43870967741935485
CIN,2024,13,0.08886515349149704,0.08619214594364166,0.4979466199874878,0.514677107334137,12,0.9166666666666666,0.4397590361445783
CIN,2024,14,0.09183592349290848,0.08211592584848404,0.5004712343215942,0.5141037106513977,13,0.9230769230769231,0.4350282485875706
CIN,2024,15,0.09289418160915375,0.07384154200553894,0.49869677424430847,0.5168918967247009,14,0.9285714285714286,0.45077720207253885
CIN,2024,16,0.08952706307172775,0.055998604744672775,0.5020474791526794,0.5067406892776489,15,0.9333333333333333,0.44607843137254904
CIN,2024,17,0.09181363135576248,0.05937676504254341,0.5071589946746826,0.5048689246177673,16,0.9375,0.4479638009049774
CIN,2024,18,0.08971625566482544,0.056033819913864136,0.508474588394165,0.5010630488395691,17,0.9411764705882353,0.44680851063829785
NE,2024,1,0.07777721434831619,-0.03840472176671028,0.4938271641731262,0.49180328845977783,1,1.0,0.4
NE,2024,2,0.05138124153017998,0.020197397097945213,0.4910179674625397,0.5135135054588318,2,1.0,0.41935483870967744
NE,2024,3,-0.023012161254882812,0.05698346346616745,0.4739130437374115,0.5170940160751343,3,0.6666666666666666,0.35555555555555557
NE,2024,4,-0.08524959534406662,0.03777404874563217,0.46302250027656555,0.49677419662475586,4,0.75,0.3492063492063492
NE,2024,5,-0.10146710276603699,0.018666621297597885,0.4526854157447815,0.47630923986434937,5,0.6,0.33766233766233766
NE,2024,6,-0.12308000773191452,0.03524615988135338,0.4528301954269409,0.47010308504104614,6,0.6666666666666666,0.32222222222222224
NE,2024,7,-0.10869897902011871,0.060616593807935715,0.4476534426212311,0.4820788502693176,7,0.7142857142857143,0.3333333333333333
NE,2024,8,-0.09284532815217972,0.05543869361281395,0.44968554377555847,0.48427674174308777,8,0.75,0.35
NE,2024,9,-0.09199035912752151,0.041776143014431,0.4515235424041748,0.4752747118473053,9,0.7777777777777778,0.34074074074074073
NE,2024,10,-0.08656352758407593,0.008233184926211834,0.45500001311302185,0.4628712832927704,10,0.8,0.3422818791946309
NE,2024,11,-0.06999587267637253,0.02397829480469227,0.4603351950645447,0.46917808055877686,11,0.8181818181818182,0.3515151515151515
NE,2024,12,-0.082048699259758,0.02457391656935215,0.45574772357940674,0.47187501192092896,12,0.75,0.3370165745856354
NE,2024,13,-0.0684632882475853,0.031236276030540466,0.4606741666793823,0.478723406791687,13,0.7692307692307693,0.3489583333333333
NE,2024,14,-0.0684632882475853,0.031236276030540466,0.4606741666793823,0.478723406791687,13,0.7692307692307693,0.3489583333333333
NE,2024,15,-0.06414935737848282,0.04223710298538208,0.46866726875305176,0.4789614975452423,14,0.7857142857142857,0.335
NE,2024,16,-0.05681247264146805,0.04415500909090042,0.4722222089767456,0.4794290363788605,15,0.8,0.35648148148148145
NE,2024,17,-0.06850237399339676,0.05918758362531662,0.4717273414134979,0.48482489585876465,16,0.75,0.3495575221238938
NE,2024,18,-0.06434960663318634,0.05038931593298912,0.46934306621551514,0.4802631437778473,17,0.7647058823529411,0.3458333333333333
NYJ,2024,1,-0.002621665596961975,0.17390163242816925,0.484375,0.5,1,1.0,0.6
NYJ,2024,2,0.045194145292043686,0.05947118252515793,0.47101449966430664,0.4821428656578064,2,1.0,0.5
NYJ,2024,3,0.07402548938989639,-0.016806524246931076,0.4910714328289032,0.4675324559211731,3,1.0,0.55
NYJ,2024,4,-0.013671319000422955,-0.071114182472229,0.4482758641242981,0.4429967403411865,4,0.75,0.42857142857142855
NYJ,2024,5,-0.046289265155792236,-0.07105498015880585,0.4498777389526367,0.4411027431488037,5,0.8,0.4074074074074074
NYJ,2024,6,-0.02679186686873436,-0.03577931970357895,0.4487704932689667,0.4536082446575165,6,0.8333333333333334,0.40625
NYJ,2024,7,-0.03920575603842735,-0.004468679893761873,0.44760212302207947,0.4534270763397217,7,0.8571428571428571,0.39622641509433965
NYJ,2024,8,-0.03219639137387276,-0.002109164372086525,0.45397815108299255,0.4546850919723511,8,0.875,0.4067796610169492
NYJ,2024,9,-0.016936365514993668,-0.00036361327511258423,0.45378151535987854,0.44906166195869446,9,0.7777777777777778,0.40458015267175573
NYJ,2024,10,-0.01972731202840805,0.027121063321828842,0.4590792953968048,0.4626682996749878,10,0.7,0.41379310344827586
NYJ,2024,11,-0.0187190230935812,0.028793441131711006,0.45838218927383423,0.45847177505493164,11,0.7272727272727273,0.4050632911392405
NYJ,2024,12,-0.0187190230935812,0.028793441131711006,0.45838218927383423,0.45847177505493164,11,0.7272727272727273,0.4050632911392405
NYJ,2024,13,-0.028809895738959312,0.02369048073887825,0.4534759223461151,0.4521384835243225,12,0.75,0.4046242774566474
NYJ,2024,14,-0.008924717083573341,0.040600407868623734,0.4633431136608124,0.46641790866851807,13,0.7692307692307693,0.39473684210526316
NYJ,2024,15,0.01211297232657671,0.04857642203569412,0.4631483256816864,0.47562018036842346,14,0.7857142857142857,0.395
NYJ,2024,16,0.0028831162489950657,0.049598824232816696,0.46264857053756714,0.47483766078948975,15,0.8,0.3888888888888889
NYJ,2024,17,-0.008922193199396133,0.056098572909832,0.4633173942565918,0.4768413007259369,16,0.8125,0.3938053097345133
NYJ,2024,18,-0.004300893750041723,0.048451587557792664,0.46436607837677,0.4764957129955292,17,0.8235294117647058,0.3949579831932773
SF,2024,1,0.17390163242816925,-0.002621665596961975,0.5,0.484375,1,1.0,0.5
SF,2024,2,0.02308392897248268,-0.028840238228440285,0.4971098303794861,0.5075757503509521,2,1.0,0.375
SF,2024,3,0.060600247234106064,0.03870818018913269,0.5038759708404541,0.5048543810844421,3,1.0,0.47368421052631576
SF,2024,4,0.041948169469833374,-0.046153102070093155,0.488023966550827,0.4843205511569977,4,1.0,0.5
SF,2024,5,0.02553420700132847,-0.032931387424468994,0.4866180121898651,0.48753461241722107,5,1.0,0.5
SF,2024,6,0.06412341445684433,-0.01979515515267849,0.4929006099700928,0.4803493320941925,6,1.0,0.4868421052631579
SF,2024,7,0.04081989824771881,-0.008511983789503574,0.49295774102211,0.49077489972114563,7,1.0,0.45454545454545453
SF,2024,8,0.04945482313632965,-0.004143883939832449,0.4969325065612793,0.48796147108078003,8,1.0,0.45714285714285713
SF,2024,9,0.04945482313632965,-0.004143883939832449,0.4969325065612793,0.48796147108078003,8,1.0,0.45714285714285713
SF,2024,10,0.058538686484098434,0.0029072524048388004,0.505464494228363,0.48930099606513977,9,1.0,0.46153846153846156
SF,2024,11,0.05245279520750046,0.008465709164738655,0.5018541216850281,0.4903225898742676,10,1.0,0.46923076923076923
SF,2024,12,0.02708505094051361,0.022229015827178955,0.4931506812572479,0.49593496322631836,11,1.0,0.4507042253521127
SF,2024,13,0.00756853586062789,0.031585756689310074,0.48352816700935364,0.4967811107635498,12,1.0,0.4407894736842105
SF,2024,14,0.030209381133317947,0.024846097454428673,0.48526522517204285,0.4954954981803894,13,1.0,0.44242424242424244
SF,2024,15,0.016770537942647934,0.0190587118268013,0.47610294818878174,0.4921223223209381,14,1.0,0.42696629213483145
SF,2024,16,0.01626715436577797,0.03133830800652504,0.47826087474823,0.4978429675102234,15,1.0,0.41968911917098445
SF,2024,17,0.028523670509457588,0.05191335454583168,0.4864649772644043,0.5024154782295227,16,1.0,0.42574257425742573
SF,2024,18,0.023533551022410393,0.06454835087060928,0.48702743649482727,0.5067771077156067,17,1.0,0.4212962962962963
ATL,2024,1,-0.24301089346408844,-0.04055573046207428,0.47826087474823,0.4285714328289032,1,1.0,0.2727272727272727
ATL,2024,2,-0.046337202191352844,0.02479773946106434,0.49295774102211,0.4529411792755127,2,1.0,0.25
ATL,2024,3,-0.032384853810071945,0.0454288087785244,0.4816513657569885,0.4941634237766266,3,1.0,0.25806451612903225
ATL,2024,4,-0.0032191621139645576,0.046017274260520935,0.4673539400100708,0.5,4,0.75,0.2857142857142857
ATL,2024,5,0.03595389053225517,0.07119299471378326,0.47749999165534973,0.5084337592124939,5,0.8,0.3333333333333333
ATL,2024,6,0.06410636752843857,0.04386976361274719,0.48755186796188354,0.49900200963020325,6,0.8333333333333334,0.37142857142857144
ATL,2024,7,0.031345415860414505,0.06075837463140488,0.4878048896789551,0.4930795729160309,7,0.8571428571428571,0.38636363636363635
ATL,2024,8,0.04623313620686531,0.05802476033568382,0.4984615445137024,0.49476832151412964,8,0.875,0.40594059405940597
ATL,2024,9,0.0433514378964901,0.04609270766377449,0.49309390783309937,0.48754915595054626,9,0.8888888888888888,0.391304347826087
ATL,2024,10,0.03417002037167549,0.04081561043858528,0.4975550174713135,0.4813925623893738,10,0.9,0.3939393939393939
ATL,2024,11,0.01683647558093071,0.06164823845028877,0.4921700358390808,0.487348735332489,11,0.8181818181818182,0.3904109589041096
ATL,2024,12,0.01683647558093071,0.06164823845028877,0.4921700358390808,0.487348735332489,11,0.8181818181818182,0.3904109589041096
ATL,2024,13,-0.000562356726732105,0.04873783886432648,0.4903748631477356,0.48144328594207764,12,0.8333333333333334,0.375
ATL,2024,14,-0.00047923639067448676,0.06742369383573532,0.4953617751598358,0.48476189374923706,13,0.8461538461538461,0.3872832369942196
ATL,2024,15,-0.013832353986799717,0.041418373584747314,0.4848746657371521,0.47749337553977966,14,0.7857142857142857,0.3829787234042553
ATL,2024,16,-0.008701241575181484,0.01659759320318699,0.4874696731567383,0.4772914946079254,15,0.8,0.39705882352941174
ATL,2024,17,-0.002097551943734288,0.025339795276522636,0.4920273423194885,0.4797864258289337,16,0.8125,0.391705069124424
ATL,2024,18,0.011400168761610985,0.043904539197683334,0.5021246671676636,0.48424068093299866,17,0.8235294117647058,0.4069264069264069
PIT,2024,1,-0.04055573046207428,-0.24301089346408844,0.4285714328289032,0.47826087474823,1,0.0,0.42105263157894735
PIT,2024,2,-0.0251906868070364,-0.17851880192756653,0.40361446142196655,0.46206897497177124,2,0.5,0.3783783783783784
PIT,2024,3,-0.0009566067601554096,-0.1594526618719101,0.43319839239120483,0.4492753744125366,3,0.6666666666666666,0.4423076923076923
PIT,2024,4,-0.005451806355267763,-0.10694606602191925,0.45481929183006287,0.4517241418361664,4,0.75,0.45454545454545453
PIT,2024,5,0.0014801957877352834,-0.0574476458132267,0.46454766392707825,0.4621409773826599,5,0.8,0.4177215189873418
PIT,2024,6,0.015387427061796188,-0.09294063597917557,0.461382120847702,0.4630434811115265,6,0.8333333333333334,0.4105263157894737
PIT,2024,7,0.03885573148727417,-0.0967310443520546,0.4600694477558136,0.45981308817863464,7,0.8571428571428571,0.4036697247706422
PIT,2024,8,0.040436506271362305,-0.08656897395849228,0.46515151858329773,0.45614033937454224,8,0.75,0.4032258064516129
PIT,2024,9,0.040436506271362305,-0.08656897395849228,0.46515151858329773,0.45614033937454224,8,0.75,0.4032258064516129
PIT,2024,10,0.04252263903617859,-0.07338695228099823,0.45767197012901306,0.4661017060279846,9,0.7777777777777778,0.40714285714285714
PIT,2024,11,0.02598235383629799,-0.0826064869761467,0.4525205194950104,0.46124523878097534,10,0.7,0.3860759493670886
PIT,2024,12,0.018834402784705162,-0.07954127341508865,0.4482390582561493,0.4610917568206787,11,0.7272727272727273,0.38857142857142857
PIT,2024,13,0.034042831510305405,-0.06474513560533524,0.46251216530799866,0.4713982939720154,12,0.75,0.3945945945945946
PIT,2024,14,0.029461078345775604,-0.07508892565965652,0.4602888226509094,0.46621620655059814,13,0.7692307692307693,0.39603960396039606
PIT,2024,15,0.023742951452732086,-0.059428296983242035,0.46054887771606445,0.467256635427475,14,0.7857142857142857,0.3915094339622642
PIT,2024,16,0.017080197110772133,-0.04494161158800125,0.46141478419303894,0.4730737507343292,15,0.8,0.3901345291479821
PIT,2024,17,0.006951117888092995,-0.03092980943620205,0.46107783913612366,0.4746687412261963,16,0.8125,0.39748953974895396
PIT,2024,18,0.006432310212403536,-0.025132212787866592,0.4596317410469055,0.4781341254711151,17,0.8235294117647058,0.39763779527559057
TEN,2024,1,-0.27828294038772583,-0.20120009779930115,0.39759036898612976,0.41333332657814026,1,1.0,0.26666666666666666
TEN,2024,2,-0.1742924451828003,-0.0582914799451828,0.42944785952568054,0.43624159693717957,2,1.0,0.3448275862068966
TEN,2024,3,-0.19583483040332794,-0.015758642926812172,0.4502164423465729,0.426086962223053,3,1.0,0.3333333333333333
TEN,2024,4,-0.13130885362625122,-0.07798944413661957,0.44164037704467773,0.4098360538482666,4,1.0,0.3148148148148148
TEN,2024,5,-0.13130885362625122,-0.07798944413661957,0.44164037704467773,0.4098360538482666,4,1.0,0.3148148148148148
TEN,2024,6,-0.1116330474615097,-0.056052349507808685,0.4351145029067993,0.41388174891471863,5,1.0,0.3235294117647059
TEN,2024,7,-0.11872800439596176,-0.02145962230861187,0.43388429284095764,0.426086962223053,6,1.0,0.3372093023255814
TEN,2024,8,-0.1525408774614334,0.0034122103825211525,0.43448275327682495,0.44465649127960205,7,1.0,0.32989690721649484
TEN,2024,9,-0.13886858522891998,-0.009146580472588539,0.431547611951828,0.4475409984588623,8,1.0,0.34513274336283184
TEN,2024,10,-0.12105952948331833,0.012209531851112843,0.4383378028869629,0.45601174235343933,9,1.0,0.3387096774193548
TEN,2024,11,-0.1232786625623703,0.01390150561928749,0.4292683005332947,0.4551365375518799,10,0.9,0.34285714285714286
TEN,2024,12,-0.11179020255804062,0.0035520647652447224,0.4323432445526123,0.45035460591316223,11,0.9090909090909091,0.3419354838709677
TEN,2024,13,-0.11288786679506302,0.019145626574754715,0.42711520195007324,0.4640592038631439,12,0.9166666666666666,0.34911242603550297
TEN,2024,14,-0.11170629411935806,0.01600886508822441,0.42559242248535156,0.4616895914077759,13,0.8461538461538461,0.3621621621621622
TEN,2024,15,-0.10584838688373566,0.023267429322004318,0.4350877106189728,0.46299639344215393,14,0.8571428571428571,0.3756345177664975
TEN,2024,16,-0.09612506628036499,0.03118591569364071,0.43960559368133545,0.4668346047401428,15,0.8666666666666667,0.3798076923076923
TEN,2024,17,-0.08897066861391068,0.03688428923487663,0.4430769085884094,0.46830427646636963,16,0.875,0.38839285714285715
TEN,2024,18,-0.08962231129407883,0.03776108846068382,0.4408133625984192,0.4708520174026489,17,0.8235294117647058,0.38493723849372385
CHI,2024,1,-0.20120009779930115,-0.27828294038772583,0.41333332657814026,0.39759036898612976,1,0.0,0.13333333333333333
CHI,2024,2,-0.1622936874628067,-0.17046292126178741,0.4060606062412262,0.39393940567970276,2,0.5,0.2777777777777778
CHI,2024,3,-0.14752328395843506,-0.15631568431854248,0.40148699283599854,0.39662447571754456,3,0.6666666666666666,0.3333333333333333
CHI,2024,4,-0.10153242200613022,-0.10785491019487381,0.42939481139183044,0.42811501026153564,4,0.75,0.34285714285714286
CHI,2024,5,-0.052638787776231766,-0.12482880800962448,0.4334862530231476,0.4267352223396301,5,0.8,0.35365853658536583
CHI,2024,6,-0.003082919865846634,-0.10192515701055527,0.4504854381084442,0.4282655119895935,6,0.8333333333333334,0.3711340206185567
CHI,2024,7,-0.003082919865846634,-0.10192515701055527,0.4504854381084442,0.4282655119895935,6,0.8333333333333334,0.3711340206185567
CHI,2024,8,-0.013620044104754925,-0.08622744679450989,0.44798657298088074,0.4265232980251312,7,0.8571428571428571,0.3392857142857143
CHI,2024,9,-0.03550940006971359,-0.07129988074302673,0.4308588206768036,0.4358161687850952,8,0.75,0.328125
CHI,2024,10,-0.06278432160615921,-0.06745276600122452,0.4224250316619873,0.4414668679237366,9,0.6666666666666666,0.3055555555555556
CHI,2024,11,-0.042983319610357285,-0.04331975057721138,0.42957746982574463,0.4483660161495209,10,0.7,0.33125
CHI,2024,12,-0.034202177077531815,-0.0243073720484972,0.4350580871105194,0.45369285345077515,11,0.7272727272727273,0.33146067415730335
CHI,2024,13,-0.030508659780025482,-0.01692906953394413,0.4352482855319977,0.45784419775009155,12,0.75,0.3402061855670103
CHI,2024,14,-0.03286020830273628,0.007661375682801008,0.43784278631210327,0.4615384638309479,13,0.7692307692307693,0.3431372549019608
CHI,2024,15,-0.042847029864788055,0.010986819863319397,0.43681085109710693,0.4670874774456024,14,0.7857142857142857,0.3256880733944954
CHI,2024,16,-0.04024403914809227,0.029275836423039436,0.4389857351779938,0.47478991746902466,15,0.8,0.3173913043478261
CHI,2024,17,-0.0463610403239727,0.02238144353032112,0.43637725710868835,0.4736842215061188,16,0.75,0.3170731707317073
CHI,2024,18,-0.05115121975541115,0.011145162396132946,0.43401551246643066,0.4722222089767456,17,0.7647058823529411,0.32567049808429116
TB,2024,1,0.27295204997062683,0.051665157079696655,0.5555555820465088,0.5,1,1.0,0.6470588235294118
TB,2024,2,0.1453392058610916,-0.02491278573870659,0.5138888955116272,0.4712643623352051,2,1.0,0.48148148148148145
TB,2024,3,0.010154260322451591,0.01135802362114191,0.5046728849411011,0.501960813999176,3,1.0,0.42105263157894735
TB,2024,4,0.06472527235746384,0.0013163585681468248,0.5064935088157654,0.4984709620475769,4,1.0,0.4528301886792453
TB,2024,5,0.08924392610788345,0.036121051758527756,0.5146666765213013,0.5,5,1.0,0.46875
TB,2024,6,0.08565574139356613,-0.014486374333500862,0.5190678238868713,0.49242424964904785,6,1.0,0.4864864864864865
TB,2024,7,0.08615017682313919,0.024242479354143143,0.5201401114463806,0.49668875336647034,7,1.0,0.5
TB,2024,8,0.07989725470542908,0.03926724195480347,0.518126904964447,0.5058823823928833,8,1.0,0.5185185185185185
TB,2024,9,0.08514468371868134,0.05233671888709068,0.5108991861343384,0.5102564096450806,9,1.0,0.5081967213114754
TB,2024,10,0.08265496045351028,0.059800490736961365,0.5098522305488586,0.5162790417671204,10,1.0,0.4927536231884058
TB,2024,11,0.08265496045351028,0.059800490736961365,0.5098522305488586,0.5162790417671204,10,1.0,0.4927536231884058
TB,2024,12,0.0936736911535263,0.04128066450357437,0.5090090036392212,0.5096566677093506,11,1.0,0.5
TB,2024,13,0.08110573887825012,0.031099116429686546,0.5080645084381104,0.5093045830726624,12,1.0,0.47305389221556887
TB,2024,14,0.07973358035087585,0.01952611282467842,0.5060804486274719,0.5045454502105713,13,1.0,0.4692737430167598
TB,2024,15,0.08828642964363098,0.005126276519149542,0.5112651586532593,0.5017094016075134,14,1.0,0.47692307692307695
TB,2024,16,0.08396591246128082,0.008275184780359268,0.5153225660324097,0.4968000054359436,15,1.0,0.4782608695652174
TB,2024,17,0.10007039457559586,0.0012175111332908273,0.5214124917984009,0.49582383036613464,16,1.0,0.49099099099099097
TB,2024,18,0.10201838612556458,0.004305688198655844,0.5190678238868713,0.49642857909202576,17,1.0,0.497907949790795
WAS,2024,1,0.051665157079696655,0.27295204997062683,0.5,0.5555555820465088,1,1.0,0.3
WAS,2024,2,0.09599921107292175,0.18939098715782166,0.48466256260871887,0.5100671052932739,2,0.5,0.42857142857142855
WAS,2024,3,0.19992408156394958,0.2271645963191986,0.5210084319114685,0.5353982448577881,3,0.6666666666666666,0.4594594594594595
WAS,2024,4,0.24529321491718292,0.15766315162181854,0.54347825050354,0.5302013158798218,4,0.75,0.5306122448979592
WAS,2024,5,0.20527799427509308,0.07970312237739563,0.5123762488365173,0.4947916567325592,5,0.8,0.5074626865671642
WAS,2024,6,0.19531139731407166,0.09843224287033081,0.5124481320381165,0.5032119750976562,6,0.8333333333333334,0.475
WAS,2024,7,0.1990436464548111,0.0506296344101429,0.5229681730270386,0.49716445803642273,7,0.8571428571428571,0.4731182795698925
WAS,2024,8,0.17068925499916077,0.03320200741291046,0.5083714127540588,0.48852458596229553,8,0.75,0.44954128440366975
WAS,2024,9,0.17571382224559784,0.04365156590938568,0.5170998573303223,0.4883720874786377,9,0.7777777777777778,0.4462809917355372
WAS,2024,10,0.16104385256767273,0.04526950791478157,0.5197044610977173,0.4783163368701935,10,0.8,0.43703703703703706
WAS,2024,11,0.14430464804172516,0.0473475456237793,0.5179372429847717,0.47646382451057434,11,0.8181818181818182,0.42567567567567566
WAS,2024,12,0.12503628432750702,0.04560386389493942,0.5101832747459412,0.47658687829971313,12,0.8333333333333334,0.41875
WAS,2024,13,0.1274421066045761,0.033591095358133316,0.5166358351707458,0.46853822469711304,13,0.8461538461538461,0.4438202247191011
WAS,2024,14,0.1274421066045761,0.033591095358133316,0.5166358351707458,0.46853822469711304,13,0.8461538461538461,0.4438202247191011
WAS,2024,15,0.11997721344232559,0.03079827129840851,0.5161564350128174,0.46503180265426636,14,0.8571428571428571,0.4489795918367347
WAS,2024,16,0.11617052555084229,0.03678848594427109,0.5142857432365417,0.4639866054058075,15,0.8666666666666667,0.45454545454545453
WAS,2024,17,0.11727621406316757,0.04075857251882553,0.5139706134796143,0.4701726734638214,16,0.875,0.45535714285714285
WAS,2024,18,0.11652286350727081,0.04087971895933151,0.5143056511878967,0.46797671914100647,17,0.8823529411764706,0.45569620253164556
